ts_utc,ts_pe,start_utc,start_pe,liga,market_id,event_id,event_name,selection,selection_id,selection_name,best_back_odds,best_back_amt,best_lay_odds,best_lay_amt,spread,sum_back_top3,sum_lay_top3,blpr,tv_runner,tv_market,overround,underround,locked
2026-01-21T06:18:08Z,2026-01-21T01:18:08-05:00,2026-02-13 19:45 UTC,,FA Cup,1.253002340,35172757,Hull v Chelsea,AWAY,55190,SEL_55190,1.09,4.13,1000.0,0.07,998.91,3531.5899999999997,0.07,50451.2857142857,,0.0,275.1,0.3,False
2026-01-21T06:18:08Z,2026-01-21T01:18:08-05:00,2026-02-13 19:45 UTC,,FA Cup,1.253002340,35172757,Hull v Chelsea,HOME,70385,SEL_70385,1.09,4.13,1000.0,0.07,998.91,3531.5899999999997,0.07,50451.2857142857,,0.0,275.1,0.3,False
2026-01-21T06:18:08Z,2026-01-21T01:18:08-05:00,2026-02-13 19:45 UTC,,FA Cup,1.253002340,35172757,Hull v Chelsea,DRAW,58805,SEL_58805,1.09,4.13,1000.0,0.07,998.91,5.31,0.07,75.85714285714285,,0.0,275.1,0.3,False
2026-01-21T06:18:08Z,2026-01-21T01:18:08-05:00,2026-02-13 19:45 UTC,,FA Cup,1.253002218,35172758,Wrexham v Ipswich,HOME,63604,SEL_63604,1.09,4.13,1000.0,0.07,998.91,2355.77,0.07,33653.85714285714,,0.0,275.1,0.3,False
2026-01-21T06:18:08Z,2026-01-21T01:18:08-05:00,2026-02-13 19:45 UTC,,FA Cup,1.253002218,35172758,Wrexham v Ipswich,DRAW,58805,SEL_58805,1.09,4.13,1000.0,0.07,998.91,5.31,0.07,75.85714285714285,,0.0,275.1,0.3,False
2026-01-21T06:18:08Z,2026-01-21T01:18:08-05:00,2026-02-13 19:45 UTC,,FA Cup,1.253002218,35172758,Wrexham v Ipswich,AWAY,48324,SEL_48324,1.09,4.13,1000.0,0.07,998.91,2355.77,0.07,33653.85714285714,,0.0,275.1,0.3,False
2026-01-21T06:18:08Z,2026-01-21T01:18:08-05:00,2026-02-14 12:15 UTC,,FA Cup,1.253002461,35172777,Burton Albion v West Ham,DRAW,58805,SEL_58805,1.09,4.13,1000.0,0.07,998.91,5.31,0.07,75.85714285714285,,0.0,275.1,0.3,False
2026-01-21T06:18:08Z,2026-01-21T01:18:08-05:00,2026-02-14 12:15 UTC,,FA Cup,1.253002461,35172777,Burton Albion v West Ham,AWAY,48756,SEL_48756,1.09,4.13,1000.0,0.07,998.91,2355.77,0.07,33653.85714285714,,0.0,275.1,0.3,False
2026-01-21T06:18:08Z,2026-01-21T01:18:08-05:00,2026-02-14 12:15 UTC,,FA Cup,1.253002461,35172777,Burton Albion v West Ham,HOME,28592,SEL_28592,1.09,4.13,1000.0,0.07,998.91,2355.77,0.07,33653.85714285714,,0.0,275.1,0.3,False
2026-01-21T06:18:08Z,2026-01-21T01:18:08-05:00,2026-02-14 15:00 UTC,,FA Cup,1.253002597,35172774,Burnley v Mansfield,DRAW,58805,SEL_58805,1.09,4.13,1000.0,0.07,998.91,5.31,0.07,75.85714285714285,,0.0,275.1,0.3,False
2026-01-21T06:18:08Z,2026-01-21T01:18:08-05:00,2026-02-14 15:00 UTC,,FA Cup,1.253002597,35172774,Burnley v Mansfield,HOME,56299,SEL_56299,1.09,4.13,1000.0,0.07,998.91,414.72,0.07,5924.571428571428,,0.0,275.1,0.3,False
2026-01-21T06:18:08Z,2026-01-21T01:18:08-05:00,2026-02-14 15:00 UTC,,FA Cup,1.253002597,35172774,Burnley v Mansfield,AWAY,69716,SEL_69716,1.09,4.13,1000.0,0.07,998.91,414.72,0.07,5924.571428571428,,0.0,275.1,0.3,False
2026-01-21T06:18:08Z,2026-01-21T01:18:08-05:00,2026-02-14 15:00 UTC,,FA Cup,1.253002724,35172762,Norwich v West Brom,HOME,47998,SEL_47998,1.09,4.13,1000.0,0.07,998.91,414.57,0.07,5922.428571428571,,0.0,275.1,0.3,False
2026-01-21T06:18:08Z,2026-01-21T01:18:08-05:00,2026-02-14 15:00 UTC,,FA Cup,1.253002724,35172762,Norwich v West Brom,DRAW,58805,SEL_58805,1.09,4.13,1000.0,0.07,998.91,5.31,0.07,75.85714285714285,,0.0,275.1,0.3,False
2026-01-21T06:18:08Z,2026-01-21T01:18:08-05:00,2026-02-14 15:00 UTC,,FA Cup,1.253002724,35172762,Norwich v West Brom,AWAY,1703,SEL_1703,1.09,4.13,1000.0,0.07,998.91,414.57,0.07,5922.428571428571,,0.0,275.1,0.3,False
2026-01-21T06:18:08Z,2026-01-21T01:18:08-05:00,2026-02-14 17:45 UTC,,FA Cup,1.253002845,35172780,Aston Villa v Newcastle,HOME,63908,SEL_63908,1.09,4.13,1000.0,0.07,998.91,4817.67,0.07,68823.85714285713,,0.0,275.1,0.3,False
2026-01-21T06:18:08Z,2026-01-21T01:18:08-05:00,2026-02-14 17:45 UTC,,FA Cup,1.253002845,35172780,Aston Villa v Newcastle,DRAW,58805,SEL_58805,1.09,4.13,1000.0,0.07,998.91,5.31,0.07,75.85714285714285,,0.0,275.1,0.3,False
2026-01-21T06:18:08Z,2026-01-21T01:18:08-05:00,2026-02-14 17:45 UTC,,FA Cup,1.253002845,35172780,Aston Villa v Newcastle,AWAY,25422,SEL_25422,1.09,4.13,1000.0,0.07,998.91,4817.67,0.07,68823.85714285713,,0.0,275.1,0.3,False
2026-01-21T06:18:08Z,2026-01-21T01:18:08-05:00,2026-02-14 20:00 UTC,,FA Cup,1.253002966,35172770,Liverpool v Brighton,AWAY,18567,SEL_18567,1.09,4.13,1000.0,0.07,998.91,3531.5899999999997,0.07,50451.2857142857,,0.0,275.1,0.3,False
2026-01-21T06:18:08Z,2026-01-21T01:18:08-05:00,2026-02-14 20:00 UTC,,FA Cup,1.253002966,35172770,Liverpool v Brighton,HOME,56323,SEL_56323,1.09,4.13,1000.0,0.07,998.91,3531.5899999999997,0.07,50451.2857142857,,0.0,275.1,0.3,False
2026-01-21T06:18:08Z,2026-01-21T01:18:08-05:00,2026-02-14 20:00 UTC,,FA Cup,1.253002966,35172770,Liverpool v Brighton,DRAW,58805,SEL_58805,1.09,4.13,1000.0,0.07,998.91,5.31,0.07,75.85714285714285,,0.0,275.1,0.3,False
2026-01-21T06:18:08Z,2026-01-21T01:18:08-05:00,2026-02-15 12:00 UTC,,FA Cup,1.253003130,35172769,Birmingham v Leeds,AWAY,48317,SEL_48317,1.09,4.13,1000.0,0.07,998.91,2355.77,0.07,33653.85714285714,,0.0,275.1,0.3,False
2026-01-21T06:18:08Z,2026-01-21T01:18:08-05:00,2026-02-15 12:00 UTC,,FA Cup,1.253003130,35172769,Birmingham v Leeds,DRAW,58805,SEL_58805,1.09,4.13,1000.0,0.07,998.91,5.31,0.07,75.85714285714285,,0.0,275.1,0.3,False
2026-01-21T06:18:08Z,2026-01-21T01:18:08-05:00,2026-02-15 12:00 UTC,,FA Cup,1.253003130,35172769,Birmingham v Leeds,HOME,48759,SEL_48759,1.09,4.13,1000.0,0.07,998.91,2355.77,0.07,33653.85714285714,,0.0,275.1,0.3,False
2026-01-21T06:18:08Z,2026-01-21T01:18:08-05:00,2026-02-15 13:30 UTC,,FA Cup,1.253003251,35172760,Grimsby v Wolves,AWAY,48044,SEL_48044,1.09,4.13,1000.0,0.07,998.91,414.57,0.07,5922.428571428571,,0.0,275.1,0.3,False
2026-01-21T06:18:08Z,2026-01-21T01:18:08-05:00,2026-02-15 13:30 UTC,,FA Cup,1.253003251,35172760,Grimsby v Wolves,HOME,48001,SEL_48001,1.09,4.13,1000.0,0.07,998.91,414.57,0.07,5922.428571428571,,0.0,275.1,0.3,False
2026-01-21T06:18:08Z,2026-01-21T01:18:08-05:00,2026-02-15 13:30 UTC,,FA Cup,1.253003251,35172760,Grimsby v Wolves,DRAW,58805,SEL_58805,1.09,4.13,1000.0,0.07,998.91,5.31,0.07,75.85714285714285,,0.0,275.1,0.3,False
2026-01-21T06:18:08Z,2026-01-21T01:18:08-05:00,2026-02-15 14:00 UTC,,FA Cup,1.253003372,35172773,Oxford Utd v Sunderland,DRAW,58805,SEL_58805,1.09,4.13,1000.0,0.07,998.91,5.31,0.07,75.85714285714285,,0.0,275.1,0.3,False
2026-01-21T06:18:08Z,2026-01-21T01:18:08-05:00,2026-02-15 14:00 UTC,,FA Cup,1.253003372,35172773,Oxford Utd v Sunderland,AWAY,62783,SEL_62783,1.09,4.13,1000.0,0.07,998.91,414.72,0.07,5924.571428571428,,0.0,275.1,0.3,False
2026-01-21T06:18:08Z,2026-01-21T01:18:08-05:00,2026-02-15 14:00 UTC,,FA Cup,1.253003372,35172773,Oxford Utd v Sunderland,HOME,256171,SEL_256171,1.09,4.13,1000.0,0.07,998.91,414.72,0.07,5924.571428571428,,0.0,275.1,0.3,False
2026-01-21T06:18:08Z,2026-01-21T01:18:08-05:00,2026-02-15 14:00 UTC,,FA Cup,1.253003493,35172767,Stoke v Fulham,DRAW,58805,SEL_58805,1.09,4.13,1000.0,0.07,998.91,5.31,0.07,75.85714285714285,,0.0,275.1,0.3,False
2026-01-21T06:18:08Z,2026-01-21T01:18:08-05:00,2026-02-15 14:00 UTC,,FA Cup,1.253003493,35172767,Stoke v Fulham,HOME,69720,SEL_69720,1.09,4.13,1000.0,0.07,998.91,414.57,0.07,5922.428571428571,,0.0,275.1,0.3,False
2026-01-21T06:18:08Z,2026-01-21T01:18:08-05:00,2026-02-15 14:00 UTC,,FA Cup,1.253003493,35172767,Stoke v Fulham,AWAY,56764,SEL_56764,1.09,4.13,1000.0,0.07,998.91,414.57,0.07,5922.428571428571,,0.0,275.1,0.3,False
2026-01-21T06:18:08Z,2026-01-21T01:18:08-05:00,2026-02-15 16:30 UTC,,FA Cup,1.253003614,35172745,Arsenal v Wigan,DRAW,58805,SEL_58805,1.09,4.13,1000.0,0.07,998.91,5.31,0.07,75.85714285714285,,0.0,275.1,0.3,False
2026-01-21T06:18:08Z,2026-01-21T01:18:08-05:00,2026-02-15 16:30 UTC,,FA Cup,1.253003614,35172745,Arsenal v Wigan,HOME,1096,SEL_1096,1.09,4.13,1000.0,0.07,998.91,2355.77,0.07,33653.85714285714,,0.0,275.1,0.3,False
2026-01-21T06:18:08Z,2026-01-21T01:18:08-05:00,2026-02-15 16:30 UTC,,FA Cup,1.253003614,35172745,Arsenal v Wigan,AWAY,69746,SEL_69746,1.09,4.13,1000.0,0.07,998.91,2355.77,0.07,33653.85714285714,,0.0,275.1,0.3,False
2026-01-21T06:18:08Z,2026-01-21T01:18:08-05:00,2026-02-16 19:30 UTC,,FA Cup,1.253003735,35172764,Macclesfield v Brentford,AWAY,78864,SEL_78864,1.09,4.13,1000.0,0.07,998.91,2355.77,0.07,33653.85714285714,,0.0,275.1,0.3,False
2026-01-21T06:18:08Z,2026-01-21T01:18:08-05:00,2026-02-16 19:30 UTC,,FA Cup,1.253003735,35172764,Macclesfield v Brentford,DRAW,58805,SEL_58805,1.09,4.13,1000.0,0.07,998.91,5.31,0.07,75.85714285714285,,0.0,275.1,0.3,False
2026-01-21T06:18:08Z,2026-01-21T01:18:08-05:00,2026-02-16 19:30 UTC,,FA Cup,1.253003735,35172764,Macclesfield v Brentford,HOME,69817,SEL_69817,1.09,4.13,1000.0,0.07,998.91,2355.77,0.07,33653.85714285714,,0.0,275.1,0.3,False
2026-01-21T06:26:15Z,2026-01-21T01:26:15-05:00,2026-02-13 19:45 UTC,,FA Cup,1.253002340,35172757,Hull v Chelsea,AWAY,55190,SEL_55190,1.09,4.13,1000.0,0.07,998.91,3531.5899999999997,0.07,50451.2857142857,,0.0,275.1,0.3,False
2026-01-21T06:26:15Z,2026-01-21T01:26:15-05:00,2026-02-13 19:45 UTC,,FA Cup,1.253002340,35172757,Hull v Chelsea,HOME,70385,SEL_70385,1.09,4.13,1000.0,0.07,998.91,3531.5899999999997,0.07,50451.2857142857,,0.0,275.1,0.3,False
2026-01-21T06:26:15Z,2026-01-21T01:26:15-05:00,2026-02-13 19:45 UTC,,FA Cup,1.253002340,35172757,Hull v Chelsea,DRAW,58805,SEL_58805,1.09,4.13,1000.0,0.07,998.91,5.31,0.07,75.85714285714285,,0.0,275.1,0.3,False
2026-01-21T06:26:15Z,2026-01-21T01:26:15-05:00,2026-02-13 19:45 UTC,,FA Cup,1.253002218,35172758,Wrexham v Ipswich,HOME,63604,SEL_63604,1.09,4.13,1000.0,0.07,998.91,2355.77,0.07,33653.85714285714,,0.0,275.1,0.3,False
2026-01-21T06:26:15Z,2026-01-21T01:26:15-05:00,2026-02-13 19:45 UTC,,FA Cup,1.253002218,35172758,Wrexham v Ipswich,DRAW,58805,SEL_58805,1.09,4.13,1000.0,0.07,998.91,5.31,0.07,75.85714285714285,,0.0,275.1,0.3,False
2026-01-21T06:26:15Z,2026-01-21T01:26:15-05:00,2026-02-13 19:45 UTC,,FA Cup,1.253002218,35172758,Wrexham v Ipswich,AWAY,48324,SEL_48324,1.09,4.13,1000.0,0.07,998.91,2355.77,0.07,33653.85714285714,,0.0,275.1,0.3,False
2026-01-21T06:26:15Z,2026-01-21T01:26:15-05:00,2026-02-14 12:15 UTC,,FA Cup,1.253002461,35172777,Burton Albion v West Ham,DRAW,58805,SEL_58805,1.09,4.13,1000.0,0.07,998.91,5.31,0.07,75.85714285714285,,0.0,275.1,0.3,False
2026-01-21T06:26:15Z,2026-01-21T01:26:15-05:00,2026-02-14 12:15 UTC,,FA Cup,1.253002461,35172777,Burton Albion v West Ham,AWAY,48756,SEL_48756,1.09,4.13,1000.0,0.07,998.91,2355.77,0.07,33653.85714285714,,0.0,275.1,0.3,False
2026-01-21T06:26:15Z,2026-01-21T01:26:15-05:00,2026-02-14 12:15 UTC,,FA Cup,1.253002461,35172777,Burton Albion v West Ham,HOME,28592,SEL_28592,1.09,4.13,1000.0,0.07,998.91,2355.77,0.07,33653.85714285714,,0.0,275.1,0.3,False
2026-01-21T06:26:15Z,2026-01-21T01:26:15-05:00,2026-02-14 15:00 UTC,,FA Cup,1.253002597,35172774,Burnley v Mansfield,DRAW,58805,SEL_58805,1.09,4.13,1000.0,0.07,998.91,5.31,0.07,75.85714285714285,,0.0,275.1,0.3,False
2026-01-21T06:26:15Z,2026-01-21T01:26:15-05:00,2026-02-14 15:00 UTC,,FA Cup,1.253002597,35172774,Burnley v Mansfield,HOME,56299,SEL_56299,1.09,4.13,1000.0,0.07,998.91,414.72,0.07,5924.571428571428,,0.0,275.1,0.3,False
2026-01-21T06:26:15Z,2026-01-21T01:26:15-05:00,2026-02-14 15:00 UTC,,FA Cup,1.253002597,35172774,Burnley v Mansfield,AWAY,69716,SEL_69716,1.09,4.13,1000.0,0.07,998.91,414.72,0.07,5924.571428571428,,0.0,275.1,0.3,False
2026-01-21T06:26:15Z,2026-01-21T01:26:15-05:00,2026-02-14 15:00 UTC,,FA Cup,1.253002724,35172762,Norwich v West Brom,HOME,47998,SEL_47998,1.09,4.13,1000.0,0.07,998.91,414.57,0.07,5922.428571428571,,0.0,275.1,0.3,False
2026-01-21T06:26:15Z,2026-01-21T01:26:15-05:00,2026-02-14 15:00 UTC,,FA Cup,1.253002724,35172762,Norwich v West Brom,DRAW,58805,SEL_58805,1.09,4.13,1000.0,0.07,998.91,5.31,0.07,75.85714285714285,,0.0,275.1,0.3,False
2026-01-21T06:26:15Z,2026-01-21T01:26:15-05:00,2026-02-14 15:00 UTC,,FA Cup,1.253002724,35172762,Norwich v West Brom,AWAY,1703,SEL_1703,1.09,4.13,1000.0,0.07,998.91,414.57,0.07,5922.428571428571,,0.0,275.1,0.3,False
2026-01-21T06:26:15Z,2026-01-21T01:26:15-05:00,2026-02-14 17:45 UTC,,FA Cup,1.253002845,35172780,Aston Villa v Newcastle,HOME,63908,SEL_63908,1.09,4.13,1000.0,0.07,998.91,4817.67,0.07,68823.85714285713,,0.0,275.1,0.3,False
2026-01-21T06:26:15Z,2026-01-21T01:26:15-05:00,2026-02-14 17:45 UTC,,FA Cup,1.253002845,35172780,Aston Villa v Newcastle,DRAW,58805,SEL_58805,1.09,4.13,1000.0,0.07,998.91,5.31,0.07,75.85714285714285,,0.0,275.1,0.3,False
2026-01-21T06:26:15Z,2026-01-21T01:26:15-05:00,2026-02-14 17:45 UTC,,FA Cup,1.253002845,35172780,Aston Villa v Newcastle,AWAY,25422,SEL_25422,1.09,4.13,1000.0,0.07,998.91,4817.67,0.07,68823.85714285713,,0.0,275.1,0.3,False
2026-01-21T06:26:15Z,2026-01-21T01:26:15-05:00,2026-02-14 20:00 UTC,,FA Cup,1.253002966,35172770,Liverpool v Brighton,AWAY,18567,SEL_18567,1.09,4.13,1000.0,0.07,998.91,3531.5899999999997,0.07,50451.2857142857,,0.0,275.1,0.3,False
2026-01-21T06:26:15Z,2026-01-21T01:26:15-05:00,2026-02-14 20:00 UTC,,FA Cup,1.253002966,35172770,Liverpool v Brighton,HOME,56323,SEL_56323,1.09,4.13,1000.0,0.07,998.91,3531.5899999999997,0.07,50451.2857142857,,0.0,275.1,0.3,False
2026-01-21T06:26:15Z,2026-01-21T01:26:15-05:00,2026-02-14 20:00 UTC,,FA Cup,1.253002966,35172770,Liverpool v Brighton,DRAW,58805,SEL_58805,1.09,4.13,1000.0,0.07,998.91,5.31,0.07,75.85714285714285,,0.0,275.1,0.3,False
2026-01-21T06:26:15Z,2026-01-21T01:26:15-05:00,2026-02-15 12:00 UTC,,FA Cup,1.253003130,35172769,Birmingham v Leeds,AWAY,48317,SEL_48317,1.09,4.13,1000.0,0.07,998.91,2355.77,0.07,33653.85714285714,,0.0,275.1,0.3,False
2026-01-21T06:26:15Z,2026-01-21T01:26:15-05:00,2026-02-15 12:00 UTC,,FA Cup,1.253003130,35172769,Birmingham v Leeds,DRAW,58805,SEL_58805,1.09,4.13,1000.0,0.07,998.91,5.31,0.07,75.85714285714285,,0.0,275.1,0.3,False
2026-01-21T06:26:15Z,2026-01-21T01:26:15-05:00,2026-02-15 12:00 UTC,,FA Cup,1.253003130,35172769,Birmingham v Leeds,HOME,48759,SEL_48759,1.09,4.13,1000.0,0.07,998.91,2355.77,0.07,33653.85714285714,,0.0,275.1,0.3,False
2026-01-21T06:26:15Z,2026-01-21T01:26:15-05:00,2026-02-15 13:30 UTC,,FA Cup,1.253003251,35172760,Grimsby v Wolves,AWAY,48044,SEL_48044,1.09,4.13,1000.0,0.07,998.91,414.57,0.07,5922.428571428571,,0.0,275.1,0.3,False
2026-01-21T06:26:15Z,2026-01-21T01:26:15-05:00,2026-02-15 13:30 UTC,,FA Cup,1.253003251,35172760,Grimsby v Wolves,HOME,48001,SEL_48001,1.09,4.13,1000.0,0.07,998.91,414.57,0.07,5922.428571428571,,0.0,275.1,0.3,False
2026-01-21T06:26:15Z,2026-01-21T01:26:15-05:00,2026-02-15 13:30 UTC,,FA Cup,1.253003251,35172760,Grimsby v Wolves,DRAW,58805,SEL_58805,1.09,4.13,1000.0,0.07,998.91,5.31,0.07,75.85714285714285,,0.0,275.1,0.3,False
2026-01-21T06:26:15Z,2026-01-21T01:26:15-05:00,2026-02-15 14:00 UTC,,FA Cup,1.253003372,35172773,Oxford Utd v Sunderland,DRAW,58805,SEL_58805,1.09,4.13,1000.0,0.07,998.91,5.31,0.07,75.85714285714285,,0.0,275.1,0.3,False
2026-01-21T06:26:15Z,2026-01-21T01:26:15-05:00,2026-02-15 14:00 UTC,,FA Cup,1.253003372,35172773,Oxford Utd v Sunderland,AWAY,62783,SEL_62783,1.09,4.13,1000.0,0.07,998.91,414.72,0.07,5924.571428571428,,0.0,275.1,0.3,False
2026-01-21T06:26:15Z,2026-01-21T01:26:15-05:00,2026-02-15 14:00 UTC,,FA Cup,1.253003372,35172773,Oxford Utd v Sunderland,HOME,256171,SEL_256171,1.09,4.13,1000.0,0.07,998.91,414.72,0.07,5924.571428571428,,0.0,275.1,0.3,False
2026-01-21T06:26:15Z,2026-01-21T01:26:15-05:00,2026-02-15 14:00 UTC,,FA Cup,1.253003493,35172767,Stoke v Fulham,DRAW,58805,SEL_58805,1.09,4.13,1000.0,0.07,998.91,5.31,0.07,75.85714285714285,,0.0,275.1,0.3,False
2026-01-21T06:26:15Z,2026-01-21T01:26:15-05:00,2026-02-15 14:00 UTC,,FA Cup,1.253003493,35172767,Stoke v Fulham,HOME,69720,SEL_69720,1.09,4.13,1000.0,0.07,998.91,414.57,0.07,5922.428571428571,,0.0,275.1,0.3,False
2026-01-21T06:26:15Z,2026-01-21T01:26:15-05:00,2026-02-15 14:00 UTC,,FA Cup,1.253003493,35172767,Stoke v Fulham,AWAY,56764,SEL_56764,1.09,4.13,1000.0,0.07,998.91,414.57,0.07,5922.428571428571,,0.0,275.1,0.3,False
2026-01-21T06:26:15Z,2026-01-21T01:26:15-05:00,2026-02-15 16:30 UTC,,FA Cup,1.253003614,35172745,Arsenal v Wigan,DRAW,58805,SEL_58805,1.09,4.13,1000.0,0.07,998.91,5.31,0.07,75.85714285714285,,0.0,275.1,0.3,False
2026-01-21T06:26:15Z,2026-01-21T01:26:15-05:00,2026-02-15 16:30 UTC,,FA Cup,1.253003614,35172745,Arsenal v Wigan,HOME,1096,SEL_1096,1.09,4.13,1000.0,0.07,998.91,2355.77,0.07,33653.85714285714,,0.0,275.1,0.3,False
2026-01-21T06:26:15Z,2026-01-21T01:26:15-05:00,2026-02-15 16:30 UTC,,FA Cup,1.253003614,35172745,Arsenal v Wigan,AWAY,69746,SEL_69746,1.09,4.13,1000.0,0.07,998.91,2355.77,0.07,33653.85714285714,,0.0,275.1,0.3,False
2026-01-21T06:26:15Z,2026-01-21T01:26:15-05:00,2026-02-16 19:30 UTC,,FA Cup,1.253003735,35172764,Macclesfield v Brentford,AWAY,78864,SEL_78864,1.09,4.13,1000.0,0.07,998.91,2355.77,0.07,33653.85714285714,,0.0,275.1,0.3,False
2026-01-21T06:26:15Z,2026-01-21T01:26:15-05:00,2026-02-16 19:30 UTC,,FA Cup,1.253003735,35172764,Macclesfield v Brentford,DRAW,58805,SEL_58805,1.09,4.13,1000.0,0.07,998.91,5.31,0.07,75.85714285714285,,0.0,275.1,0.3,False
2026-01-21T06:26:15Z,2026-01-21T01:26:15-05:00,2026-02-16 19:30 UTC,,FA Cup,1.253003735,35172764,Macclesfield v Brentford,HOME,69817,SEL_69817,1.09,4.13,1000.0,0.07,998.91,2355.77,0.07,33653.85714285714,,0.0,275.1,0.3,False
2026-01-21T07:18:15Z,2026-01-21T02:18:15-05:00,2026-02-14 15:00 UTC,,FA Cup,1.253002597,35172774,Burnley v Mansfield,DRAW,58805,SEL_58805,1.09,4.13,1000.0,0.07,998.91,5.31,0.07,75.85714285714285,,0.0,275.1,0.3,False
2026-01-21T07:18:15Z,2026-01-21T02:18:15-05:00,2026-02-14 15:00 UTC,,FA Cup,1.253002597,35172774,Burnley v Mansfield,HOME,56299,SEL_56299,1.09,4.13,1000.0,0.07,998.91,414.72,0.07,5924.571428571428,,0.0,275.1,0.3,False
2026-01-21T07:18:15Z,2026-01-21T02:18:15-05:00,2026-02-14 15:00 UTC,,FA Cup,1.253002597,35172774,Burnley v Mansfield,AWAY,69716,SEL_69716,1.09,4.13,1000.0,0.07,998.91,414.72,0.07,5924.571428571428,,0.0,275.1,0.3,False
2026-01-21T07:18:15Z,2026-01-21T02:18:15-05:00,2026-02-14 12:15 UTC,,FA Cup,1.253002461,35172777,Burton Albion v West Ham,DRAW,58805,SEL_58805,1.09,4.13,1000.0,0.07,998.91,5.31,0.07,75.85714285714285,,0.0,275.1,0.3,False
2026-01-21T07:18:15Z,2026-01-21T02:18:15-05:00,2026-02-14 12:15 UTC,,FA Cup,1.253002461,35172777,Burton Albion v West Ham,AWAY,48756,SEL_48756,1.09,4.13,1000.0,0.07,998.91,2355.77,0.07,33653.85714285714,,0.0,275.1,0.3,False
2026-01-21T07:18:15Z,2026-01-21T02:18:15-05:00,2026-02-14 12:15 UTC,,FA Cup,1.253002461,35172777,Burton Albion v West Ham,HOME,28592,SEL_28592,1.09,4.13,1000.0,0.07,998.91,2355.77,0.07,33653.85714285714,,0.0,275.1,0.3,False
2026-01-21T07:18:15Z,2026-01-21T02:18:15-05:00,2026-02-14 17:45 UTC,,FA Cup,1.253002845,35172780,Aston Villa v Newcastle,HOME,63908,SEL_63908,1.09,4.13,1000.0,0.07,998.91,4817.67,0.07,68823.85714285713,,0.0,275.1,0.3,False
2026-01-21T07:18:15Z,2026-01-21T02:18:15-05:00,2026-02-14 17:45 UTC,,FA Cup,1.253002845,35172780,Aston Villa v Newcastle,DRAW,58805,SEL_58805,1.09,4.13,1000.0,0.07,998.91,5.31,0.07,75.85714285714285,,0.0,275.1,0.3,False
2026-01-21T07:18:15Z,2026-01-21T02:18:15-05:00,2026-02-14 17:45 UTC,,FA Cup,1.253002845,35172780,Aston Villa v Newcastle,AWAY,25422,SEL_25422,1.09,4.13,1000.0,0.07,998.91,4817.67,0.07,68823.85714285713,,0.0,275.1,0.3,False
2026-01-21T07:18:15Z,2026-01-21T02:18:15-05:00,2026-02-14 15:00 UTC,,FA Cup,1.253002724,35172762,Norwich v West Brom,HOME,47998,SEL_47998,1.09,4.13,1000.0,0.07,998.91,414.57,0.07,5922.428571428571,,0.0,275.1,0.3,False
2026-01-21T07:18:15Z,2026-01-21T02:18:15-05:00,2026-02-14 15:00 UTC,,FA Cup,1.253002724,35172762,Norwich v West Brom,DRAW,58805,SEL_58805,1.09,4.13,1000.0,0.07,998.91,5.31,0.07,75.85714285714285,,0.0,275.1,0.3,False
2026-01-21T07:18:15Z,2026-01-21T02:18:15-05:00,2026-02-14 15:00 UTC,,FA Cup,1.253002724,35172762,Norwich v West Brom,AWAY,1703,SEL_1703,1.09,4.13,1000.0,0.07,998.91,414.57,0.07,5922.428571428571,,0.0,275.1,0.3,False
2026-01-21T07:18:15Z,2026-01-21T02:18:15-05:00,2026-02-15 13:30 UTC,,FA Cup,1.253003251,35172760,Grimsby v Wolves,AWAY,48044,SEL_48044,1.09,4.13,1000.0,0.07,998.91,414.57,0.07,5922.428571428571,,0.0,275.1,0.3,False
2026-01-21T07:18:15Z,2026-01-21T02:18:15-05:00,2026-02-15 13:30 UTC,,FA Cup,1.253003251,35172760,Grimsby v Wolves,HOME,48001,SEL_48001,1.09,4.13,1000.0,0.07,998.91,414.57,0.07,5922.428571428571,,0.0,275.1,0.3,False
2026-01-21T07:18:15Z,2026-01-21T02:18:15-05:00,2026-02-15 13:30 UTC,,FA Cup,1.253003251,35172760,Grimsby v Wolves,DRAW,58805,SEL_58805,1.09,4.13,1000.0,0.07,998.91,5.31,0.07,75.85714285714285,,0.0,275.1,0.3,False
2026-01-21T07:18:16Z,2026-01-21T02:18:16-05:00,2026-02-13 19:45 UTC,,FA Cup,1.253002340,35172757,Hull v Chelsea,AWAY,55190,SEL_55190,1.09,4.13,1000.0,0.07,998.91,3531.5899999999997,0.07,50451.2857142857,,0.0,275.1,0.3,False
2026-01-21T07:18:16Z,2026-01-21T02:18:16-05:00,2026-02-13 19:45 UTC,,FA Cup,1.253002340,35172757,Hull v Chelsea,HOME,70385,SEL_70385,1.09,4.13,1000.0,0.07,998.91,3531.5899999999997,0.07,50451.2857142857,,0.0,275.1,0.3,False
2026-01-21T07:18:16Z,2026-01-21T02:18:16-05:00,2026-02-13 19:45 UTC,,FA Cup,1.253002340,35172757,Hull v Chelsea,DRAW,58805,SEL_58805,1.09,4.13,1000.0,0.07,998.91,5.31,0.07,75.85714285714285,,0.0,275.1,0.3,False
2026-01-21T07:18:16Z,2026-01-21T02:18:16-05:00,2026-02-15 12:00 UTC,,FA Cup,1.253003130,35172769,Birmingham v Leeds,AWAY,48317,SEL_48317,1.09,4.13,1000.0,0.07,998.91,2355.77,0.07,33653.85714285714,,0.0,275.1,0.3,False
2026-01-21T07:18:16Z,2026-01-21T02:18:16-05:00,2026-02-15 12:00 UTC,,FA Cup,1.253003130,35172769,Birmingham v Leeds,DRAW,58805,SEL_58805,1.09,4.13,1000.0,0.07,998.91,5.31,0.07,75.85714285714285,,0.0,275.1,0.3,False
2026-01-21T07:18:16Z,2026-01-21T02:18:16-05:00,2026-02-15 12:00 UTC,,FA Cup,1.253003130,35172769,Birmingham v Leeds,HOME,48759,SEL_48759,1.09,4.13,1000.0,0.07,998.91,2355.77,0.07,33653.85714285714,,0.0,275.1,0.3,False
2026-01-21T07:18:16Z,2026-01-21T02:18:16-05:00,2026-02-15 16:30 UTC,,FA Cup,1.253003614,35172745,Arsenal v Wigan,DRAW,58805,SEL_58805,1.09,4.13,1000.0,0.07,998.91,5.31,0.07,75.85714285714285,,0.0,275.1,0.3,False
2026-01-21T07:18:16Z,2026-01-21T02:18:16-05:00,2026-02-15 16:30 UTC,,FA Cup,1.253003614,35172745,Arsenal v Wigan,HOME,1096,SEL_1096,1.09,4.13,1000.0,0.07,998.91,2355.77,0.07,33653.85714285714,,0.0,275.1,0.3,False
2026-01-21T07:18:16Z,2026-01-21T02:18:16-05:00,2026-02-15 16:30 UTC,,FA Cup,1.253003614,35172745,Arsenal v Wigan,AWAY,69746,SEL_69746,1.09,4.13,1000.0,0.07,998.91,2355.77,0.07,33653.85714285714,,0.0,275.1,0.3,False
2026-01-21T07:18:16Z,2026-01-21T02:18:16-05:00,2026-02-15 14:00 UTC,,FA Cup,1.253003372,35172773,Oxford Utd v Sunderland,DRAW,58805,SEL_58805,1.09,4.13,1000.0,0.07,998.91,5.31,0.07,75.85714285714285,,0.0,275.1,0.3,False
2026-01-21T07:18:16Z,2026-01-21T02:18:16-05:00,2026-02-15 14:00 UTC,,FA Cup,1.253003372,35172773,Oxford Utd v Sunderland,AWAY,62783,SEL_62783,1.09,4.13,1000.0,0.07,998.91,414.72,0.07,5924.571428571428,,0.0,275.1,0.3,False
2026-01-21T07:18:16Z,2026-01-21T02:18:16-05:00,2026-02-15 14:00 UTC,,FA Cup,1.253003372,35172773,Oxford Utd v Sunderland,HOME,256171,SEL_256171,1.09,4.13,1000.0,0.07,998.91,414.72,0.07,5924.571428571428,,0.0,275.1,0.3,False
2026-01-21T07:18:16Z,2026-01-21T02:18:16-05:00,2026-02-14 20:00 UTC,,FA Cup,1.253002966,35172770,Liverpool v Brighton,AWAY,18567,SEL_18567,1.09,4.13,1000.0,0.07,998.91,3531.5899999999997,0.07,50451.2857142857,,0.0,275.1,0.3,False
2026-01-21T07:18:16Z,2026-01-21T02:18:16-05:00,2026-02-14 20:00 UTC,,FA Cup,1.253002966,35172770,Liverpool v Brighton,HOME,56323,SEL_56323,1.09,4.13,1000.0,0.07,998.91,3531.5899999999997,0.07,50451.2857142857,,0.0,275.1,0.3,False
2026-01-21T07:18:16Z,2026-01-21T02:18:16-05:00,2026-02-14 20:00 UTC,,FA Cup,1.253002966,35172770,Liverpool v Brighton,DRAW,58805,SEL_58805,1.09,4.13,1000.0,0.07,998.91,5.31,0.07,75.85714285714285,,0.0,275.1,0.3,False
2026-01-21T07:18:16Z,2026-01-21T02:18:16-05:00,2026-02-16 19:30 UTC,,FA Cup,1.253003735,35172764,Macclesfield v Brentford,AWAY,78864,SEL_78864,1.09,4.13,1000.0,0.07,998.91,2355.77,0.07,33653.85714285714,,0.0,275.1,0.3,False
2026-01-21T07:18:16Z,2026-01-21T02:18:16-05:00,2026-02-16 19:30 UTC,,FA Cup,1.253003735,35172764,Macclesfield v Brentford,DRAW,58805,SEL_58805,1.09,4.13,1000.0,0.07,998.91,5.31,0.07,75.85714285714285,,0.0,275.1,0.3,False
2026-01-21T07:18:16Z,2026-01-21T02:18:16-05:00,2026-02-16 19:30 UTC,,FA Cup,1.253003735,35172764,Macclesfield v Brentford,HOME,69817,SEL_69817,1.09,4.13,1000.0,0.07,998.91,2355.77,0.07,33653.85714285714,,0.0,275.1,0.3,False
2026-01-21T07:18:16Z,2026-01-21T02:18:16-05:00,2026-02-15 14:00 UTC,,FA Cup,1.253003493,35172767,Stoke v Fulham,DRAW,58805,SEL_58805,1.09,4.13,1000.0,0.07,998.91,5.31,0.07,75.85714285714285,,0.0,275.1,0.3,False
2026-01-21T07:18:16Z,2026-01-21T02:18:16-05:00,2026-02-15 14:00 UTC,,FA Cup,1.253003493,35172767,Stoke v Fulham,HOME,69720,SEL_69720,1.09,4.13,1000.0,0.07,998.91,414.57,0.07,5922.428571428571,,0.0,275.1,0.3,False
2026-01-21T07:18:16Z,2026-01-21T02:18:16-05:00,2026-02-15 14:00 UTC,,FA Cup,1.253003493,35172767,Stoke v Fulham,AWAY,56764,SEL_56764,1.09,4.13,1000.0,0.07,998.91,414.57,0.07,5922.428571428571,,0.0,275.1,0.3,False
2026-01-21T07:18:16Z,2026-01-21T02:18:16-05:00,2026-02-13 19:45 UTC,,FA Cup,1.253002218,35172758,Wrexham v Ipswich,HOME,63604,SEL_63604,1.09,4.13,1000.0,0.07,998.91,2355.77,0.07,33653.85714285714,,0.0,275.1,0.3,False
2026-01-21T07:18:16Z,2026-01-21T02:18:16-05:00,2026-02-13 19:45 UTC,,FA Cup,1.253002218,35172758,Wrexham v Ipswich,DRAW,58805,SEL_58805,1.09,4.13,1000.0,0.07,998.91,5.31,0.07,75.85714285714285,,0.0,275.1,0.3,False
2026-01-21T07:18:16Z,2026-01-21T02:18:16-05:00,2026-02-13 19:45 UTC,,FA Cup,1.253002218,35172758,Wrexham v Ipswich,AWAY,48324,SEL_48324,1.09,4.13,1000.0,0.07,998.91,2355.77,0.07,33653.85714285714,,0.0,275.1,0.3,False
2026-01-21T07:24:15Z,2026-01-21T02:24:15-05:00,2026-02-14 12:15 UTC,,FA Cup,1.253002461,35172777,Burton Albion v West Ham,DRAW,58805,SEL_58805,1.09,4.14,1000.0,1.09,998.91,100.86999999999999,1.09,92.5412844036697,,0.0,275.1,0.3,False
2026-01-21T07:24:15Z,2026-01-21T02:24:15-05:00,2026-02-14 12:15 UTC,,FA Cup,1.253002461,35172777,Burton Albion v West Ham,AWAY,48756,SEL_48756,1.09,4.14,1000.0,1.09,998.91,2355.7799999999997,1.09,2161.2660550458713,,0.0,275.1,0.3,False
2026-01-21T07:24:15Z,2026-01-21T02:24:15-05:00,2026-02-14 12:15 UTC,,FA Cup,1.253002461,35172777,Burton Albion v West Ham,HOME,28592,SEL_28592,1.09,4.14,1000.0,1.09,998.91,2355.7799999999997,1.09,2161.2660550458713,,0.0,275.1,0.3,False
2026-01-21T07:24:15Z,2026-01-21T02:24:15-05:00,2026-02-13 19:45 UTC,,FA Cup,1.253002340,35172757,Hull v Chelsea,AWAY,55190,SEL_55190,1.09,4.14,1000.0,1.09,998.91,3531.6,1.09,3239.9999999999995,,0.0,275.1,0.3,False
2026-01-21T07:24:15Z,2026-01-21T02:24:15-05:00,2026-02-13 19:45 UTC,,FA Cup,1.253002340,35172757,Hull v Chelsea,HOME,70385,SEL_70385,1.09,4.14,1000.0,1.09,998.91,3531.6,1.09,3239.9999999999995,,0.0,275.1,0.3,False
2026-01-21T07:24:15Z,2026-01-21T02:24:15-05:00,2026-02-13 19:45 UTC,,FA Cup,1.253002340,35172757,Hull v Chelsea,DRAW,58805,SEL_58805,1.09,4.14,1000.0,1.09,998.91,100.86999999999999,1.09,92.5412844036697,,0.0,275.1,0.3,False
2026-01-21T07:24:16Z,2026-01-21T02:24:16-05:00,2026-02-13 19:45 UTC,,FA Cup,1.253002218,35172758,Wrexham v Ipswich,HOME,63604,SEL_63604,1.09,4.14,1000.0,1.09,998.91,2355.7799999999997,1.09,2161.2660550458713,,0.0,275.1,0.3,False
2026-01-21T07:24:16Z,2026-01-21T02:24:16-05:00,2026-02-13 19:45 UTC,,FA Cup,1.253002218,35172758,Wrexham v Ipswich,DRAW,58805,SEL_58805,1.09,4.14,1000.0,1.09,998.91,100.86999999999999,1.09,92.5412844036697,,0.0,275.1,0.3,False
2026-01-21T07:24:16Z,2026-01-21T02:24:16-05:00,2026-02-13 19:45 UTC,,FA Cup,1.253002218,35172758,Wrexham v Ipswich,AWAY,48324,SEL_48324,1.09,4.14,1000.0,1.09,998.91,2355.7799999999997,1.09,2161.2660550458713,,0.0,275.1,0.3,False
2026-01-21T07:26:28Z,2026-01-21T02:26:28-05:00,2026-02-14 15:00 UTC,,FA Cup,1.253002597,35172774,Burnley v Mansfield,DRAW,58805,SEL_58805,1.09,4.14,1000.0,1.09,998.91,100.86999999999999,1.09,92.5412844036697,,0.0,275.1,0.3,False
2026-01-21T07:26:28Z,2026-01-21T02:26:28-05:00,2026-02-14 15:00 UTC,,FA Cup,1.253002597,35172774,Burnley v Mansfield,HOME,56299,SEL_56299,1.09,4.14,1000.0,1.09,998.91,414.8,1.09,380.55045871559633,,0.0,275.1,0.3,False
2026-01-21T07:26:28Z,2026-01-21T02:26:28-05:00,2026-02-14 15:00 UTC,,FA Cup,1.253002597,35172774,Burnley v Mansfield,AWAY,69716,SEL_69716,1.09,4.14,1000.0,1.09,998.91,414.8,1.09,380.55045871559633,,0.0,275.1,0.3,False
2026-01-21T07:26:28Z,2026-01-21T02:26:28-05:00,2026-02-14 12:15 UTC,,FA Cup,1.253002461,35172777,Burton Albion v West Ham,DRAW,58805,SEL_58805,1.09,4.14,1000.0,1.09,998.91,100.86999999999999,1.09,92.5412844036697,,0.0,275.1,0.3,False
2026-01-21T07:26:28Z,2026-01-21T02:26:28-05:00,2026-02-14 12:15 UTC,,FA Cup,1.253002461,35172777,Burton Albion v West Ham,AWAY,48756,SEL_48756,1.09,4.14,1000.0,1.09,998.91,2355.7799999999997,1.09,2161.2660550458713,,0.0,275.1,0.3,False
2026-01-21T07:26:28Z,2026-01-21T02:26:28-05:00,2026-02-14 12:15 UTC,,FA Cup,1.253002461,35172777,Burton Albion v West Ham,HOME,28592,SEL_28592,1.09,4.14,1000.0,1.09,998.91,2355.7799999999997,1.09,2161.2660550458713,,0.0,275.1,0.3,False
2026-01-21T07:26:29Z,2026-01-21T02:26:29-05:00,2026-02-14 15:00 UTC,,FA Cup,1.253002724,35172762,Norwich v West Brom,HOME,47998,SEL_47998,1.09,4.13,1000.0,0.07,998.91,414.57,0.07,5922.428571428571,,0.0,275.1,0.3,False
2026-01-21T07:26:29Z,2026-01-21T02:26:29-05:00,2026-02-14 15:00 UTC,,FA Cup,1.253002724,35172762,Norwich v West Brom,DRAW,58805,SEL_58805,1.09,4.13,1000.0,0.07,998.91,5.31,0.07,75.85714285714285,,0.0,275.1,0.3,False
2026-01-21T07:26:29Z,2026-01-21T02:26:29-05:00,2026-02-14 15:00 UTC,,FA Cup,1.253002724,35172762,Norwich v West Brom,AWAY,1703,SEL_1703,1.09,4.13,1000.0,0.07,998.91,414.57,0.07,5922.428571428571,,0.0,275.1,0.3,False
2026-01-21T07:26:29Z,2026-01-21T02:26:29-05:00,2026-02-14 17:45 UTC,,FA Cup,1.253002845,35172780,Aston Villa v Newcastle,HOME,63908,SEL_63908,1.09,4.13,1000.0,0.07,998.91,4817.67,0.07,68823.85714285713,,0.0,275.1,0.3,False
2026-01-21T07:26:29Z,2026-01-21T02:26:29-05:00,2026-02-14 17:45 UTC,,FA Cup,1.253002845,35172780,Aston Villa v Newcastle,DRAW,58805,SEL_58805,1.09,4.13,1000.0,0.07,998.91,5.31,0.07,75.85714285714285,,0.0,275.1,0.3,False
2026-01-21T07:26:29Z,2026-01-21T02:26:29-05:00,2026-02-14 17:45 UTC,,FA Cup,1.253002845,35172780,Aston Villa v Newcastle,AWAY,25422,SEL_25422,1.09,4.13,1000.0,0.07,998.91,4817.67,0.07,68823.85714285713,,0.0,275.1,0.3,False
2026-01-21T07:26:30Z,2026-01-21T02:26:30-05:00,2026-02-13 19:45 UTC,,FA Cup,1.253002340,35172757,Hull v Chelsea,AWAY,55190,SEL_55190,1.09,4.14,1000.0,1.09,998.91,3531.6,1.09,3239.9999999999995,,0.0,275.1,0.3,False
2026-01-21T07:26:30Z,2026-01-21T02:26:30-05:00,2026-02-13 19:45 UTC,,FA Cup,1.253002340,35172757,Hull v Chelsea,HOME,70385,SEL_70385,1.09,4.14,1000.0,1.09,998.91,3531.6,1.09,3239.9999999999995,,0.0,275.1,0.3,False
2026-01-21T07:26:30Z,2026-01-21T02:26:30-05:00,2026-02-13 19:45 UTC,,FA Cup,1.253002340,35172757,Hull v Chelsea,DRAW,58805,SEL_58805,1.09,4.14,1000.0,1.09,998.91,100.86999999999999,1.09,92.5412844036697,,0.0,275.1,0.3,False
2026-01-21T07:26:30Z,2026-01-21T02:26:30-05:00,2026-02-15 12:00 UTC,,FA Cup,1.253003130,35172769,Birmingham v Leeds,AWAY,48317,SEL_48317,1.09,4.13,1000.0,0.07,998.91,2355.77,0.07,33653.85714285714,,0.0,275.1,0.3,False
2026-01-21T07:26:30Z,2026-01-21T02:26:30-05:00,2026-02-15 12:00 UTC,,FA Cup,1.253003130,35172769,Birmingham v Leeds,DRAW,58805,SEL_58805,1.09,4.13,1000.0,0.07,998.91,5.31,0.07,75.85714285714285,,0.0,275.1,0.3,False
2026-01-21T07:26:30Z,2026-01-21T02:26:30-05:00,2026-02-15 12:00 UTC,,FA Cup,1.253003130,35172769,Birmingham v Leeds,HOME,48759,SEL_48759,1.09,4.13,1000.0,0.07,998.91,2355.77,0.07,33653.85714285714,,0.0,275.1,0.3,False
2026-01-21T07:26:30Z,2026-01-21T02:26:30-05:00,2026-02-15 13:30 UTC,,FA Cup,1.253003251,35172760,Grimsby v Wolves,AWAY,48044,SEL_48044,1.09,4.13,1000.0,0.07,998.91,414.57,0.07,5922.428571428571,,0.0,275.1,0.3,False
2026-01-21T07:26:30Z,2026-01-21T02:26:30-05:00,2026-02-15 13:30 UTC,,FA Cup,1.253003251,35172760,Grimsby v Wolves,HOME,48001,SEL_48001,1.09,4.13,1000.0,0.07,998.91,414.57,0.07,5922.428571428571,,0.0,275.1,0.3,False
2026-01-21T07:26:30Z,2026-01-21T02:26:30-05:00,2026-02-15 13:30 UTC,,FA Cup,1.253003251,35172760,Grimsby v Wolves,DRAW,58805,SEL_58805,1.09,4.13,1000.0,0.07,998.91,5.31,0.07,75.85714285714285,,0.0,275.1,0.3,False
2026-01-21T07:26:30Z,2026-01-21T02:26:30-05:00,2026-02-15 16:30 UTC,,FA Cup,1.253003614,35172745,Arsenal v Wigan,DRAW,58805,SEL_58805,1.09,4.13,1000.0,0.07,998.91,5.31,0.07,75.85714285714285,,0.0,275.1,0.3,False
2026-01-21T07:26:30Z,2026-01-21T02:26:30-05:00,2026-02-15 16:30 UTC,,FA Cup,1.253003614,35172745,Arsenal v Wigan,HOME,1096,SEL_1096,1.09,4.13,1000.0,0.07,998.91,2355.77,0.07,33653.85714285714,,0.0,275.1,0.3,False
2026-01-21T07:26:30Z,2026-01-21T02:26:30-05:00,2026-02-15 16:30 UTC,,FA Cup,1.253003614,35172745,Arsenal v Wigan,AWAY,69746,SEL_69746,1.09,4.13,1000.0,0.07,998.91,2355.77,0.07,33653.85714285714,,0.0,275.1,0.3,False
2026-01-21T07:26:32Z,2026-01-21T02:26:32-05:00,2026-02-13 19:45 UTC,,FA Cup,1.253002218,35172758,Wrexham v Ipswich,HOME,63604,SEL_63604,1.09,4.14,1000.0,1.09,998.91,2355.7799999999997,1.09,2161.2660550458713,,0.0,275.1,0.3,False
2026-01-21T07:26:32Z,2026-01-21T02:26:32-05:00,2026-02-13 19:45 UTC,,FA Cup,1.253002218,35172758,Wrexham v Ipswich,DRAW,58805,SEL_58805,1.09,4.14,1000.0,1.09,998.91,100.86999999999999,1.09,92.5412844036697,,0.0,275.1,0.3,False
2026-01-21T07:26:32Z,2026-01-21T02:26:32-05:00,2026-02-13 19:45 UTC,,FA Cup,1.253002218,35172758,Wrexham v Ipswich,AWAY,48324,SEL_48324,1.09,4.14,1000.0,1.09,998.91,2355.7799999999997,1.09,2161.2660550458713,,0.0,275.1,0.3,False
2026-01-21T07:26:32Z,2026-01-21T02:26:32-05:00,2026-02-15 14:00 UTC,,FA Cup,1.253003372,35172773,Oxford Utd v Sunderland,DRAW,58805,SEL_58805,1.09,4.13,1000.0,0.07,998.91,5.31,0.07,75.85714285714285,,0.0,275.1,0.3,False
2026-01-21T07:26:32Z,2026-01-21T02:26:32-05:00,2026-02-15 14:00 UTC,,FA Cup,1.253003372,35172773,Oxford Utd v Sunderland,AWAY,62783,SEL_62783,1.09,4.13,1000.0,0.07,998.91,414.57,0.07,5922.428571428571,,0.0,275.1,0.3,False
2026-01-21T07:26:32Z,2026-01-21T02:26:32-05:00,2026-02-15 14:00 UTC,,FA Cup,1.253003372,35172773,Oxford Utd v Sunderland,HOME,256171,SEL_256171,1.09,4.13,1000.0,0.07,998.91,414.57,0.07,5922.428571428571,,0.0,275.1,0.3,False
2026-01-21T07:26:32Z,2026-01-21T02:26:32-05:00,2026-02-15 14:00 UTC,,FA Cup,1.253003493,35172767,Stoke v Fulham,DRAW,58805,SEL_58805,1.09,4.13,1000.0,0.07,998.91,5.31,0.07,75.85714285714285,,0.0,275.1,0.3,False
2026-01-21T07:26:32Z,2026-01-21T02:26:32-05:00,2026-02-15 14:00 UTC,,FA Cup,1.253003493,35172767,Stoke v Fulham,HOME,69720,SEL_69720,1.09,4.13,1000.0,0.07,998.91,414.57,0.07,5922.428571428571,,0.0,275.1,0.3,False
2026-01-21T07:26:32Z,2026-01-21T02:26:32-05:00,2026-02-15 14:00 UTC,,FA Cup,1.253003493,35172767,Stoke v Fulham,AWAY,56764,SEL_56764,1.09,4.13,1000.0,0.07,998.91,414.57,0.07,5922.428571428571,,0.0,275.1,0.3,False
2026-01-21T07:26:32Z,2026-01-21T02:26:32-05:00,2026-02-16 19:30 UTC,,FA Cup,1.253003735,35172764,Macclesfield v Brentford,AWAY,78864,SEL_78864,1.09,4.13,1000.0,0.07,998.91,2355.77,0.07,33653.85714285714,,0.0,275.1,0.3,False
2026-01-21T07:26:32Z,2026-01-21T02:26:32-05:00,2026-02-16 19:30 UTC,,FA Cup,1.253003735,35172764,Macclesfield v Brentford,DRAW,58805,SEL_58805,1.09,4.13,1000.0,0.07,998.91,5.31,0.07,75.85714285714285,,0.0,275.1,0.3,False
2026-01-21T07:26:32Z,2026-01-21T02:26:32-05:00,2026-02-16 19:30 UTC,,FA Cup,1.253003735,35172764,Macclesfield v Brentford,HOME,69817,SEL_69817,1.09,4.13,1000.0,0.07,998.91,2355.77,0.07,33653.85714285714,,0.0,275.1,0.3,False
2026-01-21T07:26:32Z,2026-01-21T02:26:32-05:00,2026-02-14 20:00 UTC,,FA Cup,1.253002966,35172770,Liverpool v Brighton,AWAY,18567,SEL_18567,1.09,4.13,1000.0,0.07,998.91,3531.5899999999997,0.07,50451.2857142857,,0.0,275.1,0.3,False
2026-01-21T07:26:32Z,2026-01-21T02:26:32-05:00,2026-02-14 20:00 UTC,,FA Cup,1.253002966,35172770,Liverpool v Brighton,HOME,56323,SEL_56323,1.09,4.13,1000.0,0.07,998.91,3531.5899999999997,0.07,50451.2857142857,,0.0,275.1,0.3,False
2026-01-21T07:26:32Z,2026-01-21T02:26:32-05:00,2026-02-14 20:00 UTC,,FA Cup,1.253002966,35172770,Liverpool v Brighton,DRAW,58805,SEL_58805,1.09,4.13,1000.0,0.07,998.91,5.31,0.07,75.85714285714285,,0.0,275.1,0.3,False
2026-01-21T09:23:31Z,2026-01-21T04:23:31-05:00,2026-02-14 15:00 UTC,,FA Cup,1.253002724,35172762,Norwich v West Brom,HOME,47998,SEL_47998,1.09,4.14,2.96,2.35,1.8699999999999999,414.27,78.78,5.258568164508758,,0.0,198.9,34.0,False
2026-01-21T09:23:31Z,2026-01-21T04:23:31-05:00,2026-02-14 15:00 UTC,,FA Cup,1.253002724,35172762,Norwich v West Brom,DRAW,58805,SEL_58805,1.51,4.61,1000.0,0.07,998.49,290.41,0.07,4148.714285714285,,0.0,198.9,34.0,False
2026-01-21T09:23:31Z,2026-01-21T04:23:31-05:00,2026-02-14 15:00 UTC,,FA Cup,1.253002724,35172762,Norwich v West Brom,AWAY,1703,SEL_1703,2.44,2.35,1000.0,0.07,997.56,45.76,0.07,653.7142857142857,,0.0,198.9,34.0,False
2026-01-21T14:25:04Z,2026-01-21T09:25:04-05:00,2026-02-13 19:45 UTC,,FA Cup,1.253002340,35172757,Hull v Chelsea,AWAY,55190,SEL_55190,1.09,4.13,1000.0,1.09,998.91,3527.56,1.09,3236.293577981651,,0.0,275.1,0.3,False
2026-01-21T14:25:04Z,2026-01-21T09:25:04-05:00,2026-02-13 19:45 UTC,,FA Cup,1.253002340,35172757,Hull v Chelsea,HOME,70385,SEL_70385,1.09,4.13,1000.0,1.09,998.91,3527.56,1.09,3236.293577981651,,0.0,275.1,0.3,False
2026-01-21T14:25:04Z,2026-01-21T09:25:04-05:00,2026-02-13 19:45 UTC,,FA Cup,1.253002340,35172757,Hull v Chelsea,DRAW,58805,SEL_58805,1.09,4.13,1000.0,1.09,998.91,100.74,1.09,92.42201834862384,,0.0,275.1,0.3,False
2026-01-21T14:25:04Z,2026-01-21T09:25:04-05:00,2026-02-13 19:45 UTC,,FA Cup,1.253002218,35172758,Wrexham v Ipswich,HOME,63604,SEL_63604,1.09,4.13,1000.0,1.09,998.91,2353.09,1.09,2158.7981651376144,,0.0,275.1,0.3,False
2026-01-21T14:25:04Z,2026-01-21T09:25:04-05:00,2026-02-13 19:45 UTC,,FA Cup,1.253002218,35172758,Wrexham v Ipswich,DRAW,58805,SEL_58805,1.09,4.13,1000.0,1.09,998.91,100.74,1.09,92.42201834862384,,0.0,275.1,0.3,False
2026-01-21T14:25:04Z,2026-01-21T09:25:04-05:00,2026-02-13 19:45 UTC,,FA Cup,1.253002218,35172758,Wrexham v Ipswich,AWAY,48324,SEL_48324,1.09,4.13,1000.0,1.09,998.91,2353.09,1.09,2158.7981651376144,,0.0,275.1,0.3,False
2026-01-21T14:25:04Z,2026-01-21T09:25:04-05:00,2026-02-14 12:15 UTC,,FA Cup,1.253002461,35172777,Burton Albion v West Ham,DRAW,58805,SEL_58805,1.09,4.13,1000.0,1.09,998.91,100.74,1.09,92.42201834862384,,0.0,275.1,0.3,False
2026-01-21T14:25:04Z,2026-01-21T09:25:04-05:00,2026-02-14 12:15 UTC,,FA Cup,1.253002461,35172777,Burton Albion v West Ham,AWAY,48756,SEL_48756,1.09,4.13,1000.0,1.09,998.91,2353.09,1.09,2158.7981651376144,,0.0,275.1,0.3,False
2026-01-21T14:25:04Z,2026-01-21T09:25:04-05:00,2026-02-14 12:15 UTC,,FA Cup,1.253002461,35172777,Burton Albion v West Ham,HOME,28592,SEL_28592,1.09,4.13,1000.0,1.09,998.91,2353.09,1.09,2158.7981651376144,,0.0,275.1,0.3,False
2026-01-21T14:25:04Z,2026-01-21T09:25:04-05:00,2026-02-14 15:00 UTC,,FA Cup,1.253002597,35172774,Burnley v Mansfield,DRAW,58805,SEL_58805,1.09,4.13,1000.0,1.09,998.91,100.74,1.09,92.42201834862384,,0.0,275.1,0.3,False
2026-01-21T14:25:04Z,2026-01-21T09:25:04-05:00,2026-02-14 15:00 UTC,,FA Cup,1.253002597,35172774,Burnley v Mansfield,HOME,56299,SEL_56299,1.09,4.13,1000.0,1.09,998.91,414.32000000000005,1.09,380.1100917431193,,0.0,275.1,0.3,False
2026-01-21T14:25:04Z,2026-01-21T09:25:04-05:00,2026-02-14 15:00 UTC,,FA Cup,1.253002597,35172774,Burnley v Mansfield,AWAY,69716,SEL_69716,1.09,4.13,1000.0,1.09,998.91,414.32000000000005,1.09,380.1100917431193,,0.0,275.1,0.3,False
2026-01-21T14:25:04Z,2026-01-21T09:25:04-05:00,2026-02-14 15:00 UTC,,FA Cup,1.253002724,35172762,Norwich v West Brom,HOME,47998,SEL_47998,2.6,61.48,2.62,251.61,0.020000000000000018,426.45,976.21,0.43684248266254183,4191.79,4923.16,160.5,38.4,False
2026-01-21T14:25:04Z,2026-01-21T09:25:04-05:00,2026-02-14 15:00 UTC,,FA Cup,1.253002724,35172762,Norwich v West Brom,DRAW,58805,SEL_58805,1.64,59.43,980.0,1.2,978.36,1006.14,1.27,792.2362204724409,,4923.16,160.5,38.4,False
2026-01-21T14:25:04Z,2026-01-21T09:25:04-05:00,2026-02-14 15:00 UTC,,FA Cup,1.253002724,35172762,Norwich v West Brom,AWAY,1703,SEL_1703,1.64,59.43,980.0,1.2,978.36,1006.14,1.27,792.2362204724409,,4923.16,160.5,38.4,False
2026-01-21T14:25:04Z,2026-01-21T09:25:04-05:00,2026-02-14 17:45 UTC,,FA Cup,1.253002845,35172780,Aston Villa v Newcastle,HOME,63908,SEL_63908,1.09,4.13,1000.0,1.09,998.91,4812.389999999999,1.09,4415.036697247706,,0.0,275.1,0.3,False
2026-01-21T14:25:04Z,2026-01-21T09:25:04-05:00,2026-02-14 17:45 UTC,,FA Cup,1.253002845,35172780,Aston Villa v Newcastle,DRAW,58805,SEL_58805,1.09,4.13,1000.0,1.09,998.91,100.84,1.09,92.5137614678899,,0.0,275.1,0.3,False
2026-01-21T14:25:04Z,2026-01-21T09:25:04-05:00,2026-02-14 17:45 UTC,,FA Cup,1.253002845,35172780,Aston Villa v Newcastle,AWAY,25422,SEL_25422,1.09,4.13,1000.0,1.09,998.91,4812.389999999999,1.09,4415.036697247706,,0.0,275.1,0.3,False
2026-01-21T14:25:04Z,2026-01-21T09:25:04-05:00,2026-02-14 20:00 UTC,,FA Cup,1.253002966,35172770,Liverpool v Brighton,AWAY,18567,SEL_18567,1.09,4.13,1000.0,1.09,998.91,3527.56,1.09,3236.293577981651,,0.0,275.1,0.3,False
2026-01-21T14:25:04Z,2026-01-21T09:25:04-05:00,2026-02-14 20:00 UTC,,FA Cup,1.253002966,35172770,Liverpool v Brighton,HOME,56323,SEL_56323,1.09,4.13,1000.0,1.09,998.91,3527.56,1.09,3236.293577981651,,0.0,275.1,0.3,False
2026-01-21T14:25:04Z,2026-01-21T09:25:04-05:00,2026-02-14 20:00 UTC,,FA Cup,1.253002966,35172770,Liverpool v Brighton,DRAW,58805,SEL_58805,1.09,4.13,1000.0,1.09,998.91,100.84,1.09,92.5137614678899,,0.0,275.1,0.3,False
2026-01-21T14:25:04Z,2026-01-21T09:25:04-05:00,2026-02-15 12:00 UTC,,FA Cup,1.253003130,35172769,Birmingham v Leeds,AWAY,48317,SEL_48317,1.09,4.13,1000.0,1.09,998.91,2353.09,1.09,2158.7981651376144,,0.0,275.1,0.3,False
2026-01-21T14:25:04Z,2026-01-21T09:25:04-05:00,2026-02-15 12:00 UTC,,FA Cup,1.253003130,35172769,Birmingham v Leeds,DRAW,58805,SEL_58805,1.09,4.13,1000.0,1.09,998.91,100.84,1.09,92.5137614678899,,0.0,275.1,0.3,False
2026-01-21T14:25:04Z,2026-01-21T09:25:04-05:00,2026-02-15 12:00 UTC,,FA Cup,1.253003130,35172769,Birmingham v Leeds,HOME,48759,SEL_48759,1.09,4.13,1000.0,1.09,998.91,2353.09,1.09,2158.7981651376144,,0.0,275.1,0.3,False
2026-01-21T14:25:04Z,2026-01-21T09:25:04-05:00,2026-02-15 13:30 UTC,,FA Cup,1.253003251,35172760,Grimsby v Wolves,AWAY,48044,SEL_48044,1.09,4.13,1000.0,1.09,998.91,414.75,1.09,380.5045871559633,,0.0,275.1,0.3,False
2026-01-21T14:25:04Z,2026-01-21T09:25:04-05:00,2026-02-15 13:30 UTC,,FA Cup,1.253003251,35172760,Grimsby v Wolves,HOME,48001,SEL_48001,1.09,4.13,1000.0,1.09,998.91,414.75,1.09,380.5045871559633,,0.0,275.1,0.3,False
2026-01-21T14:25:04Z,2026-01-21T09:25:04-05:00,2026-02-15 13:30 UTC,,FA Cup,1.253003251,35172760,Grimsby v Wolves,DRAW,58805,SEL_58805,1.09,4.13,1000.0,1.09,998.91,100.84,1.09,92.5137614678899,,0.0,275.1,0.3,False
2026-01-21T14:25:04Z,2026-01-21T09:25:04-05:00,2026-02-15 14:00 UTC,,FA Cup,1.253003372,35172773,Oxford Utd v Sunderland,DRAW,58805,SEL_58805,1.09,4.13,1000.0,1.09,998.91,100.84,1.09,92.5137614678899,,0.0,275.1,0.3,False
2026-01-21T14:25:04Z,2026-01-21T09:25:04-05:00,2026-02-15 14:00 UTC,,FA Cup,1.253003372,35172773,Oxford Utd v Sunderland,AWAY,62783,SEL_62783,1.09,4.13,1000.0,1.09,998.91,414.75,1.09,380.5045871559633,,0.0,275.1,0.3,False
2026-01-21T14:25:04Z,2026-01-21T09:25:04-05:00,2026-02-15 14:00 UTC,,FA Cup,1.253003372,35172773,Oxford Utd v Sunderland,HOME,256171,SEL_256171,1.09,4.13,1000.0,1.09,998.91,414.75,1.09,380.5045871559633,,0.0,275.1,0.3,False
2026-01-21T14:25:04Z,2026-01-21T09:25:04-05:00,2026-02-15 14:00 UTC,,FA Cup,1.253003493,35172767,Stoke v Fulham,DRAW,58805,SEL_58805,1.09,4.13,1000.0,1.09,998.91,100.84,1.09,92.5137614678899,,0.0,275.1,0.3,False
2026-01-21T14:25:04Z,2026-01-21T09:25:04-05:00,2026-02-15 14:00 UTC,,FA Cup,1.253003493,35172767,Stoke v Fulham,HOME,69720,SEL_69720,1.09,4.13,1000.0,1.09,998.91,414.75,1.09,380.5045871559633,,0.0,275.1,0.3,False
2026-01-21T14:25:04Z,2026-01-21T09:25:04-05:00,2026-02-15 14:00 UTC,,FA Cup,1.253003493,35172767,Stoke v Fulham,AWAY,56764,SEL_56764,1.09,4.13,1000.0,1.09,998.91,414.75,1.09,380.5045871559633,,0.0,275.1,0.3,False
2026-01-21T14:25:04Z,2026-01-21T09:25:04-05:00,2026-02-15 16:30 UTC,,FA Cup,1.253003614,35172745,Arsenal v Wigan,DRAW,58805,SEL_58805,1.09,4.13,1000.0,1.09,998.91,100.84,1.09,92.5137614678899,,0.0,275.1,0.3,False
2026-01-21T14:25:04Z,2026-01-21T09:25:04-05:00,2026-02-15 16:30 UTC,,FA Cup,1.253003614,35172745,Arsenal v Wigan,HOME,1096,SEL_1096,1.09,4.13,1000.0,1.09,998.91,2353.09,1.09,2158.7981651376144,,0.0,275.1,0.3,False
2026-01-21T14:25:04Z,2026-01-21T09:25:04-05:00,2026-02-15 16:30 UTC,,FA Cup,1.253003614,35172745,Arsenal v Wigan,AWAY,69746,SEL_69746,1.09,4.13,1000.0,1.09,998.91,2353.09,1.09,2158.7981651376144,,0.0,275.1,0.3,False
2026-01-21T14:25:04Z,2026-01-21T09:25:04-05:00,2026-02-16 19:30 UTC,,FA Cup,1.253003735,35172764,Macclesfield v Brentford,AWAY,78864,SEL_78864,1.09,4.13,1000.0,1.09,998.91,2353.09,1.09,2158.7981651376144,,0.0,275.1,0.3,False
2026-01-21T14:25:04Z,2026-01-21T09:25:04-05:00,2026-02-16 19:30 UTC,,FA Cup,1.253003735,35172764,Macclesfield v Brentford,DRAW,58805,SEL_58805,1.09,4.13,1000.0,1.09,998.91,100.84,1.09,92.5137614678899,,0.0,275.1,0.3,False
2026-01-21T14:25:04Z,2026-01-21T09:25:04-05:00,2026-02-16 19:30 UTC,,FA Cup,1.253003735,35172764,Macclesfield v Brentford,HOME,69817,SEL_69817,1.09,4.13,1000.0,1.09,998.91,2353.09,1.09,2158.7981651376144,,0.0,275.1,0.3,False
2026-01-21T14:26:41Z,2026-01-21T09:26:41-05:00,2026-02-14 15:00 UTC,,FA Cup,1.253002724,35172762,Norwich v West Brom,HOME,47998,SEL_47998,2.2,34.55,2.6,18.69,0.3999999999999999,399.52,629.6700000000001,0.6344910826305842,4301.47,5051.97,166.7,38.7,False
2026-01-21T14:26:41Z,2026-01-21T09:26:41-05:00,2026-02-14 15:00 UTC,,FA Cup,1.253002724,35172762,Norwich v West Brom,DRAW,58805,SEL_58805,1.65,29.43,980.0,1.2,978.35,433.57,1.27,341.39370078740154,,5051.97,166.7,38.7,False
2026-01-21T14:26:41Z,2026-01-21T09:26:41-05:00,2026-02-14 15:00 UTC,,FA Cup,1.253002724,35172762,Norwich v West Brom,AWAY,1703,SEL_1703,1.65,29.43,980.0,1.2,978.35,433.57,1.27,341.39370078740154,,5051.97,166.7,38.7,False
2026-01-21T14:29:21Z,2026-01-21T09:29:21-05:00,2026-02-13 19:45 UTC,,FA Cup,1.253002340,35172757,Hull v Chelsea,AWAY,55190,SEL_55190,1.09,4.13,1000.0,1.09,998.91,3527.56,1.09,3236.293577981651,,0.0,275.1,0.3,False
2026-01-21T14:29:21Z,2026-01-21T09:29:21-05:00,2026-02-13 19:45 UTC,,FA Cup,1.253002340,35172757,Hull v Chelsea,HOME,70385,SEL_70385,1.09,4.13,1000.0,1.09,998.91,3527.56,1.09,3236.293577981651,,0.0,275.1,0.3,False
2026-01-21T14:29:21Z,2026-01-21T09:29:21-05:00,2026-02-13 19:45 UTC,,FA Cup,1.253002340,35172757,Hull v Chelsea,DRAW,58805,SEL_58805,1.09,4.13,1000.0,1.09,998.91,100.74,1.09,92.42201834862384,,0.0,275.1,0.3,False
2026-01-21T14:29:21Z,2026-01-21T09:29:21-05:00,2026-02-13 19:45 UTC,,FA Cup,1.253002218,35172758,Wrexham v Ipswich,HOME,63604,SEL_63604,1.09,4.13,1000.0,1.09,998.91,2353.09,1.09,2158.7981651376144,,0.0,275.1,0.3,False
2026-01-21T14:29:21Z,2026-01-21T09:29:21-05:00,2026-02-13 19:45 UTC,,FA Cup,1.253002218,35172758,Wrexham v Ipswich,DRAW,58805,SEL_58805,1.09,4.13,1000.0,1.09,998.91,100.74,1.09,92.42201834862384,,0.0,275.1,0.3,False
2026-01-21T14:29:21Z,2026-01-21T09:29:21-05:00,2026-02-13 19:45 UTC,,FA Cup,1.253002218,35172758,Wrexham v Ipswich,AWAY,48324,SEL_48324,1.09,4.13,1000.0,1.09,998.91,2353.09,1.09,2158.7981651376144,,0.0,275.1,0.3,False
2026-01-21T14:29:21Z,2026-01-21T09:29:21-05:00,2026-02-14 12:15 UTC,,FA Cup,1.253002461,35172777,Burton Albion v West Ham,DRAW,58805,SEL_58805,1.09,4.13,1000.0,1.09,998.91,100.74,1.09,92.42201834862384,,0.0,275.1,0.3,False
2026-01-21T14:29:21Z,2026-01-21T09:29:21-05:00,2026-02-14 12:15 UTC,,FA Cup,1.253002461,35172777,Burton Albion v West Ham,AWAY,48756,SEL_48756,1.09,4.13,1000.0,1.09,998.91,2353.09,1.09,2158.7981651376144,,0.0,275.1,0.3,False
2026-01-21T14:29:21Z,2026-01-21T09:29:21-05:00,2026-02-14 12:15 UTC,,FA Cup,1.253002461,35172777,Burton Albion v West Ham,HOME,28592,SEL_28592,1.09,4.13,1000.0,1.09,998.91,2353.09,1.09,2158.7981651376144,,0.0,275.1,0.3,False
2026-01-21T14:29:21Z,2026-01-21T09:29:21-05:00,2026-02-14 15:00 UTC,,FA Cup,1.253002597,35172774,Burnley v Mansfield,DRAW,58805,SEL_58805,1.09,4.13,1000.0,1.09,998.91,100.74,1.09,92.42201834862384,,0.0,275.1,0.3,False
2026-01-21T14:29:21Z,2026-01-21T09:29:21-05:00,2026-02-14 15:00 UTC,,FA Cup,1.253002597,35172774,Burnley v Mansfield,HOME,56299,SEL_56299,1.09,4.13,1000.0,1.09,998.91,414.32000000000005,1.09,380.1100917431193,,0.0,275.1,0.3,False
2026-01-21T14:29:21Z,2026-01-21T09:29:21-05:00,2026-02-14 15:00 UTC,,FA Cup,1.253002597,35172774,Burnley v Mansfield,AWAY,69716,SEL_69716,1.09,4.13,1000.0,1.09,998.91,414.32000000000005,1.09,380.1100917431193,,0.0,275.1,0.3,False
2026-01-21T14:29:21Z,2026-01-21T09:29:21-05:00,2026-02-14 15:00 UTC,,FA Cup,1.253002724,35172762,Norwich v West Brom,HOME,47998,SEL_47998,2.2,34.55,2.6,18.69,0.3999999999999999,399.52,629.6700000000001,0.6344910826305842,4301.47,5051.97,166.7,38.7,False
2026-01-21T14:29:21Z,2026-01-21T09:29:21-05:00,2026-02-14 15:00 UTC,,FA Cup,1.253002724,35172762,Norwich v West Brom,DRAW,58805,SEL_58805,1.65,29.43,980.0,1.2,978.35,433.57,1.27,341.39370078740154,,5051.97,166.7,38.7,False
2026-01-21T14:29:21Z,2026-01-21T09:29:21-05:00,2026-02-14 15:00 UTC,,FA Cup,1.253002724,35172762,Norwich v West Brom,AWAY,1703,SEL_1703,1.65,29.43,980.0,1.2,978.35,433.57,1.27,341.39370078740154,,5051.97,166.7,38.7,False
2026-01-21T14:29:21Z,2026-01-21T09:29:21-05:00,2026-02-14 17:45 UTC,,FA Cup,1.253002845,35172780,Aston Villa v Newcastle,HOME,63908,SEL_63908,1.09,4.13,1000.0,1.09,998.91,4812.389999999999,1.09,4415.036697247706,,0.0,275.1,0.3,False
2026-01-21T14:29:21Z,2026-01-21T09:29:21-05:00,2026-02-14 17:45 UTC,,FA Cup,1.253002845,35172780,Aston Villa v Newcastle,DRAW,58805,SEL_58805,1.09,4.13,1000.0,1.09,998.91,100.84,1.09,92.5137614678899,,0.0,275.1,0.3,False
2026-01-21T14:29:21Z,2026-01-21T09:29:21-05:00,2026-02-14 17:45 UTC,,FA Cup,1.253002845,35172780,Aston Villa v Newcastle,AWAY,25422,SEL_25422,1.09,4.13,1000.0,1.09,998.91,4812.389999999999,1.09,4415.036697247706,,0.0,275.1,0.3,False
2026-01-21T14:29:21Z,2026-01-21T09:29:21-05:00,2026-02-14 20:00 UTC,,FA Cup,1.253002966,35172770,Liverpool v Brighton,AWAY,18567,SEL_18567,1.09,4.13,1000.0,1.09,998.91,3527.56,1.09,3236.293577981651,,0.0,275.1,0.3,False
2026-01-21T14:29:21Z,2026-01-21T09:29:21-05:00,2026-02-14 20:00 UTC,,FA Cup,1.253002966,35172770,Liverpool v Brighton,HOME,56323,SEL_56323,1.09,4.13,1000.0,1.09,998.91,3527.56,1.09,3236.293577981651,,0.0,275.1,0.3,False
2026-01-21T14:29:21Z,2026-01-21T09:29:21-05:00,2026-02-14 20:00 UTC,,FA Cup,1.253002966,35172770,Liverpool v Brighton,DRAW,58805,SEL_58805,1.09,4.13,1000.0,1.09,998.91,100.84,1.09,92.5137614678899,,0.0,275.1,0.3,False
2026-01-21T14:29:21Z,2026-01-21T09:29:21-05:00,2026-02-15 12:00 UTC,,FA Cup,1.253003130,35172769,Birmingham v Leeds,AWAY,48317,SEL_48317,1.09,4.13,1000.0,1.09,998.91,2353.09,1.09,2158.7981651376144,,0.0,275.1,0.3,False
2026-01-21T14:29:21Z,2026-01-21T09:29:21-05:00,2026-02-15 12:00 UTC,,FA Cup,1.253003130,35172769,Birmingham v Leeds,DRAW,58805,SEL_58805,1.09,4.13,1000.0,1.09,998.91,100.84,1.09,92.5137614678899,,0.0,275.1,0.3,False
2026-01-21T14:29:21Z,2026-01-21T09:29:21-05:00,2026-02-15 12:00 UTC,,FA Cup,1.253003130,35172769,Birmingham v Leeds,HOME,48759,SEL_48759,1.09,4.13,1000.0,1.09,998.91,2353.09,1.09,2158.7981651376144,,0.0,275.1,0.3,False
2026-01-21T14:29:21Z,2026-01-21T09:29:21-05:00,2026-02-15 13:30 UTC,,FA Cup,1.253003251,35172760,Grimsby v Wolves,AWAY,48044,SEL_48044,1.09,4.13,1000.0,1.09,998.91,414.75,1.09,380.5045871559633,,0.0,275.1,0.3,False
2026-01-21T14:29:21Z,2026-01-21T09:29:21-05:00,2026-02-15 13:30 UTC,,FA Cup,1.253003251,35172760,Grimsby v Wolves,HOME,48001,SEL_48001,1.09,4.13,1000.0,1.09,998.91,414.75,1.09,380.5045871559633,,0.0,275.1,0.3,False
2026-01-21T14:29:21Z,2026-01-21T09:29:21-05:00,2026-02-15 13:30 UTC,,FA Cup,1.253003251,35172760,Grimsby v Wolves,DRAW,58805,SEL_58805,1.09,4.13,1000.0,1.09,998.91,100.84,1.09,92.5137614678899,,0.0,275.1,0.3,False
2026-01-21T14:29:21Z,2026-01-21T09:29:21-05:00,2026-02-15 14:00 UTC,,FA Cup,1.253003372,35172773,Oxford Utd v Sunderland,DRAW,58805,SEL_58805,1.09,4.13,1000.0,1.09,998.91,100.84,1.09,92.5137614678899,,0.0,275.1,0.3,False
2026-01-21T14:29:21Z,2026-01-21T09:29:21-05:00,2026-02-15 14:00 UTC,,FA Cup,1.253003372,35172773,Oxford Utd v Sunderland,AWAY,62783,SEL_62783,1.09,4.13,1000.0,1.09,998.91,414.75,1.09,380.5045871559633,,0.0,275.1,0.3,False
2026-01-21T14:29:21Z,2026-01-21T09:29:21-05:00,2026-02-15 14:00 UTC,,FA Cup,1.253003372,35172773,Oxford Utd v Sunderland,HOME,256171,SEL_256171,1.09,4.13,1000.0,1.09,998.91,414.75,1.09,380.5045871559633,,0.0,275.1,0.3,False
2026-01-21T14:29:21Z,2026-01-21T09:29:21-05:00,2026-02-15 14:00 UTC,,FA Cup,1.253003493,35172767,Stoke v Fulham,DRAW,58805,SEL_58805,1.09,4.13,1000.0,1.09,998.91,100.84,1.09,92.5137614678899,,0.0,275.1,0.3,False
2026-01-21T14:29:21Z,2026-01-21T09:29:21-05:00,2026-02-15 14:00 UTC,,FA Cup,1.253003493,35172767,Stoke v Fulham,HOME,69720,SEL_69720,1.09,4.13,1000.0,1.09,998.91,414.75,1.09,380.5045871559633,,0.0,275.1,0.3,False
2026-01-21T14:29:21Z,2026-01-21T09:29:21-05:00,2026-02-15 14:00 UTC,,FA Cup,1.253003493,35172767,Stoke v Fulham,AWAY,56764,SEL_56764,1.09,4.13,1000.0,1.09,998.91,414.75,1.09,380.5045871559633,,0.0,275.1,0.3,False
2026-01-21T14:29:21Z,2026-01-21T09:29:21-05:00,2026-02-15 16:30 UTC,,FA Cup,1.253003614,35172745,Arsenal v Wigan,DRAW,58805,SEL_58805,1.09,4.13,1000.0,1.09,998.91,100.84,1.09,92.5137614678899,,0.0,275.1,0.3,False
2026-01-21T14:29:21Z,2026-01-21T09:29:21-05:00,2026-02-15 16:30 UTC,,FA Cup,1.253003614,35172745,Arsenal v Wigan,HOME,1096,SEL_1096,1.09,4.13,1000.0,1.09,998.91,2353.09,1.09,2158.7981651376144,,0.0,275.1,0.3,False
2026-01-21T14:29:21Z,2026-01-21T09:29:21-05:00,2026-02-15 16:30 UTC,,FA Cup,1.253003614,35172745,Arsenal v Wigan,AWAY,69746,SEL_69746,1.09,4.13,1000.0,1.09,998.91,2353.09,1.09,2158.7981651376144,,0.0,275.1,0.3,False
2026-01-21T14:29:21Z,2026-01-21T09:29:21-05:00,2026-02-16 19:30 UTC,,FA Cup,1.253003735,35172764,Macclesfield v Brentford,AWAY,78864,SEL_78864,1.09,4.13,1000.0,1.09,998.91,2353.09,1.09,2158.7981651376144,,0.0,275.1,0.3,False
2026-01-21T14:29:21Z,2026-01-21T09:29:21-05:00,2026-02-16 19:30 UTC,,FA Cup,1.253003735,35172764,Macclesfield v Brentford,DRAW,58805,SEL_58805,1.09,4.13,1000.0,1.09,998.91,100.84,1.09,92.5137614678899,,0.0,275.1,0.3,False
2026-01-21T14:29:21Z,2026-01-21T09:29:21-05:00,2026-02-16 19:30 UTC,,FA Cup,1.253003735,35172764,Macclesfield v Brentford,HOME,69817,SEL_69817,1.09,4.13,1000.0,1.09,998.91,2353.09,1.09,2158.7981651376144,,0.0,275.1,0.3,False
2026-01-21T14:29:41Z,2026-01-21T09:29:41-05:00,2026-02-14 15:00 UTC,,FA Cup,1.253002724,35172762,Norwich v West Brom,HOME,47998,SEL_47998,2.22,1.17,2.6,18.69,0.3799999999999999,385.29999999999995,629.6700000000001,0.6119078247335905,4301.47,5051.97,166.2,38.7,False
2026-01-21T14:29:41Z,2026-01-21T09:29:41-05:00,2026-02-14 15:00 UTC,,FA Cup,1.253002724,35172762,Norwich v West Brom,DRAW,58805,SEL_58805,1.65,29.43,980.0,1.2,978.35,433.57,1.27,341.39370078740154,,5051.97,166.2,38.7,False
2026-01-21T14:29:41Z,2026-01-21T09:29:41-05:00,2026-02-14 15:00 UTC,,FA Cup,1.253002724,35172762,Norwich v West Brom,AWAY,1703,SEL_1703,1.65,29.43,980.0,1.2,978.35,433.57,1.27,341.39370078740154,,5051.97,166.2,38.7,False
2026-01-21T14:30:52Z,2026-01-21T09:30:52-05:00,2026-02-13 19:45 UTC,,FA Cup,1.253002340,35172757,Hull v Chelsea,AWAY,55190,SEL_55190,1.09,4.13,1000.0,1.09,998.91,3527.56,1.09,3236.293577981651,,0.0,275.1,0.3,False
2026-01-21T14:30:52Z,2026-01-21T09:30:52-05:00,2026-02-13 19:45 UTC,,FA Cup,1.253002340,35172757,Hull v Chelsea,HOME,70385,SEL_70385,1.09,4.13,1000.0,1.09,998.91,3527.56,1.09,3236.293577981651,,0.0,275.1,0.3,False
2026-01-21T14:30:52Z,2026-01-21T09:30:52-05:00,2026-02-13 19:45 UTC,,FA Cup,1.253002340,35172757,Hull v Chelsea,DRAW,58805,SEL_58805,1.09,4.13,1000.0,1.09,998.91,100.74,1.09,92.42201834862384,,0.0,275.1,0.3,False
2026-01-21T14:30:52Z,2026-01-21T09:30:52-05:00,2026-02-13 19:45 UTC,,FA Cup,1.253002218,35172758,Wrexham v Ipswich,HOME,63604,SEL_63604,1.09,4.13,1000.0,1.09,998.91,2353.09,1.09,2158.7981651376144,,0.0,275.1,0.3,False
2026-01-21T14:30:52Z,2026-01-21T09:30:52-05:00,2026-02-13 19:45 UTC,,FA Cup,1.253002218,35172758,Wrexham v Ipswich,DRAW,58805,SEL_58805,1.09,4.13,1000.0,1.09,998.91,100.74,1.09,92.42201834862384,,0.0,275.1,0.3,False
2026-01-21T14:30:52Z,2026-01-21T09:30:52-05:00,2026-02-13 19:45 UTC,,FA Cup,1.253002218,35172758,Wrexham v Ipswich,AWAY,48324,SEL_48324,1.09,4.13,1000.0,1.09,998.91,2353.09,1.09,2158.7981651376144,,0.0,275.1,0.3,False
2026-01-21T14:30:52Z,2026-01-21T09:30:52-05:00,2026-02-14 12:15 UTC,,FA Cup,1.253002461,35172777,Burton Albion v West Ham,DRAW,58805,SEL_58805,1.09,4.13,1000.0,1.09,998.91,100.74,1.09,92.42201834862384,,0.0,275.1,0.3,False
2026-01-21T14:30:52Z,2026-01-21T09:30:52-05:00,2026-02-14 12:15 UTC,,FA Cup,1.253002461,35172777,Burton Albion v West Ham,AWAY,48756,SEL_48756,1.09,4.13,1000.0,1.09,998.91,2353.09,1.09,2158.7981651376144,,0.0,275.1,0.3,False
2026-01-21T14:30:52Z,2026-01-21T09:30:52-05:00,2026-02-14 12:15 UTC,,FA Cup,1.253002461,35172777,Burton Albion v West Ham,HOME,28592,SEL_28592,1.09,4.13,1000.0,1.09,998.91,2353.09,1.09,2158.7981651376144,,0.0,275.1,0.3,False
2026-01-21T14:30:52Z,2026-01-21T09:30:52-05:00,2026-02-14 15:00 UTC,,FA Cup,1.253002597,35172774,Burnley v Mansfield,DRAW,58805,SEL_58805,1.09,4.13,1000.0,1.09,998.91,100.74,1.09,92.42201834862384,,0.0,275.1,0.3,False
2026-01-21T14:30:52Z,2026-01-21T09:30:52-05:00,2026-02-14 15:00 UTC,,FA Cup,1.253002597,35172774,Burnley v Mansfield,HOME,56299,SEL_56299,1.09,4.13,1000.0,1.09,998.91,414.32000000000005,1.09,380.1100917431193,,0.0,275.1,0.3,False
2026-01-21T14:30:52Z,2026-01-21T09:30:52-05:00,2026-02-14 15:00 UTC,,FA Cup,1.253002597,35172774,Burnley v Mansfield,AWAY,69716,SEL_69716,1.09,4.13,1000.0,1.09,998.91,414.32000000000005,1.09,380.1100917431193,,0.0,275.1,0.3,False
2026-01-21T14:30:52Z,2026-01-21T09:30:52-05:00,2026-02-14 15:00 UTC,,FA Cup,1.253002724,35172762,Norwich v West Brom,HOME,47998,SEL_47998,2.22,1.17,2.6,18.69,0.3799999999999999,385.29999999999995,629.6700000000001,0.6119078247335905,4301.47,5051.97,166.2,38.7,False
2026-01-21T14:30:52Z,2026-01-21T09:30:52-05:00,2026-02-14 15:00 UTC,,FA Cup,1.253002724,35172762,Norwich v West Brom,DRAW,58805,SEL_58805,1.65,29.43,980.0,1.2,978.35,433.57,1.27,341.39370078740154,,5051.97,166.2,38.7,False
2026-01-21T14:30:52Z,2026-01-21T09:30:52-05:00,2026-02-14 15:00 UTC,,FA Cup,1.253002724,35172762,Norwich v West Brom,AWAY,1703,SEL_1703,1.65,29.43,980.0,1.2,978.35,433.57,1.27,341.39370078740154,,5051.97,166.2,38.7,False
2026-01-21T14:30:52Z,2026-01-21T09:30:52-05:00,2026-02-14 17:45 UTC,,FA Cup,1.253002845,35172780,Aston Villa v Newcastle,HOME,63908,SEL_63908,1.09,4.13,1000.0,1.09,998.91,4812.389999999999,1.09,4415.036697247706,,0.0,275.1,0.3,False
2026-01-21T14:30:52Z,2026-01-21T09:30:52-05:00,2026-02-14 17:45 UTC,,FA Cup,1.253002845,35172780,Aston Villa v Newcastle,DRAW,58805,SEL_58805,1.09,4.13,1000.0,1.09,998.91,100.84,1.09,92.5137614678899,,0.0,275.1,0.3,False
2026-01-21T14:30:52Z,2026-01-21T09:30:52-05:00,2026-02-14 17:45 UTC,,FA Cup,1.253002845,35172780,Aston Villa v Newcastle,AWAY,25422,SEL_25422,1.09,4.13,1000.0,1.09,998.91,4812.389999999999,1.09,4415.036697247706,,0.0,275.1,0.3,False
2026-01-21T14:30:52Z,2026-01-21T09:30:52-05:00,2026-02-14 20:00 UTC,,FA Cup,1.253002966,35172770,Liverpool v Brighton,AWAY,18567,SEL_18567,1.09,4.13,1000.0,1.09,998.91,3527.56,1.09,3236.293577981651,,0.0,275.1,0.3,False
2026-01-21T14:30:52Z,2026-01-21T09:30:52-05:00,2026-02-14 20:00 UTC,,FA Cup,1.253002966,35172770,Liverpool v Brighton,HOME,56323,SEL_56323,1.09,4.13,1000.0,1.09,998.91,3527.56,1.09,3236.293577981651,,0.0,275.1,0.3,False
2026-01-21T14:30:52Z,2026-01-21T09:30:52-05:00,2026-02-14 20:00 UTC,,FA Cup,1.253002966,35172770,Liverpool v Brighton,DRAW,58805,SEL_58805,1.09,4.13,1000.0,1.09,998.91,100.84,1.09,92.5137614678899,,0.0,275.1,0.3,False
2026-01-21T14:30:52Z,2026-01-21T09:30:52-05:00,2026-02-15 12:00 UTC,,FA Cup,1.253003130,35172769,Birmingham v Leeds,AWAY,48317,SEL_48317,1.09,4.13,1000.0,1.09,998.91,2353.09,1.09,2158.7981651376144,,0.0,275.1,0.3,False
2026-01-21T14:30:52Z,2026-01-21T09:30:52-05:00,2026-02-15 12:00 UTC,,FA Cup,1.253003130,35172769,Birmingham v Leeds,DRAW,58805,SEL_58805,1.09,4.13,1000.0,1.09,998.91,100.84,1.09,92.5137614678899,,0.0,275.1,0.3,False
2026-01-21T14:30:52Z,2026-01-21T09:30:52-05:00,2026-02-15 12:00 UTC,,FA Cup,1.253003130,35172769,Birmingham v Leeds,HOME,48759,SEL_48759,1.09,4.13,1000.0,1.09,998.91,2353.09,1.09,2158.7981651376144,,0.0,275.1,0.3,False
2026-01-21T14:30:52Z,2026-01-21T09:30:52-05:00,2026-02-15 13:30 UTC,,FA Cup,1.253003251,35172760,Grimsby v Wolves,AWAY,48044,SEL_48044,1.09,4.13,1000.0,1.09,998.91,414.75,1.09,380.5045871559633,,0.0,275.1,0.3,False
2026-01-21T14:30:52Z,2026-01-21T09:30:52-05:00,2026-02-15 13:30 UTC,,FA Cup,1.253003251,35172760,Grimsby v Wolves,HOME,48001,SEL_48001,1.09,4.13,1000.0,1.09,998.91,414.75,1.09,380.5045871559633,,0.0,275.1,0.3,False
2026-01-21T14:30:52Z,2026-01-21T09:30:52-05:00,2026-02-15 13:30 UTC,,FA Cup,1.253003251,35172760,Grimsby v Wolves,DRAW,58805,SEL_58805,1.09,4.13,1000.0,1.09,998.91,100.84,1.09,92.5137614678899,,0.0,275.1,0.3,False
2026-01-21T14:30:52Z,2026-01-21T09:30:52-05:00,2026-02-15 14:00 UTC,,FA Cup,1.253003372,35172773,Oxford Utd v Sunderland,DRAW,58805,SEL_58805,1.09,4.13,1000.0,1.09,998.91,100.84,1.09,92.5137614678899,,0.0,275.1,0.3,False
2026-01-21T14:30:52Z,2026-01-21T09:30:52-05:00,2026-02-15 14:00 UTC,,FA Cup,1.253003372,35172773,Oxford Utd v Sunderland,AWAY,62783,SEL_62783,1.09,4.13,1000.0,1.09,998.91,414.75,1.09,380.5045871559633,,0.0,275.1,0.3,False
2026-01-21T14:30:52Z,2026-01-21T09:30:52-05:00,2026-02-15 14:00 UTC,,FA Cup,1.253003372,35172773,Oxford Utd v Sunderland,HOME,256171,SEL_256171,1.09,4.13,1000.0,1.09,998.91,414.75,1.09,380.5045871559633,,0.0,275.1,0.3,False
2026-01-21T14:30:52Z,2026-01-21T09:30:52-05:00,2026-02-15 14:00 UTC,,FA Cup,1.253003493,35172767,Stoke v Fulham,DRAW,58805,SEL_58805,1.09,4.13,1000.0,1.09,998.91,100.84,1.09,92.5137614678899,,0.0,275.1,0.3,False
2026-01-21T14:30:52Z,2026-01-21T09:30:52-05:00,2026-02-15 14:00 UTC,,FA Cup,1.253003493,35172767,Stoke v Fulham,HOME,69720,SEL_69720,1.09,4.13,1000.0,1.09,998.91,414.75,1.09,380.5045871559633,,0.0,275.1,0.3,False
2026-01-21T14:30:52Z,2026-01-21T09:30:52-05:00,2026-02-15 14:00 UTC,,FA Cup,1.253003493,35172767,Stoke v Fulham,AWAY,56764,SEL_56764,1.09,4.13,1000.0,1.09,998.91,414.75,1.09,380.5045871559633,,0.0,275.1,0.3,False
2026-01-21T14:30:52Z,2026-01-21T09:30:52-05:00,2026-02-15 16:30 UTC,,FA Cup,1.253003614,35172745,Arsenal v Wigan,DRAW,58805,SEL_58805,1.09,4.13,1000.0,1.09,998.91,100.84,1.09,92.5137614678899,,0.0,275.1,0.3,False
2026-01-21T14:30:52Z,2026-01-21T09:30:52-05:00,2026-02-15 16:30 UTC,,FA Cup,1.253003614,35172745,Arsenal v Wigan,HOME,1096,SEL_1096,1.09,4.13,1000.0,1.09,998.91,2353.09,1.09,2158.7981651376144,,0.0,275.1,0.3,False
2026-01-21T14:30:52Z,2026-01-21T09:30:52-05:00,2026-02-15 16:30 UTC,,FA Cup,1.253003614,35172745,Arsenal v Wigan,AWAY,69746,SEL_69746,1.09,4.13,1000.0,1.09,998.91,2353.09,1.09,2158.7981651376144,,0.0,275.1,0.3,False
2026-01-21T14:30:52Z,2026-01-21T09:30:52-05:00,2026-02-16 19:30 UTC,,FA Cup,1.253003735,35172764,Macclesfield v Brentford,AWAY,78864,SEL_78864,1.09,4.13,1000.0,1.09,998.91,2353.09,1.09,2158.7981651376144,,0.0,275.1,0.3,False
2026-01-21T14:30:52Z,2026-01-21T09:30:52-05:00,2026-02-16 19:30 UTC,,FA Cup,1.253003735,35172764,Macclesfield v Brentford,DRAW,58805,SEL_58805,1.09,4.13,1000.0,1.09,998.91,100.84,1.09,92.5137614678899,,0.0,275.1,0.3,False
2026-01-21T14:30:52Z,2026-01-21T09:30:52-05:00,2026-02-16 19:30 UTC,,FA Cup,1.253003735,35172764,Macclesfield v Brentford,HOME,69817,SEL_69817,1.09,4.13,1000.0,1.09,998.91,2353.09,1.09,2158.7981651376144,,0.0,275.1,0.3,False
2026-01-21T14:32:41Z,2026-01-21T09:32:41-05:00,2026-02-14 15:00 UTC,,FA Cup,1.253002724,35172762,Norwich v West Brom,HOME,47998,SEL_47998,2.22,1.17,2.6,21.21,0.3799999999999999,385.29999999999995,632.19,0.6094686723927932,4317.94,5071.32,166.2,38.7,False
2026-01-21T14:32:41Z,2026-01-21T09:32:41-05:00,2026-02-14 15:00 UTC,,FA Cup,1.253002724,35172762,Norwich v West Brom,DRAW,58805,SEL_58805,1.65,33.43,980.0,1.2,978.35,437.64,1.27,344.59842519685037,,5071.32,166.2,38.7,False
2026-01-21T14:32:41Z,2026-01-21T09:32:41-05:00,2026-02-14 15:00 UTC,,FA Cup,1.253002724,35172762,Norwich v West Brom,AWAY,1703,SEL_1703,1.65,33.43,980.0,1.2,978.35,437.64,1.27,344.59842519685037,,5071.32,166.2,38.7,False
2026-01-21T14:35:42Z,2026-01-21T09:35:42-05:00,2026-02-14 15:00 UTC,,FA Cup,1.253002724,35172762,Norwich v West Brom,HOME,47998,SEL_47998,2.6,70.97,2.62,248.68,0.020000000000000018,435.94,973.28,0.4479081045536742,4354.07,5113.75,160.5,38.4,False
2026-01-21T14:35:42Z,2026-01-21T09:35:42-05:00,2026-02-14 15:00 UTC,,FA Cup,1.253002724,35172762,Norwich v West Brom,DRAW,58805,SEL_58805,1.64,59.43,980.0,1.2,978.36,1001.39,1.27,788.496062992126,,5113.75,160.5,38.4,False
2026-01-21T14:35:42Z,2026-01-21T09:35:42-05:00,2026-02-14 15:00 UTC,,FA Cup,1.253002724,35172762,Norwich v West Brom,AWAY,1703,SEL_1703,1.64,59.43,980.0,1.2,978.36,1001.39,1.27,788.496062992126,,5113.75,160.5,38.4,False
2026-01-21T14:38:42Z,2026-01-21T09:38:42-05:00,2026-02-14 15:00 UTC,,FA Cup,1.253002724,35172762,Norwich v West Brom,HOME,47998,SEL_47998,2.6,70.97,2.62,260.04,0.020000000000000018,435.94,984.6400000000001,0.44274049398765025,4354.07,5113.75,160.5,38.4,False
2026-01-21T14:38:42Z,2026-01-21T09:38:42-05:00,2026-02-14 15:00 UTC,,FA Cup,1.253002724,35172762,Norwich v West Brom,DRAW,58805,SEL_58805,1.64,59.43,980.0,1.2,978.36,1019.8699999999999,1.27,803.0472440944881,,5113.75,160.5,38.4,False
2026-01-21T14:38:42Z,2026-01-21T09:38:42-05:00,2026-02-14 15:00 UTC,,FA Cup,1.253002724,35172762,Norwich v West Brom,AWAY,1703,SEL_1703,1.64,59.43,980.0,1.2,978.36,1019.8699999999999,1.27,803.0472440944881,,5113.75,160.5,38.4,False
2026-01-21T14:41:42Z,2026-01-21T09:41:42-05:00,2026-02-14 15:00 UTC,,FA Cup,1.253002724,35172762,Norwich v West Brom,HOME,47998,SEL_47998,2.6,70.97,2.62,74.57,0.020000000000000018,435.94,799.1700000000001,0.5454909468573644,4669.93,5484.72,160.5,38.4,False
2026-01-21T14:41:42Z,2026-01-21T09:41:42-05:00,2026-02-14 15:00 UTC,,FA Cup,1.253002724,35172762,Norwich v West Brom,DRAW,58805,SEL_58805,1.64,59.43,980.0,1.2,978.36,717.46,1.27,564.9291338582677,,5484.72,160.5,38.4,False
2026-01-21T14:41:42Z,2026-01-21T09:41:42-05:00,2026-02-14 15:00 UTC,,FA Cup,1.253002724,35172762,Norwich v West Brom,AWAY,1703,SEL_1703,1.64,59.43,980.0,1.2,978.36,717.46,1.27,564.9291338582677,,5484.72,160.5,38.4,False
2026-01-21T17:59:40Z,2026-01-21T12:59:40-05:00,2026-02-13 19:45 UTC,,FA Cup,1.253002340,35172757,Hull v Chelsea,AWAY,55190,SEL_55190,1.09,4.13,1000.0,1.09,998.91,3528.1,1.09,3236.788990825688,,0.0,275.1,0.3,False
2026-01-21T17:59:40Z,2026-01-21T12:59:40-05:00,2026-02-13 19:45 UTC,,FA Cup,1.253002340,35172757,Hull v Chelsea,HOME,70385,SEL_70385,1.09,4.13,1000.0,1.09,998.91,3528.1,1.09,3236.788990825688,,0.0,275.1,0.3,False
2026-01-21T17:59:40Z,2026-01-21T12:59:40-05:00,2026-02-13 19:45 UTC,,FA Cup,1.253002340,35172757,Hull v Chelsea,DRAW,58805,SEL_58805,1.09,4.13,1000.0,1.09,998.91,100.75,1.09,92.43119266055045,,0.0,275.1,0.3,False
2026-01-21T17:59:40Z,2026-01-21T12:59:40-05:00,2026-02-13 19:45 UTC,,FA Cup,1.253002218,35172758,Wrexham v Ipswich,HOME,63604,SEL_63604,1.09,4.13,1000.0,1.09,998.91,2353.4500000000003,1.09,2159.1284403669724,,0.0,275.1,0.3,False
2026-01-21T17:59:40Z,2026-01-21T12:59:40-05:00,2026-02-13 19:45 UTC,,FA Cup,1.253002218,35172758,Wrexham v Ipswich,DRAW,58805,SEL_58805,1.09,4.13,1000.0,1.09,998.91,100.75,1.09,92.43119266055045,,0.0,275.1,0.3,False
2026-01-21T17:59:40Z,2026-01-21T12:59:40-05:00,2026-02-13 19:45 UTC,,FA Cup,1.253002218,35172758,Wrexham v Ipswich,AWAY,48324,SEL_48324,1.09,4.13,1000.0,1.09,998.91,2353.4500000000003,1.09,2159.1284403669724,,0.0,275.1,0.3,False
2026-01-21T17:59:40Z,2026-01-21T12:59:40-05:00,2026-02-14 12:15 UTC,,FA Cup,1.253002461,35172777,Burton Albion v West Ham,DRAW,58805,SEL_58805,1.09,4.13,1000.0,1.09,998.91,100.75,1.09,92.43119266055045,,0.0,275.1,0.3,False
2026-01-21T17:59:40Z,2026-01-21T12:59:40-05:00,2026-02-14 12:15 UTC,,FA Cup,1.253002461,35172777,Burton Albion v West Ham,AWAY,48756,SEL_48756,1.09,4.13,1000.0,1.09,998.91,2353.4500000000003,1.09,2159.1284403669724,,0.0,275.1,0.3,False
2026-01-21T17:59:40Z,2026-01-21T12:59:40-05:00,2026-02-14 12:15 UTC,,FA Cup,1.253002461,35172777,Burton Albion v West Ham,HOME,28592,SEL_28592,1.09,4.13,1000.0,1.09,998.91,2353.4500000000003,1.09,2159.1284403669724,,0.0,275.1,0.3,False
2026-01-21T17:59:40Z,2026-01-21T12:59:40-05:00,2026-02-14 15:00 UTC,,FA Cup,1.253002597,35172774,Burnley v Mansfield,DRAW,58805,SEL_58805,1.09,4.13,1000.0,1.09,998.91,100.75,1.09,92.43119266055045,,0.0,275.1,0.3,False
2026-01-21T17:59:40Z,2026-01-21T12:59:40-05:00,2026-02-14 15:00 UTC,,FA Cup,1.253002597,35172774,Burnley v Mansfield,HOME,56299,SEL_56299,1.09,4.13,1000.0,1.09,998.91,414.38,1.09,380.1651376146789,,0.0,275.1,0.3,False
2026-01-21T17:59:40Z,2026-01-21T12:59:40-05:00,2026-02-14 15:00 UTC,,FA Cup,1.253002597,35172774,Burnley v Mansfield,AWAY,69716,SEL_69716,1.09,4.13,1000.0,1.09,998.91,414.38,1.09,380.1651376146789,,0.0,275.1,0.3,False
2026-01-21T17:59:40Z,2026-01-21T12:59:40-05:00,2026-02-14 15:00 UTC,,FA Cup,1.253002724,35172762,Norwich v West Brom,HOME,47998,SEL_47998,2.6,31.75,2.7,666.58,0.10000000000000009,92.00999999999999,1701.76,0.05406755359157578,10479.65,12309.98,162.7,37.2,False
2026-01-21T17:59:40Z,2026-01-21T12:59:40-05:00,2026-02-14 15:00 UTC,,FA Cup,1.253002724,35172762,Norwich v West Brom,DRAW,58805,SEL_58805,1.61,60.41,980.0,1.2,978.39,1906.37,1.27,1501.0787401574803,,12309.98,162.7,37.2,False
2026-01-21T17:59:40Z,2026-01-21T12:59:40-05:00,2026-02-14 15:00 UTC,,FA Cup,1.253002724,35172762,Norwich v West Brom,AWAY,1703,SEL_1703,1.61,60.41,980.0,1.2,978.39,1906.37,1.27,1501.0787401574803,,12309.98,162.7,37.2,False
2026-01-21T17:59:40Z,2026-01-21T12:59:40-05:00,2026-02-14 17:45 UTC,,FA Cup,1.253002845,35172780,Aston Villa v Newcastle,HOME,63908,SEL_63908,1.09,4.13,1000.0,1.09,998.91,4813.12,1.09,4415.706422018348,,0.0,275.1,0.3,False
2026-01-21T17:59:40Z,2026-01-21T12:59:40-05:00,2026-02-14 17:45 UTC,,FA Cup,1.253002845,35172780,Aston Villa v Newcastle,DRAW,58805,SEL_58805,1.09,4.13,1000.0,1.09,998.91,100.86,1.09,92.5321100917431,,0.0,275.1,0.3,False
2026-01-21T17:59:40Z,2026-01-21T12:59:40-05:00,2026-02-14 17:45 UTC,,FA Cup,1.253002845,35172780,Aston Villa v Newcastle,AWAY,25422,SEL_25422,1.09,4.13,1000.0,1.09,998.91,4813.12,1.09,4415.706422018348,,0.0,275.1,0.3,False
2026-01-21T17:59:40Z,2026-01-21T12:59:40-05:00,2026-02-14 20:00 UTC,,FA Cup,1.253002966,35172770,Liverpool v Brighton,AWAY,18567,SEL_18567,1.09,4.13,1000.0,1.09,998.91,3528.1,1.09,3236.788990825688,,0.0,275.1,0.3,False
2026-01-21T17:59:40Z,2026-01-21T12:59:40-05:00,2026-02-14 20:00 UTC,,FA Cup,1.253002966,35172770,Liverpool v Brighton,HOME,56323,SEL_56323,1.09,4.13,1000.0,1.09,998.91,3528.1,1.09,3236.788990825688,,0.0,275.1,0.3,False
2026-01-21T17:59:40Z,2026-01-21T12:59:40-05:00,2026-02-14 20:00 UTC,,FA Cup,1.253002966,35172770,Liverpool v Brighton,DRAW,58805,SEL_58805,1.09,4.13,1000.0,1.09,998.91,100.86,1.09,92.5321100917431,,0.0,275.1,0.3,False
2026-01-21T17:59:40Z,2026-01-21T12:59:40-05:00,2026-02-15 12:00 UTC,,FA Cup,1.253003130,35172769,Birmingham v Leeds,AWAY,48317,SEL_48317,1.09,4.13,1000.0,1.09,998.91,2353.4500000000003,1.09,2159.1284403669724,,0.0,275.1,0.3,False
2026-01-21T17:59:40Z,2026-01-21T12:59:40-05:00,2026-02-15 12:00 UTC,,FA Cup,1.253003130,35172769,Birmingham v Leeds,DRAW,58805,SEL_58805,1.09,4.13,1000.0,1.09,998.91,100.86,1.09,92.5321100917431,,0.0,275.1,0.3,False
2026-01-21T17:59:40Z,2026-01-21T12:59:40-05:00,2026-02-15 12:00 UTC,,FA Cup,1.253003130,35172769,Birmingham v Leeds,HOME,48759,SEL_48759,1.09,4.13,1000.0,1.09,998.91,2353.4500000000003,1.09,2159.1284403669724,,0.0,275.1,0.3,False
2026-01-21T17:59:40Z,2026-01-21T12:59:40-05:00,2026-02-15 13:30 UTC,,FA Cup,1.253003251,35172760,Grimsby v Wolves,AWAY,48044,SEL_48044,1.09,4.13,1000.0,1.09,998.91,414.82,1.09,380.5688073394495,,0.0,275.1,0.3,False
2026-01-21T17:59:40Z,2026-01-21T12:59:40-05:00,2026-02-15 13:30 UTC,,FA Cup,1.253003251,35172760,Grimsby v Wolves,HOME,48001,SEL_48001,1.09,4.13,1000.0,1.09,998.91,414.82,1.09,380.5688073394495,,0.0,275.1,0.3,False
2026-01-21T17:59:40Z,2026-01-21T12:59:40-05:00,2026-02-15 13:30 UTC,,FA Cup,1.253003251,35172760,Grimsby v Wolves,DRAW,58805,SEL_58805,1.09,4.13,1000.0,1.09,998.91,100.86,1.09,92.5321100917431,,0.0,275.1,0.3,False
2026-01-21T17:59:40Z,2026-01-21T12:59:40-05:00,2026-02-15 14:00 UTC,,FA Cup,1.253003372,35172773,Oxford Utd v Sunderland,DRAW,58805,SEL_58805,1.09,4.13,1000.0,1.09,998.91,100.86,1.09,92.5321100917431,,0.0,275.1,0.3,False
2026-01-21T17:59:40Z,2026-01-21T12:59:40-05:00,2026-02-15 14:00 UTC,,FA Cup,1.253003372,35172773,Oxford Utd v Sunderland,AWAY,62783,SEL_62783,1.09,4.13,1000.0,1.09,998.91,414.82,1.09,380.5688073394495,,0.0,275.1,0.3,False
2026-01-21T17:59:40Z,2026-01-21T12:59:40-05:00,2026-02-15 14:00 UTC,,FA Cup,1.253003372,35172773,Oxford Utd v Sunderland,HOME,256171,SEL_256171,1.09,4.13,1000.0,1.09,998.91,414.82,1.09,380.5688073394495,,0.0,275.1,0.3,False
2026-01-21T17:59:40Z,2026-01-21T12:59:40-05:00,2026-02-15 14:00 UTC,,FA Cup,1.253003493,35172767,Stoke v Fulham,DRAW,58805,SEL_58805,1.09,4.13,1000.0,1.09,998.91,100.86,1.09,92.5321100917431,,0.0,275.1,0.3,False
2026-01-21T17:59:40Z,2026-01-21T12:59:40-05:00,2026-02-15 14:00 UTC,,FA Cup,1.253003493,35172767,Stoke v Fulham,HOME,69720,SEL_69720,1.09,4.13,1000.0,1.09,998.91,414.82,1.09,380.5688073394495,,0.0,275.1,0.3,False
2026-01-21T17:59:40Z,2026-01-21T12:59:40-05:00,2026-02-15 14:00 UTC,,FA Cup,1.253003493,35172767,Stoke v Fulham,AWAY,56764,SEL_56764,1.09,4.13,1000.0,1.09,998.91,414.82,1.09,380.5688073394495,,0.0,275.1,0.3,False
2026-01-21T17:59:40Z,2026-01-21T12:59:40-05:00,2026-02-15 16:30 UTC,,FA Cup,1.253003614,35172745,Arsenal v Wigan,DRAW,58805,SEL_58805,1.09,4.13,1000.0,1.09,998.91,100.86,1.09,92.5321100917431,,0.0,275.1,0.3,False
2026-01-21T17:59:40Z,2026-01-21T12:59:40-05:00,2026-02-15 16:30 UTC,,FA Cup,1.253003614,35172745,Arsenal v Wigan,HOME,1096,SEL_1096,1.09,4.13,1000.0,1.09,998.91,2353.4500000000003,1.09,2159.1284403669724,,0.0,275.1,0.3,False
2026-01-21T17:59:40Z,2026-01-21T12:59:40-05:00,2026-02-15 16:30 UTC,,FA Cup,1.253003614,35172745,Arsenal v Wigan,AWAY,69746,SEL_69746,1.09,4.13,1000.0,1.09,998.91,2353.4500000000003,1.09,2159.1284403669724,,0.0,275.1,0.3,False
2026-01-21T17:59:40Z,2026-01-21T12:59:40-05:00,2026-02-16 19:30 UTC,,FA Cup,1.253003735,35172764,Macclesfield v Brentford,AWAY,78864,SEL_78864,1.09,4.13,1000.0,1.09,998.91,2353.4500000000003,1.09,2159.1284403669724,,0.0,275.1,0.3,False
2026-01-21T17:59:40Z,2026-01-21T12:59:40-05:00,2026-02-16 19:30 UTC,,FA Cup,1.253003735,35172764,Macclesfield v Brentford,DRAW,58805,SEL_58805,1.09,4.13,1000.0,1.09,998.91,100.86,1.09,92.5321100917431,,0.0,275.1,0.3,False
2026-01-21T17:59:40Z,2026-01-21T12:59:40-05:00,2026-02-16 19:30 UTC,,FA Cup,1.253003735,35172764,Macclesfield v Brentford,HOME,69817,SEL_69817,1.09,4.13,1000.0,1.09,998.91,2353.4500000000003,1.09,2159.1284403669724,,0.0,275.1,0.3,False
2026-01-21T18:02:49Z,2026-01-21T13:02:49-05:00,2026-02-14 15:00 UTC,,FA Cup,1.253002724,35172762,Norwich v West Brom,HOME,47998,SEL_47998,2.6,31.74,2.7,783.95,0.10000000000000009,92.0,1936.48,0.04750888209534826,10479.12,12309.36,162.7,37.2,False
2026-01-21T18:02:49Z,2026-01-21T13:02:49-05:00,2026-02-14 15:00 UTC,,FA Cup,1.253002724,35172762,Norwich v West Brom,DRAW,58805,SEL_58805,1.61,60.41,980.0,1.2,978.39,2309.04,1.27,1818.1417322834645,,12309.36,162.7,37.2,False
2026-01-21T18:02:49Z,2026-01-21T13:02:49-05:00,2026-02-14 15:00 UTC,,FA Cup,1.253002724,35172762,Norwich v West Brom,AWAY,1703,SEL_1703,1.61,60.41,980.0,1.2,978.39,2309.04,1.27,1818.1417322834645,,12309.36,162.7,37.2,False
2026-01-21T18:11:50Z,2026-01-21T13:11:50-05:00,2026-02-14 15:00 UTC,,FA Cup,1.253002724,35172762,Norwich v West Brom,HOME,47998,SEL_47998,2.6,31.74,2.7,783.95,0.10000000000000009,92.0,1936.48,0.04750888209534826,10479.12,12309.36,162.7,37.2,False
2026-01-21T18:11:50Z,2026-01-21T13:11:50-05:00,2026-02-14 15:00 UTC,,FA Cup,1.253002724,35172762,Norwich v West Brom,DRAW,58805,SEL_58805,1.61,60.41,980.0,1.2,978.39,2309.04,1.27,1818.1417322834645,,12309.36,162.7,37.2,False
2026-01-21T18:11:50Z,2026-01-21T13:11:50-05:00,2026-02-14 15:00 UTC,,FA Cup,1.253002724,35172762,Norwich v West Brom,AWAY,1703,SEL_1703,1.61,60.41,980.0,1.2,978.39,2309.04,1.27,1818.1417322834645,,12309.36,162.7,37.2,False
2026-01-21T18:42:18Z,2026-01-21T13:42:18-05:00,2026-02-13 19:45 UTC,2026-02-13T14:45-05:00,FA Cup,1.253002340,35172757,Hull v Chelsea,AWAY,55190,SEL_55190,1.09,4.14,1000.0,1.09,998.91,3528.78,1.09,3237.412844036697,,0.0,275.1,0.3,False
2026-01-21T18:42:18Z,2026-01-21T13:42:18-05:00,2026-02-13 19:45 UTC,2026-02-13T14:45-05:00,FA Cup,1.253002340,35172757,Hull v Chelsea,HOME,70385,SEL_70385,1.09,4.14,1000.0,1.09,998.91,3528.78,1.09,3237.412844036697,,0.0,275.1,0.3,False
2026-01-21T18:42:18Z,2026-01-21T13:42:18-05:00,2026-02-13 19:45 UTC,2026-02-13T14:45-05:00,FA Cup,1.253002340,35172757,Hull v Chelsea,DRAW,58805,SEL_58805,1.09,4.14,1000.0,1.09,998.91,100.78,1.09,92.45871559633026,,0.0,275.1,0.3,False
2026-01-21T18:42:18Z,2026-01-21T13:42:18-05:00,2026-02-13 19:45 UTC,2026-02-13T14:45-05:00,FA Cup,1.253002218,35172758,Wrexham v Ipswich,HOME,63604,SEL_63604,1.09,4.14,1000.0,1.09,998.91,2353.9,1.09,2159.5412844036696,,0.0,275.1,0.3,False
2026-01-21T18:42:18Z,2026-01-21T13:42:18-05:00,2026-02-13 19:45 UTC,2026-02-13T14:45-05:00,FA Cup,1.253002218,35172758,Wrexham v Ipswich,DRAW,58805,SEL_58805,1.09,4.14,1000.0,1.09,998.91,100.78,1.09,92.45871559633026,,0.0,275.1,0.3,False
2026-01-21T18:42:18Z,2026-01-21T13:42:18-05:00,2026-02-13 19:45 UTC,2026-02-13T14:45-05:00,FA Cup,1.253002218,35172758,Wrexham v Ipswich,AWAY,48324,SEL_48324,1.09,4.14,1000.0,1.09,998.91,2353.9,1.09,2159.5412844036696,,0.0,275.1,0.3,False
2026-01-21T18:42:18Z,2026-01-21T13:42:18-05:00,2026-02-14 12:15 UTC,2026-02-14T07:15-05:00,FA Cup,1.253002461,35172777,Burton Albion v West Ham,DRAW,58805,SEL_58805,1.09,4.14,1000.0,1.09,998.91,100.78,1.09,92.45871559633026,,0.0,275.1,0.3,False
2026-01-21T18:42:18Z,2026-01-21T13:42:18-05:00,2026-02-14 12:15 UTC,2026-02-14T07:15-05:00,FA Cup,1.253002461,35172777,Burton Albion v West Ham,AWAY,48756,SEL_48756,1.09,4.14,1000.0,1.09,998.91,2353.9,1.09,2159.5412844036696,,0.0,275.1,0.3,False
2026-01-21T18:42:18Z,2026-01-21T13:42:18-05:00,2026-02-14 12:15 UTC,2026-02-14T07:15-05:00,FA Cup,1.253002461,35172777,Burton Albion v West Ham,HOME,28592,SEL_28592,1.09,4.14,1000.0,1.09,998.91,2353.9,1.09,2159.5412844036696,,0.0,275.1,0.3,False
2026-01-21T18:42:18Z,2026-01-21T13:42:18-05:00,2026-02-14 15:00 UTC,2026-02-14T10:00-05:00,FA Cup,1.253002597,35172774,Burnley v Mansfield,DRAW,58805,SEL_58805,1.09,4.14,1000.0,1.09,998.91,100.78,1.09,92.45871559633026,,0.0,275.1,0.3,False
2026-01-21T18:42:18Z,2026-01-21T13:42:18-05:00,2026-02-14 15:00 UTC,2026-02-14T10:00-05:00,FA Cup,1.253002597,35172774,Burnley v Mansfield,HOME,56299,SEL_56299,1.09,4.14,1000.0,1.09,998.91,414.47,1.09,380.2477064220183,,0.0,275.1,0.3,False
2026-01-21T18:42:18Z,2026-01-21T13:42:18-05:00,2026-02-14 15:00 UTC,2026-02-14T10:00-05:00,FA Cup,1.253002597,35172774,Burnley v Mansfield,AWAY,69716,SEL_69716,1.09,4.14,1000.0,1.09,998.91,414.47,1.09,380.2477064220183,,0.0,275.1,0.3,False
2026-01-21T18:42:18Z,2026-01-21T13:42:18-05:00,2026-02-14 15:00 UTC,2026-02-14T10:00-05:00,FA Cup,1.253002724,35172762,Norwich v West Brom,HOME,47998,SEL_47998,2.6,31.75,2.7,775.44,0.10000000000000009,92.02000000000001,1928.19,0.04772351272436845,10493.86,12329.02,162.7,37.2,False
2026-01-21T18:42:18Z,2026-01-21T13:42:18-05:00,2026-02-14 15:00 UTC,2026-02-14T10:00-05:00,FA Cup,1.253002724,35172762,Norwich v West Brom,DRAW,58805,SEL_58805,1.61,60.42,980.0,1.2,978.39,2294.68,1.27,1806.8346456692911,,12329.02,162.7,37.2,False
2026-01-21T18:42:18Z,2026-01-21T13:42:18-05:00,2026-02-14 15:00 UTC,2026-02-14T10:00-05:00,FA Cup,1.253002724,35172762,Norwich v West Brom,AWAY,1703,SEL_1703,1.61,60.42,980.0,1.2,978.39,2294.68,1.27,1806.8346456692911,,12329.02,162.7,37.2,False
2026-01-21T18:42:18Z,2026-01-21T13:42:18-05:00,2026-02-14 17:45 UTC,2026-02-14T12:45-05:00,FA Cup,1.253002845,35172780,Aston Villa v Newcastle,HOME,63908,SEL_63908,1.09,4.14,1000.0,1.09,998.91,4814.05,1.09,4416.559633027523,,0.0,275.1,0.3,False
2026-01-21T18:42:18Z,2026-01-21T13:42:18-05:00,2026-02-14 17:45 UTC,2026-02-14T12:45-05:00,FA Cup,1.253002845,35172780,Aston Villa v Newcastle,DRAW,58805,SEL_58805,1.09,4.14,1000.0,1.09,998.91,100.89,1.09,92.55963302752293,,0.0,275.1,0.3,False
2026-01-21T18:42:18Z,2026-01-21T13:42:18-05:00,2026-02-14 17:45 UTC,2026-02-14T12:45-05:00,FA Cup,1.253002845,35172780,Aston Villa v Newcastle,AWAY,25422,SEL_25422,1.09,4.14,1000.0,1.09,998.91,4814.05,1.09,4416.559633027523,,0.0,275.1,0.3,False
2026-01-21T18:42:18Z,2026-01-21T13:42:18-05:00,2026-02-14 20:00 UTC,2026-02-14T15:00-05:00,FA Cup,1.253002966,35172770,Liverpool v Brighton,AWAY,18567,SEL_18567,1.09,4.14,1000.0,1.09,998.91,3528.78,1.09,3237.412844036697,,0.0,275.1,0.3,False
2026-01-21T18:42:18Z,2026-01-21T13:42:18-05:00,2026-02-14 20:00 UTC,2026-02-14T15:00-05:00,FA Cup,1.253002966,35172770,Liverpool v Brighton,HOME,56323,SEL_56323,1.09,4.14,1000.0,1.09,998.91,3528.78,1.09,3237.412844036697,,0.0,275.1,0.3,False
2026-01-21T18:42:18Z,2026-01-21T13:42:18-05:00,2026-02-14 20:00 UTC,2026-02-14T15:00-05:00,FA Cup,1.253002966,35172770,Liverpool v Brighton,DRAW,58805,SEL_58805,1.09,4.14,1000.0,1.09,998.91,100.89,1.09,92.55963302752293,,0.0,275.1,0.3,False
2026-01-21T18:42:18Z,2026-01-21T13:42:18-05:00,2026-02-15 12:00 UTC,2026-02-15T07:00-05:00,FA Cup,1.253003130,35172769,Birmingham v Leeds,AWAY,48317,SEL_48317,1.09,4.14,1000.0,1.09,998.91,2353.9,1.09,2159.5412844036696,,0.0,275.1,0.3,False
2026-01-21T18:42:18Z,2026-01-21T13:42:18-05:00,2026-02-15 12:00 UTC,2026-02-15T07:00-05:00,FA Cup,1.253003130,35172769,Birmingham v Leeds,DRAW,58805,SEL_58805,1.09,4.14,1000.0,1.09,998.91,100.89,1.09,92.55963302752293,,0.0,275.1,0.3,False
2026-01-21T18:42:18Z,2026-01-21T13:42:18-05:00,2026-02-15 12:00 UTC,2026-02-15T07:00-05:00,FA Cup,1.253003130,35172769,Birmingham v Leeds,HOME,48759,SEL_48759,1.09,4.14,1000.0,1.09,998.91,2353.9,1.09,2159.5412844036696,,0.0,275.1,0.3,False
2026-01-21T18:42:18Z,2026-01-21T13:42:18-05:00,2026-02-15 13:30 UTC,2026-02-15T08:30-05:00,FA Cup,1.253003251,35172760,Grimsby v Wolves,AWAY,48044,SEL_48044,1.09,4.14,1000.0,1.09,998.91,414.90000000000003,1.09,380.64220183486236,,0.0,275.1,0.3,False
2026-01-21T18:42:18Z,2026-01-21T13:42:18-05:00,2026-02-15 13:30 UTC,2026-02-15T08:30-05:00,FA Cup,1.253003251,35172760,Grimsby v Wolves,HOME,48001,SEL_48001,1.09,4.14,1000.0,1.09,998.91,414.90000000000003,1.09,380.64220183486236,,0.0,275.1,0.3,False
2026-01-21T18:42:18Z,2026-01-21T13:42:18-05:00,2026-02-15 13:30 UTC,2026-02-15T08:30-05:00,FA Cup,1.253003251,35172760,Grimsby v Wolves,DRAW,58805,SEL_58805,1.09,4.14,1000.0,1.09,998.91,100.89,1.09,92.55963302752293,,0.0,275.1,0.3,False
2026-01-21T18:42:18Z,2026-01-21T13:42:18-05:00,2026-02-15 14:00 UTC,2026-02-15T09:00-05:00,FA Cup,1.253003372,35172773,Oxford Utd v Sunderland,DRAW,58805,SEL_58805,1.09,4.14,1000.0,1.09,998.91,100.89,1.09,92.55963302752293,,0.0,275.1,0.3,False
2026-01-21T18:42:18Z,2026-01-21T13:42:18-05:00,2026-02-15 14:00 UTC,2026-02-15T09:00-05:00,FA Cup,1.253003372,35172773,Oxford Utd v Sunderland,AWAY,62783,SEL_62783,1.09,4.14,1000.0,1.09,998.91,414.90000000000003,1.09,380.64220183486236,,0.0,275.1,0.3,False
2026-01-21T18:42:18Z,2026-01-21T13:42:18-05:00,2026-02-15 14:00 UTC,2026-02-15T09:00-05:00,FA Cup,1.253003372,35172773,Oxford Utd v Sunderland,HOME,256171,SEL_256171,1.09,4.14,1000.0,1.09,998.91,414.90000000000003,1.09,380.64220183486236,,0.0,275.1,0.3,False
2026-01-21T18:42:18Z,2026-01-21T13:42:18-05:00,2026-02-15 14:00 UTC,2026-02-15T09:00-05:00,FA Cup,1.253003493,35172767,Stoke v Fulham,DRAW,58805,SEL_58805,1.09,4.14,1000.0,1.09,998.91,100.89,1.09,92.55963302752293,,0.0,275.1,0.3,False
2026-01-21T18:42:18Z,2026-01-21T13:42:18-05:00,2026-02-15 14:00 UTC,2026-02-15T09:00-05:00,FA Cup,1.253003493,35172767,Stoke v Fulham,HOME,69720,SEL_69720,1.09,4.14,1000.0,1.09,998.91,414.90000000000003,1.09,380.64220183486236,,0.0,275.1,0.3,False
2026-01-21T18:42:18Z,2026-01-21T13:42:18-05:00,2026-02-15 14:00 UTC,2026-02-15T09:00-05:00,FA Cup,1.253003493,35172767,Stoke v Fulham,AWAY,56764,SEL_56764,1.09,4.14,1000.0,1.09,998.91,414.90000000000003,1.09,380.64220183486236,,0.0,275.1,0.3,False
2026-01-21T18:42:18Z,2026-01-21T13:42:18-05:00,2026-02-15 16:30 UTC,2026-02-15T11:30-05:00,FA Cup,1.253003614,35172745,Arsenal v Wigan,DRAW,58805,SEL_58805,1.09,4.14,1000.0,1.09,998.91,100.89,1.09,92.55963302752293,,0.0,275.1,0.3,False
2026-01-21T18:42:18Z,2026-01-21T13:42:18-05:00,2026-02-15 16:30 UTC,2026-02-15T11:30-05:00,FA Cup,1.253003614,35172745,Arsenal v Wigan,HOME,1096,SEL_1096,1.09,4.14,1000.0,1.09,998.91,2353.9,1.09,2159.5412844036696,,0.0,275.1,0.3,False
2026-01-21T18:42:18Z,2026-01-21T13:42:18-05:00,2026-02-15 16:30 UTC,2026-02-15T11:30-05:00,FA Cup,1.253003614,35172745,Arsenal v Wigan,AWAY,69746,SEL_69746,1.09,4.14,1000.0,1.09,998.91,2353.9,1.09,2159.5412844036696,,0.0,275.1,0.3,False
2026-01-21T18:42:18Z,2026-01-21T13:42:18-05:00,2026-02-16 19:30 UTC,2026-02-16T14:30-05:00,FA Cup,1.253003735,35172764,Macclesfield v Brentford,AWAY,78864,SEL_78864,1.09,4.14,1000.0,1.09,998.91,2353.9,1.09,2159.5412844036696,,0.0,275.1,0.3,False
2026-01-21T18:42:18Z,2026-01-21T13:42:18-05:00,2026-02-16 19:30 UTC,2026-02-16T14:30-05:00,FA Cup,1.253003735,35172764,Macclesfield v Brentford,DRAW,58805,SEL_58805,1.09,4.14,1000.0,1.09,998.91,100.89,1.09,92.55963302752293,,0.0,275.1,0.3,False
2026-01-21T18:42:18Z,2026-01-21T13:42:18-05:00,2026-02-16 19:30 UTC,2026-02-16T14:30-05:00,FA Cup,1.253003735,35172764,Macclesfield v Brentford,HOME,69817,SEL_69817,1.09,4.14,1000.0,1.09,998.91,2353.9,1.09,2159.5412844036696,,0.0,275.1,0.3,False
2026-01-21T18:53:51Z,2026-01-21T13:53:51-05:00,2026-02-14 15:00 UTC,2026-02-14T10:00-05:00,FA Cup,1.253002724,35172762,Norwich v West Brom,HOME,47998,SEL_47998,2.6,31.75,2.7,774.02,0.10000000000000009,92.02000000000001,1926.77,0.0477586842228185,10496.28,12331.87,162.7,37.2,False
2026-01-21T18:53:51Z,2026-01-21T13:53:51-05:00,2026-02-14 15:00 UTC,2026-02-14T10:00-05:00,FA Cup,1.253002724,35172762,Norwich v West Brom,DRAW,58805,SEL_58805,1.61,60.42,980.0,1.2,978.39,2292.24,1.27,1804.9133858267714,,12331.87,162.7,37.2,False
2026-01-21T18:53:51Z,2026-01-21T13:53:51-05:00,2026-02-14 15:00 UTC,2026-02-14T10:00-05:00,FA Cup,1.253002724,35172762,Norwich v West Brom,AWAY,1703,SEL_1703,1.61,60.42,980.0,1.2,978.39,2292.24,1.27,1804.9133858267714,,12331.87,162.7,37.2,False
2026-01-21T18:56:18Z,2026-01-21T13:56:18-05:00,2026-02-13 19:45 UTC,2026-02-13T14:45-05:00,FA Cup,1.253002340,35172757,Hull v Chelsea,AWAY,55190,SEL_55190,1.09,4.14,1000.0,1.09,998.91,3528.78,1.09,3237.412844036697,,0.0,275.1,0.3,False
2026-01-21T18:56:18Z,2026-01-21T13:56:18-05:00,2026-02-13 19:45 UTC,2026-02-13T14:45-05:00,FA Cup,1.253002340,35172757,Hull v Chelsea,HOME,70385,SEL_70385,1.09,4.14,1000.0,1.09,998.91,3528.78,1.09,3237.412844036697,,0.0,275.1,0.3,False
2026-01-21T18:56:18Z,2026-01-21T13:56:18-05:00,2026-02-13 19:45 UTC,2026-02-13T14:45-05:00,FA Cup,1.253002340,35172757,Hull v Chelsea,DRAW,58805,SEL_58805,1.09,4.14,1000.0,1.09,998.91,100.78,1.09,92.45871559633026,,0.0,275.1,0.3,False
2026-01-21T18:56:18Z,2026-01-21T13:56:18-05:00,2026-02-13 19:45 UTC,2026-02-13T14:45-05:00,FA Cup,1.253002218,35172758,Wrexham v Ipswich,HOME,63604,SEL_63604,1.09,4.14,1000.0,1.09,998.91,2353.9,1.09,2159.5412844036696,,0.0,275.1,0.3,False
2026-01-21T18:56:18Z,2026-01-21T13:56:18-05:00,2026-02-13 19:45 UTC,2026-02-13T14:45-05:00,FA Cup,1.253002218,35172758,Wrexham v Ipswich,DRAW,58805,SEL_58805,1.09,4.14,1000.0,1.09,998.91,100.78,1.09,92.45871559633026,,0.0,275.1,0.3,False
2026-01-21T18:56:18Z,2026-01-21T13:56:18-05:00,2026-02-13 19:45 UTC,2026-02-13T14:45-05:00,FA Cup,1.253002218,35172758,Wrexham v Ipswich,AWAY,48324,SEL_48324,1.09,4.14,1000.0,1.09,998.91,2353.9,1.09,2159.5412844036696,,0.0,275.1,0.3,False
2026-01-21T18:56:18Z,2026-01-21T13:56:18-05:00,2026-02-14 12:15 UTC,2026-02-14T07:15-05:00,FA Cup,1.253002461,35172777,Burton Albion v West Ham,DRAW,58805,SEL_58805,1.09,4.14,1000.0,1.09,998.91,100.78,1.09,92.45871559633026,,0.0,275.1,0.3,False
2026-01-21T18:56:18Z,2026-01-21T13:56:18-05:00,2026-02-14 12:15 UTC,2026-02-14T07:15-05:00,FA Cup,1.253002461,35172777,Burton Albion v West Ham,AWAY,48756,SEL_48756,1.09,4.14,1000.0,1.09,998.91,2353.9,1.09,2159.5412844036696,,0.0,275.1,0.3,False
2026-01-21T18:56:18Z,2026-01-21T13:56:18-05:00,2026-02-14 12:15 UTC,2026-02-14T07:15-05:00,FA Cup,1.253002461,35172777,Burton Albion v West Ham,HOME,28592,SEL_28592,1.09,4.14,1000.0,1.09,998.91,2353.9,1.09,2159.5412844036696,,0.0,275.1,0.3,False
2026-01-21T18:56:18Z,2026-01-21T13:56:18-05:00,2026-02-14 15:00 UTC,2026-02-14T10:00-05:00,FA Cup,1.253002597,35172774,Burnley v Mansfield,DRAW,58805,SEL_58805,1.09,4.14,1000.0,1.09,998.91,100.78,1.09,92.45871559633026,,0.0,275.1,0.3,False
2026-01-21T18:56:18Z,2026-01-21T13:56:18-05:00,2026-02-14 15:00 UTC,2026-02-14T10:00-05:00,FA Cup,1.253002597,35172774,Burnley v Mansfield,HOME,56299,SEL_56299,1.09,4.14,1000.0,1.09,998.91,414.47,1.09,380.2477064220183,,0.0,275.1,0.3,False
2026-01-21T18:56:18Z,2026-01-21T13:56:18-05:00,2026-02-14 15:00 UTC,2026-02-14T10:00-05:00,FA Cup,1.253002597,35172774,Burnley v Mansfield,AWAY,69716,SEL_69716,1.09,4.14,1000.0,1.09,998.91,414.47,1.09,380.2477064220183,,0.0,275.1,0.3,False
2026-01-21T18:56:18Z,2026-01-21T13:56:18-05:00,2026-02-14 15:00 UTC,2026-02-14T10:00-05:00,FA Cup,1.253002724,35172762,Norwich v West Brom,HOME,47998,SEL_47998,2.6,31.75,2.7,774.02,0.10000000000000009,92.02000000000001,1926.77,0.0477586842228185,10496.28,12331.87,162.7,37.2,False
2026-01-21T18:56:18Z,2026-01-21T13:56:18-05:00,2026-02-14 15:00 UTC,2026-02-14T10:00-05:00,FA Cup,1.253002724,35172762,Norwich v West Brom,DRAW,58805,SEL_58805,1.61,60.42,980.0,1.2,978.39,2292.24,1.27,1804.9133858267714,,12331.87,162.7,37.2,False
2026-01-21T18:56:18Z,2026-01-21T13:56:18-05:00,2026-02-14 15:00 UTC,2026-02-14T10:00-05:00,FA Cup,1.253002724,35172762,Norwich v West Brom,AWAY,1703,SEL_1703,1.61,60.42,980.0,1.2,978.39,2292.24,1.27,1804.9133858267714,,12331.87,162.7,37.2,False
2026-01-21T18:56:18Z,2026-01-21T13:56:18-05:00,2026-02-14 17:45 UTC,2026-02-14T12:45-05:00,FA Cup,1.253002845,35172780,Aston Villa v Newcastle,HOME,63908,SEL_63908,1.09,4.14,1000.0,1.09,998.91,4814.05,1.09,4416.559633027523,,0.0,275.1,0.3,False
2026-01-21T18:56:18Z,2026-01-21T13:56:18-05:00,2026-02-14 17:45 UTC,2026-02-14T12:45-05:00,FA Cup,1.253002845,35172780,Aston Villa v Newcastle,DRAW,58805,SEL_58805,1.09,4.14,1000.0,1.09,998.91,100.89,1.09,92.55963302752293,,0.0,275.1,0.3,False
2026-01-21T18:56:18Z,2026-01-21T13:56:18-05:00,2026-02-14 17:45 UTC,2026-02-14T12:45-05:00,FA Cup,1.253002845,35172780,Aston Villa v Newcastle,AWAY,25422,SEL_25422,1.09,4.14,1000.0,1.09,998.91,4814.05,1.09,4416.559633027523,,0.0,275.1,0.3,False
2026-01-21T18:56:18Z,2026-01-21T13:56:18-05:00,2026-02-14 20:00 UTC,2026-02-14T15:00-05:00,FA Cup,1.253002966,35172770,Liverpool v Brighton,AWAY,18567,SEL_18567,1.09,4.14,1000.0,1.09,998.91,3528.78,1.09,3237.412844036697,,0.0,275.1,0.3,False
2026-01-21T18:56:18Z,2026-01-21T13:56:18-05:00,2026-02-14 20:00 UTC,2026-02-14T15:00-05:00,FA Cup,1.253002966,35172770,Liverpool v Brighton,HOME,56323,SEL_56323,1.09,4.14,1000.0,1.09,998.91,3528.78,1.09,3237.412844036697,,0.0,275.1,0.3,False
2026-01-21T18:56:18Z,2026-01-21T13:56:18-05:00,2026-02-14 20:00 UTC,2026-02-14T15:00-05:00,FA Cup,1.253002966,35172770,Liverpool v Brighton,DRAW,58805,SEL_58805,1.09,4.14,1000.0,1.09,998.91,100.89,1.09,92.55963302752293,,0.0,275.1,0.3,False
2026-01-21T18:56:18Z,2026-01-21T13:56:18-05:00,2026-02-15 12:00 UTC,2026-02-15T07:00-05:00,FA Cup,1.253003130,35172769,Birmingham v Leeds,AWAY,48317,SEL_48317,1.09,4.14,1000.0,1.09,998.91,2353.9,1.09,2159.5412844036696,,0.0,275.1,0.3,False
2026-01-21T18:56:18Z,2026-01-21T13:56:18-05:00,2026-02-15 12:00 UTC,2026-02-15T07:00-05:00,FA Cup,1.253003130,35172769,Birmingham v Leeds,DRAW,58805,SEL_58805,1.09,4.14,1000.0,1.09,998.91,100.89,1.09,92.55963302752293,,0.0,275.1,0.3,False
2026-01-21T18:56:18Z,2026-01-21T13:56:18-05:00,2026-02-15 12:00 UTC,2026-02-15T07:00-05:00,FA Cup,1.253003130,35172769,Birmingham v Leeds,HOME,48759,SEL_48759,1.09,4.14,1000.0,1.09,998.91,2353.9,1.09,2159.5412844036696,,0.0,275.1,0.3,False
2026-01-21T18:56:18Z,2026-01-21T13:56:18-05:00,2026-02-15 13:30 UTC,2026-02-15T08:30-05:00,FA Cup,1.253003251,35172760,Grimsby v Wolves,AWAY,48044,SEL_48044,1.09,4.14,1000.0,1.09,998.91,414.90000000000003,1.09,380.64220183486236,,0.0,275.1,0.3,False
2026-01-21T18:56:18Z,2026-01-21T13:56:18-05:00,2026-02-15 13:30 UTC,2026-02-15T08:30-05:00,FA Cup,1.253003251,35172760,Grimsby v Wolves,HOME,48001,SEL_48001,1.09,4.14,1000.0,1.09,998.91,414.90000000000003,1.09,380.64220183486236,,0.0,275.1,0.3,False
2026-01-21T18:56:18Z,2026-01-21T13:56:18-05:00,2026-02-15 13:30 UTC,2026-02-15T08:30-05:00,FA Cup,1.253003251,35172760,Grimsby v Wolves,DRAW,58805,SEL_58805,1.09,4.14,1000.0,1.09,998.91,100.89,1.09,92.55963302752293,,0.0,275.1,0.3,False
2026-01-21T18:56:18Z,2026-01-21T13:56:18-05:00,2026-02-15 14:00 UTC,2026-02-15T09:00-05:00,FA Cup,1.253003372,35172773,Oxford Utd v Sunderland,DRAW,58805,SEL_58805,1.09,4.14,1000.0,1.09,998.91,100.89,1.09,92.55963302752293,,0.0,275.1,0.3,False
2026-01-21T18:56:18Z,2026-01-21T13:56:18-05:00,2026-02-15 14:00 UTC,2026-02-15T09:00-05:00,FA Cup,1.253003372,35172773,Oxford Utd v Sunderland,AWAY,62783,SEL_62783,1.09,4.14,1000.0,1.09,998.91,414.90000000000003,1.09,380.64220183486236,,0.0,275.1,0.3,False
2026-01-21T18:56:18Z,2026-01-21T13:56:18-05:00,2026-02-15 14:00 UTC,2026-02-15T09:00-05:00,FA Cup,1.253003372,35172773,Oxford Utd v Sunderland,HOME,256171,SEL_256171,1.09,4.14,1000.0,1.09,998.91,414.90000000000003,1.09,380.64220183486236,,0.0,275.1,0.3,False
2026-01-21T18:56:18Z,2026-01-21T13:56:18-05:00,2026-02-15 14:00 UTC,2026-02-15T09:00-05:00,FA Cup,1.253003493,35172767,Stoke v Fulham,DRAW,58805,SEL_58805,1.09,4.14,1000.0,1.09,998.91,100.89,1.09,92.55963302752293,,0.0,275.1,0.3,False
2026-01-21T18:56:18Z,2026-01-21T13:56:18-05:00,2026-02-15 14:00 UTC,2026-02-15T09:00-05:00,FA Cup,1.253003493,35172767,Stoke v Fulham,HOME,69720,SEL_69720,1.09,4.14,1000.0,1.09,998.91,414.90000000000003,1.09,380.64220183486236,,0.0,275.1,0.3,False
2026-01-21T18:56:18Z,2026-01-21T13:56:18-05:00,2026-02-15 14:00 UTC,2026-02-15T09:00-05:00,FA Cup,1.253003493,35172767,Stoke v Fulham,AWAY,56764,SEL_56764,1.09,4.14,1000.0,1.09,998.91,414.90000000000003,1.09,380.64220183486236,,0.0,275.1,0.3,False
2026-01-21T18:56:18Z,2026-01-21T13:56:18-05:00,2026-02-15 16:30 UTC,2026-02-15T11:30-05:00,FA Cup,1.253003614,35172745,Arsenal v Wigan,DRAW,58805,SEL_58805,1.09,4.14,1000.0,1.09,998.91,100.89,1.09,92.55963302752293,,0.0,275.1,0.3,False
2026-01-21T18:56:18Z,2026-01-21T13:56:18-05:00,2026-02-15 16:30 UTC,2026-02-15T11:30-05:00,FA Cup,1.253003614,35172745,Arsenal v Wigan,HOME,1096,SEL_1096,1.09,4.14,1000.0,1.09,998.91,2353.9,1.09,2159.5412844036696,,0.0,275.1,0.3,False
2026-01-21T18:56:18Z,2026-01-21T13:56:18-05:00,2026-02-15 16:30 UTC,2026-02-15T11:30-05:00,FA Cup,1.253003614,35172745,Arsenal v Wigan,AWAY,69746,SEL_69746,1.09,4.14,1000.0,1.09,998.91,2353.9,1.09,2159.5412844036696,,0.0,275.1,0.3,False
2026-01-21T18:56:18Z,2026-01-21T13:56:18-05:00,2026-02-16 19:30 UTC,2026-02-16T14:30-05:00,FA Cup,1.253003735,35172764,Macclesfield v Brentford,AWAY,78864,SEL_78864,1.09,4.14,1000.0,1.09,998.91,2353.9,1.09,2159.5412844036696,,0.0,275.1,0.3,False
2026-01-21T18:56:18Z,2026-01-21T13:56:18-05:00,2026-02-16 19:30 UTC,2026-02-16T14:30-05:00,FA Cup,1.253003735,35172764,Macclesfield v Brentford,DRAW,58805,SEL_58805,1.09,4.14,1000.0,1.09,998.91,100.89,1.09,92.55963302752293,,0.0,275.1,0.3,False
2026-01-21T18:56:18Z,2026-01-21T13:56:18-05:00,2026-02-16 19:30 UTC,2026-02-16T14:30-05:00,FA Cup,1.253003735,35172764,Macclesfield v Brentford,HOME,69817,SEL_69817,1.09,4.14,1000.0,1.09,998.91,2353.9,1.09,2159.5412844036696,,0.0,275.1,0.3,False
2026-01-21T18:58:07Z,2026-01-21T13:58:07-05:00,2026-02-14 15:00 UTC,2026-02-14T10:00-05:00,FA Cup,1.253002724,35172762,Norwich v West Brom,HOME,47998,SEL_47998,2.6,31.75,2.7,772.6,0.10000000000000009,92.02000000000001,1925.35,0.04779390760121537,10498.7,12334.71,162.7,37.2,False
2026-01-21T18:58:07Z,2026-01-21T13:58:07-05:00,2026-02-14 15:00 UTC,2026-02-14T10:00-05:00,FA Cup,1.253002724,35172762,Norwich v West Brom,DRAW,58805,SEL_58805,1.61,60.42,980.0,1.2,978.39,2289.81,1.27,1803.0,,12334.71,162.7,37.2,False
2026-01-21T18:58:07Z,2026-01-21T13:58:07-05:00,2026-02-14 15:00 UTC,2026-02-14T10:00-05:00,FA Cup,1.253002724,35172762,Norwich v West Brom,AWAY,1703,SEL_1703,1.61,60.42,980.0,1.2,978.39,2289.81,1.27,1803.0,,12334.71,162.7,37.2,False
2026-01-21T19:01:08Z,2026-01-21T14:01:08-05:00,2026-02-14 15:00 UTC,2026-02-14T10:00-05:00,FA Cup,1.253002724,35172762,Norwich v West Brom,HOME,47998,SEL_47998,2.6,31.75,2.7,772.81,0.10000000000000009,92.03,1925.98,0.04778346607960623,10499.68,12335.86,160.1,40.8,False
2026-01-21T19:01:08Z,2026-01-21T14:01:08-05:00,2026-02-14 15:00 UTC,2026-02-14T10:00-05:00,FA Cup,1.253002724,35172762,Norwich v West Brom,DRAW,58805,SEL_58805,1.68,123.88,980.0,1.2,978.32,188.45,1.27,148.38582677165354,,12335.86,160.1,40.8,False
2026-01-21T19:01:08Z,2026-01-21T14:01:08-05:00,2026-02-14 15:00 UTC,2026-02-14T10:00-05:00,FA Cup,1.253002724,35172762,Norwich v West Brom,AWAY,1703,SEL_1703,1.61,60.42,27.0,7.71,25.39,2290.54,8.98,255.07126948775053,,12335.86,160.1,40.8,False
2026-01-21T19:16:08Z,2026-01-21T14:16:08-05:00,2026-02-14 15:00 UTC,2026-02-14T10:00-05:00,FA Cup,1.253002724,35172762,Norwich v West Brom,HOME,47998,SEL_47998,2.62,15.36,2.7,772.81,0.08000000000000007,71.68,1925.98,0.03721741658791888,10499.68,12335.86,159.8,40.8,False
2026-01-21T19:16:08Z,2026-01-21T14:16:08-05:00,2026-02-14 15:00 UTC,2026-02-14T10:00-05:00,FA Cup,1.253002724,35172762,Norwich v West Brom,DRAW,58805,SEL_58805,1.68,123.88,980.0,1.2,978.32,188.45,1.27,148.38582677165354,,12335.86,159.8,40.8,False
2026-01-21T19:16:08Z,2026-01-21T14:16:08-05:00,2026-02-14 15:00 UTC,2026-02-14T10:00-05:00,FA Cup,1.253002724,35172762,Norwich v West Brom,AWAY,1703,SEL_1703,1.61,60.42,27.0,7.71,25.39,2290.54,8.98,255.07126948775053,,12335.86,159.8,40.8,False
2026-01-21T19:20:43Z,2026-01-21T14:20:43-05:00,2026-02-13 19:45 UTC,2026-02-13T14:45-05:00,FA Cup,1.253002340,35172757,Hull v Chelsea,AWAY,55190,SEL_55190,1.09,4.14,1000.0,1.09,998.91,3528.78,1.09,3237.412844036697,,0.0,275.1,0.3,False
2026-01-21T19:20:43Z,2026-01-21T14:20:43-05:00,2026-02-13 19:45 UTC,2026-02-13T14:45-05:00,FA Cup,1.253002340,35172757,Hull v Chelsea,HOME,70385,SEL_70385,1.09,4.14,1000.0,1.09,998.91,3528.78,1.09,3237.412844036697,,0.0,275.1,0.3,False
2026-01-21T19:20:43Z,2026-01-21T14:20:43-05:00,2026-02-13 19:45 UTC,2026-02-13T14:45-05:00,FA Cup,1.253002340,35172757,Hull v Chelsea,DRAW,58805,SEL_58805,1.09,4.14,1000.0,1.09,998.91,100.78,1.09,92.45871559633026,,0.0,275.1,0.3,False
2026-01-21T19:20:43Z,2026-01-21T14:20:43-05:00,2026-02-13 19:45 UTC,2026-02-13T14:45-05:00,FA Cup,1.253002218,35172758,Wrexham v Ipswich,HOME,63604,SEL_63604,1.09,4.14,1000.0,1.09,998.91,2353.9,1.09,2159.5412844036696,,0.0,275.1,0.3,False
2026-01-21T19:20:43Z,2026-01-21T14:20:43-05:00,2026-02-13 19:45 UTC,2026-02-13T14:45-05:00,FA Cup,1.253002218,35172758,Wrexham v Ipswich,DRAW,58805,SEL_58805,1.09,4.14,1000.0,1.09,998.91,100.78,1.09,92.45871559633026,,0.0,275.1,0.3,False
2026-01-21T19:20:43Z,2026-01-21T14:20:43-05:00,2026-02-13 19:45 UTC,2026-02-13T14:45-05:00,FA Cup,1.253002218,35172758,Wrexham v Ipswich,AWAY,48324,SEL_48324,1.09,4.14,1000.0,1.09,998.91,2353.9,1.09,2159.5412844036696,,0.0,275.1,0.3,False
2026-01-21T19:20:43Z,2026-01-21T14:20:43-05:00,2026-02-14 12:15 UTC,2026-02-14T07:15-05:00,FA Cup,1.253002461,35172777,Burton Albion v West Ham,DRAW,58805,SEL_58805,1.09,4.14,1000.0,1.09,998.91,100.78,1.09,92.45871559633026,,0.0,275.1,0.3,False
2026-01-21T19:20:43Z,2026-01-21T14:20:43-05:00,2026-02-14 12:15 UTC,2026-02-14T07:15-05:00,FA Cup,1.253002461,35172777,Burton Albion v West Ham,AWAY,48756,SEL_48756,1.09,4.14,1000.0,1.09,998.91,2353.9,1.09,2159.5412844036696,,0.0,275.1,0.3,False
2026-01-21T19:20:43Z,2026-01-21T14:20:43-05:00,2026-02-14 12:15 UTC,2026-02-14T07:15-05:00,FA Cup,1.253002461,35172777,Burton Albion v West Ham,HOME,28592,SEL_28592,1.09,4.14,1000.0,1.09,998.91,2353.9,1.09,2159.5412844036696,,0.0,275.1,0.3,False
2026-01-21T19:20:43Z,2026-01-21T14:20:43-05:00,2026-02-14 15:00 UTC,2026-02-14T10:00-05:00,FA Cup,1.253002597,35172774,Burnley v Mansfield,DRAW,58805,SEL_58805,1.09,4.14,1000.0,1.09,998.91,100.78,1.09,92.45871559633026,,0.0,275.1,0.3,False
2026-01-21T19:20:43Z,2026-01-21T14:20:43-05:00,2026-02-14 15:00 UTC,2026-02-14T10:00-05:00,FA Cup,1.253002597,35172774,Burnley v Mansfield,HOME,56299,SEL_56299,1.09,4.14,1000.0,1.09,998.91,414.47,1.09,380.2477064220183,,0.0,275.1,0.3,False
2026-01-21T19:20:43Z,2026-01-21T14:20:43-05:00,2026-02-14 15:00 UTC,2026-02-14T10:00-05:00,FA Cup,1.253002597,35172774,Burnley v Mansfield,AWAY,69716,SEL_69716,1.09,4.14,1000.0,1.09,998.91,414.47,1.09,380.2477064220183,,0.0,275.1,0.3,False
2026-01-21T19:20:43Z,2026-01-21T14:20:43-05:00,2026-02-14 15:00 UTC,2026-02-14T10:00-05:00,FA Cup,1.253002724,35172762,Norwich v West Brom,HOME,47998,SEL_47998,2.62,15.36,2.7,772.81,0.08000000000000007,71.68,1925.98,0.03721741658791888,10499.68,12335.86,159.8,40.8,False
2026-01-21T19:20:43Z,2026-01-21T14:20:43-05:00,2026-02-14 15:00 UTC,2026-02-14T10:00-05:00,FA Cup,1.253002724,35172762,Norwich v West Brom,DRAW,58805,SEL_58805,1.68,123.88,980.0,1.2,978.32,188.45,1.27,148.38582677165354,,12335.86,159.8,40.8,False
2026-01-21T19:20:43Z,2026-01-21T14:20:43-05:00,2026-02-14 15:00 UTC,2026-02-14T10:00-05:00,FA Cup,1.253002724,35172762,Norwich v West Brom,AWAY,1703,SEL_1703,1.61,60.42,27.0,7.71,25.39,2290.54,8.98,255.07126948775053,,12335.86,159.8,40.8,False
2026-01-21T19:20:43Z,2026-01-21T14:20:43-05:00,2026-02-14 17:45 UTC,2026-02-14T12:45-05:00,FA Cup,1.253002845,35172780,Aston Villa v Newcastle,HOME,63908,SEL_63908,1.09,4.14,1000.0,1.09,998.91,4814.05,1.09,4416.559633027523,,0.0,275.1,0.3,False
2026-01-21T19:20:43Z,2026-01-21T14:20:43-05:00,2026-02-14 17:45 UTC,2026-02-14T12:45-05:00,FA Cup,1.253002845,35172780,Aston Villa v Newcastle,DRAW,58805,SEL_58805,1.09,4.14,1000.0,1.09,998.91,100.89,1.09,92.55963302752293,,0.0,275.1,0.3,False
2026-01-21T19:20:43Z,2026-01-21T14:20:43-05:00,2026-02-14 17:45 UTC,2026-02-14T12:45-05:00,FA Cup,1.253002845,35172780,Aston Villa v Newcastle,AWAY,25422,SEL_25422,1.09,4.14,1000.0,1.09,998.91,4814.05,1.09,4416.559633027523,,0.0,275.1,0.3,False
2026-01-21T19:20:43Z,2026-01-21T14:20:43-05:00,2026-02-14 20:00 UTC,2026-02-14T15:00-05:00,FA Cup,1.253002966,35172770,Liverpool v Brighton,AWAY,18567,SEL_18567,1.09,4.14,1000.0,1.09,998.91,3528.78,1.09,3237.412844036697,,0.0,275.1,0.3,False
2026-01-21T19:20:43Z,2026-01-21T14:20:43-05:00,2026-02-14 20:00 UTC,2026-02-14T15:00-05:00,FA Cup,1.253002966,35172770,Liverpool v Brighton,HOME,56323,SEL_56323,1.09,4.14,1000.0,1.09,998.91,3528.78,1.09,3237.412844036697,,0.0,275.1,0.3,False
2026-01-21T19:20:43Z,2026-01-21T14:20:43-05:00,2026-02-14 20:00 UTC,2026-02-14T15:00-05:00,FA Cup,1.253002966,35172770,Liverpool v Brighton,DRAW,58805,SEL_58805,1.09,4.14,1000.0,1.09,998.91,100.89,1.09,92.55963302752293,,0.0,275.1,0.3,False
2026-01-21T19:20:43Z,2026-01-21T14:20:43-05:00,2026-02-15 12:00 UTC,2026-02-15T07:00-05:00,FA Cup,1.253003130,35172769,Birmingham v Leeds,AWAY,48317,SEL_48317,1.09,4.14,1000.0,1.09,998.91,2353.9,1.09,2159.5412844036696,,0.0,275.1,0.3,False
2026-01-21T19:20:43Z,2026-01-21T14:20:43-05:00,2026-02-15 12:00 UTC,2026-02-15T07:00-05:00,FA Cup,1.253003130,35172769,Birmingham v Leeds,DRAW,58805,SEL_58805,1.09,4.14,1000.0,1.09,998.91,100.89,1.09,92.55963302752293,,0.0,275.1,0.3,False
2026-01-21T19:20:43Z,2026-01-21T14:20:43-05:00,2026-02-15 12:00 UTC,2026-02-15T07:00-05:00,FA Cup,1.253003130,35172769,Birmingham v Leeds,HOME,48759,SEL_48759,1.09,4.14,1000.0,1.09,998.91,2353.9,1.09,2159.5412844036696,,0.0,275.1,0.3,False
2026-01-21T19:20:43Z,2026-01-21T14:20:43-05:00,2026-02-15 13:30 UTC,2026-02-15T08:30-05:00,FA Cup,1.253003251,35172760,Grimsby v Wolves,AWAY,48044,SEL_48044,1.09,4.14,1000.0,1.09,998.91,414.90000000000003,1.09,380.64220183486236,,0.0,275.1,0.3,False
2026-01-21T19:20:43Z,2026-01-21T14:20:43-05:00,2026-02-15 13:30 UTC,2026-02-15T08:30-05:00,FA Cup,1.253003251,35172760,Grimsby v Wolves,HOME,48001,SEL_48001,1.09,4.14,1000.0,1.09,998.91,414.90000000000003,1.09,380.64220183486236,,0.0,275.1,0.3,False
2026-01-21T19:20:43Z,2026-01-21T14:20:43-05:00,2026-02-15 13:30 UTC,2026-02-15T08:30-05:00,FA Cup,1.253003251,35172760,Grimsby v Wolves,DRAW,58805,SEL_58805,1.09,4.14,1000.0,1.09,998.91,100.89,1.09,92.55963302752293,,0.0,275.1,0.3,False
2026-01-21T19:20:43Z,2026-01-21T14:20:43-05:00,2026-02-15 14:00 UTC,2026-02-15T09:00-05:00,FA Cup,1.253003372,35172773,Oxford Utd v Sunderland,DRAW,58805,SEL_58805,1.09,4.14,1000.0,1.09,998.91,100.89,1.09,92.55963302752293,,0.0,275.1,0.3,False
2026-01-21T19:20:43Z,2026-01-21T14:20:43-05:00,2026-02-15 14:00 UTC,2026-02-15T09:00-05:00,FA Cup,1.253003372,35172773,Oxford Utd v Sunderland,AWAY,62783,SEL_62783,1.09,4.14,1000.0,1.09,998.91,414.90000000000003,1.09,380.64220183486236,,0.0,275.1,0.3,False
2026-01-21T19:20:43Z,2026-01-21T14:20:43-05:00,2026-02-15 14:00 UTC,2026-02-15T09:00-05:00,FA Cup,1.253003372,35172773,Oxford Utd v Sunderland,HOME,256171,SEL_256171,1.09,4.14,1000.0,1.09,998.91,414.90000000000003,1.09,380.64220183486236,,0.0,275.1,0.3,False
2026-01-21T19:20:43Z,2026-01-21T14:20:43-05:00,2026-02-15 14:00 UTC,2026-02-15T09:00-05:00,FA Cup,1.253003493,35172767,Stoke v Fulham,DRAW,58805,SEL_58805,1.09,4.14,1000.0,1.09,998.91,100.89,1.09,92.55963302752293,,0.0,275.1,0.3,False
2026-01-21T19:20:43Z,2026-01-21T14:20:43-05:00,2026-02-15 14:00 UTC,2026-02-15T09:00-05:00,FA Cup,1.253003493,35172767,Stoke v Fulham,HOME,69720,SEL_69720,1.09,4.14,1000.0,1.09,998.91,414.90000000000003,1.09,380.64220183486236,,0.0,275.1,0.3,False
2026-01-21T19:20:43Z,2026-01-21T14:20:43-05:00,2026-02-15 14:00 UTC,2026-02-15T09:00-05:00,FA Cup,1.253003493,35172767,Stoke v Fulham,AWAY,56764,SEL_56764,1.09,4.14,1000.0,1.09,998.91,414.90000000000003,1.09,380.64220183486236,,0.0,275.1,0.3,False
2026-01-21T19:20:43Z,2026-01-21T14:20:43-05:00,2026-02-15 16:30 UTC,2026-02-15T11:30-05:00,FA Cup,1.253003614,35172745,Arsenal v Wigan,DRAW,58805,SEL_58805,1.09,4.14,1000.0,1.09,998.91,100.89,1.09,92.55963302752293,,0.0,275.1,0.3,False
2026-01-21T19:20:43Z,2026-01-21T14:20:43-05:00,2026-02-15 16:30 UTC,2026-02-15T11:30-05:00,FA Cup,1.253003614,35172745,Arsenal v Wigan,HOME,1096,SEL_1096,1.09,4.14,1000.0,1.09,998.91,2353.9,1.09,2159.5412844036696,,0.0,275.1,0.3,False
2026-01-21T19:20:43Z,2026-01-21T14:20:43-05:00,2026-02-15 16:30 UTC,2026-02-15T11:30-05:00,FA Cup,1.253003614,35172745,Arsenal v Wigan,AWAY,69746,SEL_69746,1.09,4.14,1000.0,1.09,998.91,2353.9,1.09,2159.5412844036696,,0.0,275.1,0.3,False
2026-01-21T19:20:43Z,2026-01-21T14:20:43-05:00,2026-02-16 19:30 UTC,2026-02-16T14:30-05:00,FA Cup,1.253003735,35172764,Macclesfield v Brentford,AWAY,78864,SEL_78864,1.09,4.14,1000.0,1.09,998.91,2353.9,1.09,2159.5412844036696,,0.0,275.1,0.3,False
2026-01-21T19:20:43Z,2026-01-21T14:20:43-05:00,2026-02-16 19:30 UTC,2026-02-16T14:30-05:00,FA Cup,1.253003735,35172764,Macclesfield v Brentford,DRAW,58805,SEL_58805,1.09,4.14,1000.0,1.09,998.91,100.89,1.09,92.55963302752293,,0.0,275.1,0.3,False
2026-01-21T19:20:43Z,2026-01-21T14:20:43-05:00,2026-02-16 19:30 UTC,2026-02-16T14:30-05:00,FA Cup,1.253003735,35172764,Macclesfield v Brentford,HOME,69817,SEL_69817,1.09,4.14,1000.0,1.09,998.91,2353.9,1.09,2159.5412844036696,,0.0,275.1,0.3,False
2026-01-21T19:47:22Z,2026-01-21T14:47:22-05:00,2026-02-14 15:00 UTC,2026-02-14T10:00-05:00,FA Cup,1.253002724,35172762,Norwich v West Brom,HOME,47998,SEL_47998,2.62,15.36,2.7,639.45,0.08000000000000007,71.68,1792.62,0.039986165500775404,10726.7,12602.58,159.8,40.8,False
2026-01-21T19:47:22Z,2026-01-21T14:47:22-05:00,2026-02-14 15:00 UTC,2026-02-14T10:00-05:00,FA Cup,1.253002724,35172762,Norwich v West Brom,DRAW,58805,SEL_58805,1.68,123.88,980.0,1.2,978.32,188.45,1.27,148.38582677165354,,12602.58,159.8,40.8,False
2026-01-21T19:47:22Z,2026-01-21T14:47:22-05:00,2026-02-14 15:00 UTC,2026-02-14T10:00-05:00,FA Cup,1.253002724,35172762,Norwich v West Brom,AWAY,1703,SEL_1703,1.61,60.42,27.0,7.71,25.39,2062.65,8.98,229.69376391982183,,12602.58,159.8,40.8,False
2026-01-21T19:56:22Z,2026-01-21T14:56:22-05:00,2026-02-14 15:00 UTC,2026-02-14T10:00-05:00,FA Cup,1.253002724,35172762,Norwich v West Brom,HOME,47998,SEL_47998,2.62,15.36,2.7,639.45,0.08000000000000007,71.68,1792.62,0.039986165500775404,10726.7,12602.58,159.1,40.8,False
2026-01-21T19:56:22Z,2026-01-21T14:56:22-05:00,2026-02-14 15:00 UTC,2026-02-14T10:00-05:00,FA Cup,1.253002724,35172762,Norwich v West Brom,DRAW,58805,SEL_58805,1.69,1.36,980.0,1.21,978.31,185.66,1.28,145.046875,,12602.58,159.1,40.8,False
2026-01-21T19:56:22Z,2026-01-21T14:56:22-05:00,2026-02-14 15:00 UTC,2026-02-14T10:00-05:00,FA Cup,1.253002724,35172762,Norwich v West Brom,AWAY,1703,SEL_1703,1.62,1.77,27.0,7.8,25.38,216.31,9.07,23.848952590959204,,12602.58,159.1,40.8,False
2026-01-21T20:02:22Z,2026-01-21T15:02:22-05:00,2026-02-14 15:00 UTC,2026-02-14T10:00-05:00,FA Cup,1.253002724,35172762,Norwich v West Brom,HOME,47998,SEL_47998,2.62,15.34,2.7,498.95,0.08000000000000007,71.62,1651.9299999999998,0.043355347986900175,10962.67,12879.82,159.1,40.8,False
2026-01-21T20:02:22Z,2026-01-21T15:02:22-05:00,2026-02-14 15:00 UTC,2026-02-14T10:00-05:00,FA Cup,1.253002724,35172762,Norwich v West Brom,DRAW,58805,SEL_58805,1.69,1.36,980.0,1.21,978.31,185.6,1.28,145.0,,12879.82,159.1,40.8,False
2026-01-21T20:02:22Z,2026-01-21T15:02:22-05:00,2026-02-14 15:00 UTC,2026-02-14T10:00-05:00,FA Cup,1.253002724,35172762,Norwich v West Brom,AWAY,1703,SEL_1703,1.62,1.77,27.0,7.8,25.38,216.27,9.07,23.84454244762955,,12879.82,159.1,40.8,False
2026-01-21T20:14:23Z,2026-01-21T15:14:23-05:00,2026-02-14 15:00 UTC,2026-02-14T10:00-05:00,FA Cup,1.253002724,35172762,Norwich v West Brom,HOME,47998,SEL_47998,2.62,15.34,2.7,325.39,0.08000000000000007,71.62,1478.37,0.04844524713028539,11258.13,13226.95,159.1,40.8,False
2026-01-21T20:14:23Z,2026-01-21T15:14:23-05:00,2026-02-14 15:00 UTC,2026-02-14T10:00-05:00,FA Cup,1.253002724,35172762,Norwich v West Brom,DRAW,58805,SEL_58805,1.69,1.36,980.0,1.21,978.31,185.6,1.28,145.0,,13226.95,159.1,40.8,False
2026-01-21T20:14:23Z,2026-01-21T15:14:23-05:00,2026-02-14 15:00 UTC,2026-02-14T10:00-05:00,FA Cup,1.253002724,35172762,Norwich v West Brom,AWAY,1703,SEL_1703,1.62,1.77,27.0,7.8,25.38,216.27,9.07,23.84454244762955,,13226.95,159.1,40.8,False
2026-01-21T20:32:24Z,2026-01-21T15:32:24-05:00,2026-02-14 15:00 UTC,2026-02-14T10:00-05:00,FA Cup,1.253002724,35172762,Norwich v West Brom,HOME,47998,SEL_47998,2.62,15.34,2.7,342.89,0.08000000000000007,71.62,1495.87,0.04787849211495652,11258.13,13226.95,159.1,40.8,False
2026-01-21T20:32:24Z,2026-01-21T15:32:24-05:00,2026-02-14 15:00 UTC,2026-02-14T10:00-05:00,FA Cup,1.253002724,35172762,Norwich v West Brom,DRAW,58805,SEL_58805,1.69,1.36,980.0,1.21,978.31,185.6,1.28,145.0,,13226.95,159.1,40.8,False
2026-01-21T20:32:24Z,2026-01-21T15:32:24-05:00,2026-02-14 15:00 UTC,2026-02-14T10:00-05:00,FA Cup,1.253002724,35172762,Norwich v West Brom,AWAY,1703,SEL_1703,1.62,1.77,27.0,7.8,25.38,216.27,9.07,23.84454244762955,,13226.95,159.1,40.8,False
2026-01-21T21:52:54Z,2026-01-21T16:52:54-05:00,2026-02-13 19:45 UTC,2026-02-13T14:45-05:00,FA Cup,1.253002340,35172757,Hull v Chelsea,AWAY,55190,SEL_55190,1.09,4.13,1000.0,1.09,998.91,3527.52,1.09,3236.256880733945,,0.0,275.1,0.3,False
2026-01-21T21:52:54Z,2026-01-21T16:52:54-05:00,2026-02-13 19:45 UTC,2026-02-13T14:45-05:00,FA Cup,1.253002340,35172757,Hull v Chelsea,HOME,70385,SEL_70385,1.09,4.13,1000.0,1.09,998.91,3527.52,1.09,3236.256880733945,,0.0,275.1,0.3,False
2026-01-21T21:52:54Z,2026-01-21T16:52:54-05:00,2026-02-13 19:45 UTC,2026-02-13T14:45-05:00,FA Cup,1.253002340,35172757,Hull v Chelsea,DRAW,58805,SEL_58805,1.09,4.13,1000.0,1.09,998.91,100.74,1.09,92.42201834862384,,0.0,275.1,0.3,False
2026-01-21T21:52:54Z,2026-01-21T16:52:54-05:00,2026-02-13 19:45 UTC,2026-02-13T14:45-05:00,FA Cup,1.253002218,35172758,Wrexham v Ipswich,HOME,63604,SEL_63604,1.09,4.13,1000.0,1.09,998.91,2353.05,1.09,2158.761467889908,,0.0,275.1,0.3,False
2026-01-21T21:52:54Z,2026-01-21T16:52:54-05:00,2026-02-13 19:45 UTC,2026-02-13T14:45-05:00,FA Cup,1.253002218,35172758,Wrexham v Ipswich,DRAW,58805,SEL_58805,1.09,4.13,1000.0,1.09,998.91,100.74,1.09,92.42201834862384,,0.0,275.1,0.3,False
2026-01-21T21:52:54Z,2026-01-21T16:52:54-05:00,2026-02-13 19:45 UTC,2026-02-13T14:45-05:00,FA Cup,1.253002218,35172758,Wrexham v Ipswich,AWAY,48324,SEL_48324,1.09,4.13,1000.0,1.09,998.91,2353.05,1.09,2158.761467889908,,0.0,275.1,0.3,False
2026-01-21T21:52:54Z,2026-01-21T16:52:54-05:00,2026-02-14 12:15 UTC,2026-02-14T07:15-05:00,FA Cup,1.253002461,35172777,Burton Albion v West Ham,DRAW,58805,SEL_58805,1.09,4.13,1000.0,1.09,998.91,100.74,1.09,92.42201834862384,,0.0,275.1,0.3,False
2026-01-21T21:52:54Z,2026-01-21T16:52:54-05:00,2026-02-14 12:15 UTC,2026-02-14T07:15-05:00,FA Cup,1.253002461,35172777,Burton Albion v West Ham,AWAY,48756,SEL_48756,1.09,4.13,1000.0,1.09,998.91,2353.05,1.09,2158.761467889908,,0.0,275.1,0.3,False
2026-01-21T21:52:54Z,2026-01-21T16:52:54-05:00,2026-02-14 12:15 UTC,2026-02-14T07:15-05:00,FA Cup,1.253002461,35172777,Burton Albion v West Ham,HOME,28592,SEL_28592,1.09,4.13,1000.0,1.09,998.91,2353.05,1.09,2158.761467889908,,0.0,275.1,0.3,False
2026-01-21T21:52:54Z,2026-01-21T16:52:54-05:00,2026-02-14 15:00 UTC,2026-02-14T10:00-05:00,FA Cup,1.253002597,35172774,Burnley v Mansfield,DRAW,58805,SEL_58805,1.09,4.13,1000.0,1.09,998.91,100.74,1.09,92.42201834862384,,0.0,275.1,0.3,False
2026-01-21T21:52:54Z,2026-01-21T16:52:54-05:00,2026-02-14 15:00 UTC,2026-02-14T10:00-05:00,FA Cup,1.253002597,35172774,Burnley v Mansfield,HOME,56299,SEL_56299,1.09,4.13,1000.0,1.09,998.91,414.31,1.09,380.1009174311926,,0.0,275.1,0.3,False
2026-01-21T21:52:54Z,2026-01-21T16:52:54-05:00,2026-02-14 15:00 UTC,2026-02-14T10:00-05:00,FA Cup,1.253002597,35172774,Burnley v Mansfield,AWAY,69716,SEL_69716,1.09,4.13,1000.0,1.09,998.91,414.31,1.09,380.1009174311926,,0.0,275.1,0.3,False
2026-01-21T21:52:54Z,2026-01-21T16:52:54-05:00,2026-02-14 15:00 UTC,2026-02-14T10:00-05:00,FA Cup,1.253002724,35172762,Norwich v West Brom,HOME,47998,SEL_47998,2.62,15.34,2.7,342.77,0.08000000000000007,71.6,1495.3400000000001,0.04788208701699947,11258.13,13222.28,159.1,40.8,False
2026-01-21T21:52:54Z,2026-01-21T16:52:54-05:00,2026-02-14 15:00 UTC,2026-02-14T10:00-05:00,FA Cup,1.253002724,35172762,Norwich v West Brom,DRAW,58805,SEL_58805,1.69,1.36,980.0,1.21,978.31,185.53,1.28,144.9453125,,13222.28,159.1,40.8,False
2026-01-21T21:52:54Z,2026-01-21T16:52:54-05:00,2026-02-14 15:00 UTC,2026-02-14T10:00-05:00,FA Cup,1.253002724,35172762,Norwich v West Brom,AWAY,1703,SEL_1703,1.62,1.77,27.0,7.8,25.38,216.2,9.07,23.836824696802644,,13222.28,159.1,40.8,False
2026-01-21T21:52:54Z,2026-01-21T16:52:54-05:00,2026-02-14 17:45 UTC,2026-02-14T12:45-05:00,FA Cup,1.253002845,35172780,Aston Villa v Newcastle,HOME,63908,SEL_63908,1.09,4.13,1000.0,1.09,998.91,4812.34,1.09,4414.9908256880735,,0.0,275.1,0.3,False
2026-01-21T21:52:54Z,2026-01-21T16:52:54-05:00,2026-02-14 17:45 UTC,2026-02-14T12:45-05:00,FA Cup,1.253002845,35172780,Aston Villa v Newcastle,DRAW,58805,SEL_58805,1.09,4.13,1000.0,1.09,998.91,100.84,1.09,92.5137614678899,,0.0,275.1,0.3,False
2026-01-21T21:52:54Z,2026-01-21T16:52:54-05:00,2026-02-14 17:45 UTC,2026-02-14T12:45-05:00,FA Cup,1.253002845,35172780,Aston Villa v Newcastle,AWAY,25422,SEL_25422,1.09,4.13,1000.0,1.09,998.91,4812.34,1.09,4414.9908256880735,,0.0,275.1,0.3,False
2026-01-21T21:52:54Z,2026-01-21T16:52:54-05:00,2026-02-14 20:00 UTC,2026-02-14T15:00-05:00,FA Cup,1.253002966,35172770,Liverpool v Brighton,AWAY,18567,SEL_18567,1.09,4.13,1000.0,1.09,998.91,3527.52,1.09,3236.256880733945,,0.0,275.1,0.3,False
2026-01-21T21:52:54Z,2026-01-21T16:52:54-05:00,2026-02-14 20:00 UTC,2026-02-14T15:00-05:00,FA Cup,1.253002966,35172770,Liverpool v Brighton,HOME,56323,SEL_56323,1.09,4.13,1000.0,1.09,998.91,3527.52,1.09,3236.256880733945,,0.0,275.1,0.3,False
2026-01-21T21:52:54Z,2026-01-21T16:52:54-05:00,2026-02-14 20:00 UTC,2026-02-14T15:00-05:00,FA Cup,1.253002966,35172770,Liverpool v Brighton,DRAW,58805,SEL_58805,1.09,4.13,1000.0,1.09,998.91,100.84,1.09,92.5137614678899,,0.0,275.1,0.3,False
2026-01-21T21:52:54Z,2026-01-21T16:52:54-05:00,2026-02-15 12:00 UTC,2026-02-15T07:00-05:00,FA Cup,1.253003130,35172769,Birmingham v Leeds,AWAY,48317,SEL_48317,1.09,4.13,1000.0,1.09,998.91,2353.05,1.09,2158.761467889908,,0.0,275.1,0.3,False
2026-01-21T21:52:54Z,2026-01-21T16:52:54-05:00,2026-02-15 12:00 UTC,2026-02-15T07:00-05:00,FA Cup,1.253003130,35172769,Birmingham v Leeds,DRAW,58805,SEL_58805,1.09,4.13,1000.0,1.09,998.91,100.84,1.09,92.5137614678899,,0.0,275.1,0.3,False
2026-01-21T21:52:54Z,2026-01-21T16:52:54-05:00,2026-02-15 12:00 UTC,2026-02-15T07:00-05:00,FA Cup,1.253003130,35172769,Birmingham v Leeds,HOME,48759,SEL_48759,1.09,4.13,1000.0,1.09,998.91,2353.05,1.09,2158.761467889908,,0.0,275.1,0.3,False
2026-01-21T21:52:54Z,2026-01-21T16:52:54-05:00,2026-02-15 13:30 UTC,2026-02-15T08:30-05:00,FA Cup,1.253003251,35172760,Grimsby v Wolves,AWAY,48044,SEL_48044,1.09,4.13,1000.0,1.09,998.91,414.74,1.09,380.49541284403665,,0.0,275.1,0.3,False
2026-01-21T21:52:54Z,2026-01-21T16:52:54-05:00,2026-02-15 13:30 UTC,2026-02-15T08:30-05:00,FA Cup,1.253003251,35172760,Grimsby v Wolves,HOME,48001,SEL_48001,1.09,4.13,1000.0,1.09,998.91,414.74,1.09,380.49541284403665,,0.0,275.1,0.3,False
2026-01-21T21:52:54Z,2026-01-21T16:52:54-05:00,2026-02-15 13:30 UTC,2026-02-15T08:30-05:00,FA Cup,1.253003251,35172760,Grimsby v Wolves,DRAW,58805,SEL_58805,1.09,4.13,1000.0,1.09,998.91,100.84,1.09,92.5137614678899,,0.0,275.1,0.3,False
2026-01-21T21:52:54Z,2026-01-21T16:52:54-05:00,2026-02-15 14:00 UTC,2026-02-15T09:00-05:00,FA Cup,1.253003372,35172773,Oxford Utd v Sunderland,DRAW,58805,SEL_58805,1.09,4.13,1000.0,1.09,998.91,100.84,1.09,92.5137614678899,,0.0,275.1,0.3,False
2026-01-21T21:52:54Z,2026-01-21T16:52:54-05:00,2026-02-15 14:00 UTC,2026-02-15T09:00-05:00,FA Cup,1.253003372,35172773,Oxford Utd v Sunderland,AWAY,62783,SEL_62783,1.09,4.13,1000.0,1.09,998.91,414.74,1.09,380.49541284403665,,0.0,275.1,0.3,False
2026-01-21T21:52:54Z,2026-01-21T16:52:54-05:00,2026-02-15 14:00 UTC,2026-02-15T09:00-05:00,FA Cup,1.253003372,35172773,Oxford Utd v Sunderland,HOME,256171,SEL_256171,1.09,4.13,1000.0,1.09,998.91,414.74,1.09,380.49541284403665,,0.0,275.1,0.3,False
2026-01-21T21:52:54Z,2026-01-21T16:52:54-05:00,2026-02-15 14:00 UTC,2026-02-15T09:00-05:00,FA Cup,1.253003493,35172767,Stoke v Fulham,DRAW,58805,SEL_58805,1.09,4.13,1000.0,1.09,998.91,100.84,1.09,92.5137614678899,,0.0,275.1,0.3,False
2026-01-21T21:52:54Z,2026-01-21T16:52:54-05:00,2026-02-15 14:00 UTC,2026-02-15T09:00-05:00,FA Cup,1.253003493,35172767,Stoke v Fulham,HOME,69720,SEL_69720,1.09,4.13,1000.0,1.09,998.91,414.74,1.09,380.49541284403665,,0.0,275.1,0.3,False
2026-01-21T21:52:54Z,2026-01-21T16:52:54-05:00,2026-02-15 14:00 UTC,2026-02-15T09:00-05:00,FA Cup,1.253003493,35172767,Stoke v Fulham,AWAY,56764,SEL_56764,1.09,4.13,1000.0,1.09,998.91,414.74,1.09,380.49541284403665,,0.0,275.1,0.3,False
2026-01-21T21:52:54Z,2026-01-21T16:52:54-05:00,2026-02-15 16:30 UTC,2026-02-15T11:30-05:00,FA Cup,1.253003614,35172745,Arsenal v Wigan,DRAW,58805,SEL_58805,1.09,4.13,1000.0,1.09,998.91,100.84,1.09,92.5137614678899,,0.0,275.1,0.3,False
2026-01-21T21:52:54Z,2026-01-21T16:52:54-05:00,2026-02-15 16:30 UTC,2026-02-15T11:30-05:00,FA Cup,1.253003614,35172745,Arsenal v Wigan,HOME,1096,SEL_1096,1.09,4.13,1000.0,1.09,998.91,2353.05,1.09,2158.761467889908,,0.0,275.1,0.3,False
2026-01-21T21:52:54Z,2026-01-21T16:52:54-05:00,2026-02-15 16:30 UTC,2026-02-15T11:30-05:00,FA Cup,1.253003614,35172745,Arsenal v Wigan,AWAY,69746,SEL_69746,1.09,4.13,1000.0,1.09,998.91,2353.05,1.09,2158.761467889908,,0.0,275.1,0.3,False
2026-01-21T21:52:54Z,2026-01-21T16:52:54-05:00,2026-02-16 19:30 UTC,2026-02-16T14:30-05:00,FA Cup,1.253003735,35172764,Macclesfield v Brentford,AWAY,78864,SEL_78864,1.09,4.13,1000.0,1.09,998.91,2353.05,1.09,2158.761467889908,,0.0,275.1,0.3,False
2026-01-21T21:52:54Z,2026-01-21T16:52:54-05:00,2026-02-16 19:30 UTC,2026-02-16T14:30-05:00,FA Cup,1.253003735,35172764,Macclesfield v Brentford,DRAW,58805,SEL_58805,1.09,4.13,1000.0,1.09,998.91,100.84,1.09,92.5137614678899,,0.0,275.1,0.3,False
2026-01-21T21:52:54Z,2026-01-21T16:52:54-05:00,2026-02-16 19:30 UTC,2026-02-16T14:30-05:00,FA Cup,1.253003735,35172764,Macclesfield v Brentford,HOME,69817,SEL_69817,1.09,4.13,1000.0,1.09,998.91,2353.05,1.09,2158.761467889908,,0.0,275.1,0.3,False
2026-01-21T22:08:27Z,2026-01-21T17:08:27-05:00,2026-02-14 15:00 UTC,2026-02-14T10:00-05:00,FA Cup,1.253002724,35172762,Norwich v West Brom,HOME,47998,SEL_47998,2.62,9.57,2.7,342.66,0.08000000000000007,65.78,1494.9,0.044002943340691686,11264.31,13229.53,147.4,52.3,False
2026-01-21T22:08:27Z,2026-01-21T17:08:27-05:00,2026-02-14 15:00 UTC,2026-02-14T10:00-05:00,FA Cup,1.253002724,35172762,Norwich v West Brom,DRAW,58805,SEL_58805,1.69,1.36,8.6,2.74,6.91,185.41,4.01,46.236907730673316,,13229.53,147.4,52.3,False
2026-01-21T22:08:27Z,2026-01-21T17:08:27-05:00,2026-02-14 15:00 UTC,2026-02-14T10:00-05:00,FA Cup,1.253002724,35172762,Norwich v West Brom,AWAY,1703,SEL_1703,2.0,11.74,27.0,7.8,25.0,73.81,9.07,8.13781697905182,,13229.53,147.4,52.3,False
2026-01-21T22:38:28Z,2026-01-21T17:38:28-05:00,2026-02-14 15:00 UTC,2026-02-14T10:00-05:00,FA Cup,1.253002724,35172762,Norwich v West Brom,HOME,47998,SEL_47998,2.62,9.57,2.7,807.63,0.08000000000000007,65.78,1959.87,0.033563450637032054,11264.31,13229.53,147.4,52.3,False
2026-01-21T22:38:28Z,2026-01-21T17:38:28-05:00,2026-02-14 15:00 UTC,2026-02-14T10:00-05:00,FA Cup,1.253002724,35172762,Norwich v West Brom,DRAW,58805,SEL_58805,1.69,1.36,8.6,2.74,6.91,185.41,4.01,46.236907730673316,,13229.53,147.4,52.3,False
2026-01-21T22:38:28Z,2026-01-21T17:38:28-05:00,2026-02-14 15:00 UTC,2026-02-14T10:00-05:00,FA Cup,1.253002724,35172762,Norwich v West Brom,AWAY,1703,SEL_1703,2.0,11.74,27.0,7.8,25.0,73.81,9.07,8.13781697905182,,13229.53,147.4,52.3,False
2026-01-21T23:17:30Z,2026-01-21T18:17:30-05:00,2026-02-14 15:00 UTC,2026-02-14T10:00-05:00,FA Cup,1.253002724,35172762,Norwich v West Brom,HOME,47998,SEL_47998,2.62,9.57,2.7,803.17,0.08000000000000007,65.78,1955.4099999999999,0.03364000388665293,11271.57,13238.06,147.4,52.3,False
2026-01-21T23:17:30Z,2026-01-21T18:17:30-05:00,2026-02-14 15:00 UTC,2026-02-14T10:00-05:00,FA Cup,1.253002724,35172762,Norwich v West Brom,DRAW,58805,SEL_58805,1.69,1.36,8.6,2.74,6.91,185.41,4.01,46.236907730673316,,13238.06,147.4,52.3,False
2026-01-21T23:17:30Z,2026-01-21T18:17:30-05:00,2026-02-14 15:00 UTC,2026-02-14T10:00-05:00,FA Cup,1.253002724,35172762,Norwich v West Brom,AWAY,1703,SEL_1703,2.0,11.74,27.0,7.8,25.0,73.81,9.07,8.13781697905182,,13238.06,147.4,52.3,False
2026-01-21T23:32:30Z,2026-01-21T18:32:30-05:00,2026-02-14 15:00 UTC,2026-02-14T10:00-05:00,FA Cup,1.253002724,35172762,Norwich v West Brom,HOME,47998,SEL_47998,2.62,9.57,2.68,221.84,0.06000000000000005,65.78,1589.2,0.0413918952932293,11271.57,13238.06,147.4,52.6,False
2026-01-21T23:32:30Z,2026-01-21T18:32:30-05:00,2026-02-14 15:00 UTC,2026-02-14T10:00-05:00,FA Cup,1.253002724,35172762,Norwich v West Brom,DRAW,58805,SEL_58805,1.69,124.39,8.6,2.74,6.91,188.44,4.01,46.9925187032419,,13238.06,147.4,52.6,False
2026-01-21T23:32:30Z,2026-01-21T18:32:30-05:00,2026-02-14 15:00 UTC,2026-02-14T10:00-05:00,FA Cup,1.253002724,35172762,Norwich v West Brom,AWAY,1703,SEL_1703,2.0,11.74,27.0,7.8,25.0,182.81,9.07,20.15545755237045,,13238.06,147.4,52.6,False
2026-01-21T23:53:31Z,2026-01-21T18:53:31-05:00,2026-02-14 15:00 UTC,2026-02-14T10:00-05:00,FA Cup,1.253002724,35172762,Norwich v West Brom,HOME,47998,SEL_47998,2.62,9.57,2.68,220.34,0.06000000000000005,65.78,1587.7,0.04143100081879448,11274.14,13241.08,147.4,52.6,False
2026-01-21T23:53:31Z,2026-01-21T18:53:31-05:00,2026-02-14 15:00 UTC,2026-02-14T10:00-05:00,FA Cup,1.253002724,35172762,Norwich v West Brom,DRAW,58805,SEL_58805,1.69,124.39,8.6,2.74,6.91,188.44,4.01,46.9925187032419,,13241.08,147.4,52.6,False
2026-01-21T23:53:31Z,2026-01-21T18:53:31-05:00,2026-02-14 15:00 UTC,2026-02-14T10:00-05:00,FA Cup,1.253002724,35172762,Norwich v West Brom,AWAY,1703,SEL_1703,2.0,11.74,27.0,7.8,25.0,182.81,9.07,20.15545755237045,,13241.08,147.4,52.6,False
2026-01-22T00:02:31Z,2026-01-21T19:02:31-05:00,2026-02-14 15:00 UTC,2026-02-14T10:00-05:00,FA Cup,1.253002724,35172762,Norwich v West Brom,HOME,47998,SEL_47998,2.62,9.57,2.68,16.0,0.06000000000000005,65.75999999999999,1383.84,0.047519944502254594,11278.0,13245.61,147.4,52.6,False
2026-01-22T00:02:31Z,2026-01-21T19:02:31-05:00,2026-02-14 15:00 UTC,2026-02-14T10:00-05:00,FA Cup,1.253002724,35172762,Norwich v West Brom,DRAW,58805,SEL_58805,1.69,25.36,8.6,2.74,6.91,185.39,4.01,46.231920199501246,,13245.61,147.4,52.6,False
2026-01-22T00:02:31Z,2026-01-21T19:02:31-05:00,2026-02-14 15:00 UTC,2026-02-14T10:00-05:00,FA Cup,1.253002724,35172762,Norwich v West Brom,AWAY,1703,SEL_1703,2.0,11.74,27.0,7.8,25.0,73.63,9.07,8.117971334068356,,13245.61,147.4,52.6,False
2026-01-22T00:50:33Z,2026-01-21T19:50:33-05:00,2026-02-14 15:00 UTC,2026-02-14T10:00-05:00,FA Cup,1.253002724,35172762,Norwich v West Brom,HOME,47998,SEL_47998,2.62,9.57,2.68,16.0,0.06000000000000005,65.75999999999999,1383.84,0.047519944502254594,11278.0,13245.61,146.9,52.6,False
2026-01-22T00:50:33Z,2026-01-21T19:50:33-05:00,2026-02-14 15:00 UTC,2026-02-14T10:00-05:00,FA Cup,1.253002724,35172762,Norwich v West Brom,DRAW,58805,SEL_58805,1.69,25.36,8.6,2.94,6.91,185.39,4.43,41.84875846501129,,13245.61,146.9,52.6,False
2026-01-22T00:50:33Z,2026-01-21T19:50:33-05:00,2026-02-14 15:00 UTC,2026-02-14T10:00-05:00,FA Cup,1.253002724,35172762,Norwich v West Brom,AWAY,1703,SEL_1703,2.02,1.77,27.0,7.8,24.98,39.97,9.07,4.40683572216097,,13245.61,146.9,52.6,False
2026-01-22T01:01:48Z,2026-01-21T20:01:48-05:00,2026-02-13 19:45 UTC,2026-02-13T14:45-05:00,FA Cup,1.253002340,35172757,Hull v Chelsea,AWAY,55190,SEL_55190,1.09,4.13,1000.0,1.09,998.91,3525.7700000000004,1.09,3234.651376146789,,0.0,275.1,0.3,False
2026-01-22T01:01:48Z,2026-01-21T20:01:48-05:00,2026-02-13 19:45 UTC,2026-02-13T14:45-05:00,FA Cup,1.253002340,35172757,Hull v Chelsea,HOME,70385,SEL_70385,1.09,4.13,1000.0,1.09,998.91,3525.7700000000004,1.09,3234.651376146789,,0.0,275.1,0.3,False
2026-01-22T01:01:48Z,2026-01-21T20:01:48-05:00,2026-02-13 19:45 UTC,2026-02-13T14:45-05:00,FA Cup,1.253002340,35172757,Hull v Chelsea,DRAW,58805,SEL_58805,1.09,4.13,1000.0,1.09,998.91,100.69,1.09,92.37614678899082,,0.0,275.1,0.3,False
2026-01-22T01:01:48Z,2026-01-21T20:01:48-05:00,2026-02-13 19:45 UTC,2026-02-13T14:45-05:00,FA Cup,1.253002218,35172758,Wrexham v Ipswich,HOME,63604,SEL_63604,1.09,4.13,1000.0,1.09,998.91,2351.8900000000003,1.09,2157.6972477064223,,0.0,275.1,0.3,False
2026-01-22T01:01:48Z,2026-01-21T20:01:48-05:00,2026-02-13 19:45 UTC,2026-02-13T14:45-05:00,FA Cup,1.253002218,35172758,Wrexham v Ipswich,DRAW,58805,SEL_58805,1.09,4.13,1000.0,1.09,998.91,100.69,1.09,92.37614678899082,,0.0,275.1,0.3,False
2026-01-22T01:01:48Z,2026-01-21T20:01:48-05:00,2026-02-13 19:45 UTC,2026-02-13T14:45-05:00,FA Cup,1.253002218,35172758,Wrexham v Ipswich,AWAY,48324,SEL_48324,1.09,4.13,1000.0,1.09,998.91,2351.8900000000003,1.09,2157.6972477064223,,0.0,275.1,0.3,False
2026-01-22T01:01:48Z,2026-01-21T20:01:48-05:00,2026-02-14 12:15 UTC,2026-02-14T07:15-05:00,FA Cup,1.253002461,35172777,Burton Albion v West Ham,DRAW,58805,SEL_58805,1.09,4.13,1000.0,1.09,998.91,100.69,1.09,92.37614678899082,,0.0,275.1,0.3,False
2026-01-22T01:01:48Z,2026-01-21T20:01:48-05:00,2026-02-14 12:15 UTC,2026-02-14T07:15-05:00,FA Cup,1.253002461,35172777,Burton Albion v West Ham,AWAY,48756,SEL_48756,1.09,4.13,1000.0,1.09,998.91,2351.8900000000003,1.09,2157.6972477064223,,0.0,275.1,0.3,False
2026-01-22T01:01:48Z,2026-01-21T20:01:48-05:00,2026-02-14 12:15 UTC,2026-02-14T07:15-05:00,FA Cup,1.253002461,35172777,Burton Albion v West Ham,HOME,28592,SEL_28592,1.09,4.13,1000.0,1.09,998.91,2351.8900000000003,1.09,2157.6972477064223,,0.0,275.1,0.3,False
2026-01-22T01:01:48Z,2026-01-21T20:01:48-05:00,2026-02-14 15:00 UTC,2026-02-14T10:00-05:00,FA Cup,1.253002597,35172774,Burnley v Mansfield,DRAW,58805,SEL_58805,1.09,4.13,1000.0,1.09,998.91,100.69,1.09,92.37614678899082,,0.0,275.1,0.3,False
2026-01-22T01:01:48Z,2026-01-21T20:01:48-05:00,2026-02-14 15:00 UTC,2026-02-14T10:00-05:00,FA Cup,1.253002597,35172774,Burnley v Mansfield,HOME,56299,SEL_56299,1.09,4.13,1000.0,1.09,998.91,414.11,1.09,379.91743119266056,,0.0,275.1,0.3,False
2026-01-22T01:01:48Z,2026-01-21T20:01:48-05:00,2026-02-14 15:00 UTC,2026-02-14T10:00-05:00,FA Cup,1.253002597,35172774,Burnley v Mansfield,AWAY,69716,SEL_69716,1.09,4.13,1000.0,1.09,998.91,414.11,1.09,379.91743119266056,,0.0,275.1,0.3,False
2026-01-22T01:01:48Z,2026-01-21T20:01:48-05:00,2026-02-14 15:00 UTC,2026-02-14T10:00-05:00,FA Cup,1.253002724,35172762,Norwich v West Brom,HOME,47998,SEL_47998,2.62,9.57,2.68,15.99,0.06000000000000005,65.74000000000001,1383.1499999999999,0.047529190615623766,11278.0,13239.03,146.9,52.6,False
2026-01-22T01:01:48Z,2026-01-21T20:01:48-05:00,2026-02-14 15:00 UTC,2026-02-14T10:00-05:00,FA Cup,1.253002724,35172762,Norwich v West Brom,DRAW,58805,SEL_58805,1.69,25.34,8.6,2.93,6.91,185.29,4.42,41.92081447963801,,13239.03,146.9,52.6,False
2026-01-22T01:01:48Z,2026-01-21T20:01:48-05:00,2026-02-14 15:00 UTC,2026-02-14T10:00-05:00,FA Cup,1.253002724,35172762,Norwich v West Brom,AWAY,1703,SEL_1703,2.02,1.77,27.0,7.79,24.98,39.96,9.06,4.410596026490066,,13239.03,146.9,52.6,False
2026-01-22T01:01:48Z,2026-01-21T20:01:48-05:00,2026-02-14 17:45 UTC,2026-02-14T12:45-05:00,FA Cup,1.253002845,35172780,Aston Villa v Newcastle,HOME,63908,SEL_63908,1.09,4.13,1000.0,1.09,998.91,4809.95,1.09,4412.798165137614,,0.0,275.1,0.3,False
2026-01-22T01:01:48Z,2026-01-21T20:01:48-05:00,2026-02-14 17:45 UTC,2026-02-14T12:45-05:00,FA Cup,1.253002845,35172780,Aston Villa v Newcastle,DRAW,58805,SEL_58805,1.09,4.13,1000.0,1.09,998.91,100.8,1.09,92.47706422018348,,0.0,275.1,0.3,False
2026-01-22T01:01:48Z,2026-01-21T20:01:48-05:00,2026-02-14 17:45 UTC,2026-02-14T12:45-05:00,FA Cup,1.253002845,35172780,Aston Villa v Newcastle,AWAY,25422,SEL_25422,1.09,4.13,1000.0,1.09,998.91,4809.95,1.09,4412.798165137614,,0.0,275.1,0.3,False
2026-01-22T01:01:48Z,2026-01-21T20:01:48-05:00,2026-02-14 20:00 UTC,2026-02-14T15:00-05:00,FA Cup,1.253002966,35172770,Liverpool v Brighton,AWAY,18567,SEL_18567,1.09,4.13,1000.0,1.09,998.91,3525.7700000000004,1.09,3234.651376146789,,0.0,275.1,0.3,False
2026-01-22T01:01:48Z,2026-01-21T20:01:48-05:00,2026-02-14 20:00 UTC,2026-02-14T15:00-05:00,FA Cup,1.253002966,35172770,Liverpool v Brighton,HOME,56323,SEL_56323,1.09,4.13,1000.0,1.09,998.91,3525.7700000000004,1.09,3234.651376146789,,0.0,275.1,0.3,False
2026-01-22T01:01:48Z,2026-01-21T20:01:48-05:00,2026-02-14 20:00 UTC,2026-02-14T15:00-05:00,FA Cup,1.253002966,35172770,Liverpool v Brighton,DRAW,58805,SEL_58805,1.09,4.13,1000.0,1.09,998.91,100.8,1.09,92.47706422018348,,0.0,275.1,0.3,False
2026-01-22T01:01:48Z,2026-01-21T20:01:48-05:00,2026-02-15 12:00 UTC,2026-02-15T07:00-05:00,FA Cup,1.253003130,35172769,Birmingham v Leeds,AWAY,48317,SEL_48317,1.09,4.13,1000.0,1.09,998.91,2351.8900000000003,1.09,2157.6972477064223,,0.0,275.1,0.3,False
2026-01-22T01:01:48Z,2026-01-21T20:01:48-05:00,2026-02-15 12:00 UTC,2026-02-15T07:00-05:00,FA Cup,1.253003130,35172769,Birmingham v Leeds,DRAW,58805,SEL_58805,1.09,4.13,1000.0,1.09,998.91,100.8,1.09,92.47706422018348,,0.0,275.1,0.3,False
2026-01-22T01:01:48Z,2026-01-21T20:01:48-05:00,2026-02-15 12:00 UTC,2026-02-15T07:00-05:00,FA Cup,1.253003130,35172769,Birmingham v Leeds,HOME,48759,SEL_48759,1.09,4.13,1000.0,1.09,998.91,2351.8900000000003,1.09,2157.6972477064223,,0.0,275.1,0.3,False
2026-01-22T01:01:48Z,2026-01-21T20:01:48-05:00,2026-02-15 13:30 UTC,2026-02-15T08:30-05:00,FA Cup,1.253003251,35172760,Grimsby v Wolves,AWAY,48044,SEL_48044,1.09,4.13,1000.0,1.09,998.91,414.54,1.09,380.3119266055046,,0.0,275.1,0.3,False
2026-01-22T01:01:48Z,2026-01-21T20:01:48-05:00,2026-02-15 13:30 UTC,2026-02-15T08:30-05:00,FA Cup,1.253003251,35172760,Grimsby v Wolves,HOME,48001,SEL_48001,1.09,4.13,1000.0,1.09,998.91,414.54,1.09,380.3119266055046,,0.0,275.1,0.3,False
2026-01-22T01:01:48Z,2026-01-21T20:01:48-05:00,2026-02-15 13:30 UTC,2026-02-15T08:30-05:00,FA Cup,1.253003251,35172760,Grimsby v Wolves,DRAW,58805,SEL_58805,1.09,4.13,1000.0,1.09,998.91,100.8,1.09,92.47706422018348,,0.0,275.1,0.3,False
2026-01-22T01:01:48Z,2026-01-21T20:01:48-05:00,2026-02-15 14:00 UTC,2026-02-15T09:00-05:00,FA Cup,1.253003372,35172773,Oxford Utd v Sunderland,DRAW,58805,SEL_58805,1.09,4.13,1000.0,1.09,998.91,100.8,1.09,92.47706422018348,,0.0,275.1,0.3,False
2026-01-22T01:01:48Z,2026-01-21T20:01:48-05:00,2026-02-15 14:00 UTC,2026-02-15T09:00-05:00,FA Cup,1.253003372,35172773,Oxford Utd v Sunderland,AWAY,62783,SEL_62783,1.09,4.13,1000.0,1.09,998.91,414.54,1.09,380.3119266055046,,0.0,275.1,0.3,False
2026-01-22T01:01:48Z,2026-01-21T20:01:48-05:00,2026-02-15 14:00 UTC,2026-02-15T09:00-05:00,FA Cup,1.253003372,35172773,Oxford Utd v Sunderland,HOME,256171,SEL_256171,1.09,4.13,1000.0,1.09,998.91,414.54,1.09,380.3119266055046,,0.0,275.1,0.3,False
2026-01-22T01:01:48Z,2026-01-21T20:01:48-05:00,2026-02-15 14:00 UTC,2026-02-15T09:00-05:00,FA Cup,1.253003493,35172767,Stoke v Fulham,DRAW,58805,SEL_58805,1.09,4.13,1000.0,1.09,998.91,100.8,1.09,92.47706422018348,,0.0,275.1,0.3,False
2026-01-22T01:01:48Z,2026-01-21T20:01:48-05:00,2026-02-15 14:00 UTC,2026-02-15T09:00-05:00,FA Cup,1.253003493,35172767,Stoke v Fulham,HOME,69720,SEL_69720,1.09,4.13,1000.0,1.09,998.91,414.54,1.09,380.3119266055046,,0.0,275.1,0.3,False
2026-01-22T01:01:48Z,2026-01-21T20:01:48-05:00,2026-02-15 14:00 UTC,2026-02-15T09:00-05:00,FA Cup,1.253003493,35172767,Stoke v Fulham,AWAY,56764,SEL_56764,1.09,4.13,1000.0,1.09,998.91,414.54,1.09,380.3119266055046,,0.0,275.1,0.3,False
2026-01-22T01:01:48Z,2026-01-21T20:01:48-05:00,2026-02-15 16:30 UTC,2026-02-15T11:30-05:00,FA Cup,1.253003614,35172745,Arsenal v Wigan,DRAW,58805,SEL_58805,1.09,4.13,1000.0,1.09,998.91,100.8,1.09,92.47706422018348,,0.0,275.1,0.3,False
2026-01-22T01:01:48Z,2026-01-21T20:01:48-05:00,2026-02-15 16:30 UTC,2026-02-15T11:30-05:00,FA Cup,1.253003614,35172745,Arsenal v Wigan,HOME,1096,SEL_1096,1.09,4.13,1000.0,1.09,998.91,2351.8900000000003,1.09,2157.6972477064223,,0.0,275.1,0.3,False
2026-01-22T01:01:48Z,2026-01-21T20:01:48-05:00,2026-02-15 16:30 UTC,2026-02-15T11:30-05:00,FA Cup,1.253003614,35172745,Arsenal v Wigan,AWAY,69746,SEL_69746,1.09,4.13,1000.0,1.09,998.91,2351.8900000000003,1.09,2157.6972477064223,,0.0,275.1,0.3,False
2026-01-22T01:01:48Z,2026-01-21T20:01:48-05:00,2026-02-16 19:30 UTC,2026-02-16T14:30-05:00,FA Cup,1.253003735,35172764,Macclesfield v Brentford,AWAY,78864,SEL_78864,1.09,4.13,1000.0,1.09,998.91,2351.8900000000003,1.09,2157.6972477064223,,0.0,275.1,0.3,False
2026-01-22T01:01:48Z,2026-01-21T20:01:48-05:00,2026-02-16 19:30 UTC,2026-02-16T14:30-05:00,FA Cup,1.253003735,35172764,Macclesfield v Brentford,DRAW,58805,SEL_58805,1.09,4.13,1000.0,1.09,998.91,100.8,1.09,92.47706422018348,,0.0,275.1,0.3,False
2026-01-22T01:01:48Z,2026-01-21T20:01:48-05:00,2026-02-16 19:30 UTC,2026-02-16T14:30-05:00,FA Cup,1.253003735,35172764,Macclesfield v Brentford,HOME,69817,SEL_69817,1.09,4.13,1000.0,1.09,998.91,2351.8900000000003,1.09,2157.6972477064223,,0.0,275.1,0.3,False
2026-01-22T02:58:01Z,2026-01-21T21:58:01-05:00,2026-02-13 19:45 UTC,2026-02-13T14:45-05:00,FA Cup,1.253002340,35172757,Hull v Chelsea,AWAY,55190,SEL_55190,1.09,4.14,1000.0,1.09,998.91,3529.1800000000003,1.09,3237.7798165137615,,0.0,275.1,0.3,False
2026-01-22T02:58:01Z,2026-01-21T21:58:01-05:00,2026-02-13 19:45 UTC,2026-02-13T14:45-05:00,FA Cup,1.253002340,35172757,Hull v Chelsea,HOME,70385,SEL_70385,1.09,4.14,1000.0,1.09,998.91,3529.1800000000003,1.09,3237.7798165137615,,0.0,275.1,0.3,False
2026-01-22T02:58:01Z,2026-01-21T21:58:01-05:00,2026-02-13 19:45 UTC,2026-02-13T14:45-05:00,FA Cup,1.253002340,35172757,Hull v Chelsea,DRAW,58805,SEL_58805,1.09,4.14,1000.0,1.09,998.91,100.8,1.09,92.47706422018348,,0.0,275.1,0.3,False
2026-01-22T02:58:03Z,2026-01-21T21:58:03-05:00,2026-02-13 19:45 UTC,2026-02-13T14:45-05:00,FA Cup,1.253002218,35172758,Wrexham v Ipswich,HOME,63604,SEL_63604,1.09,4.14,1000.0,1.09,998.91,2354.16,1.09,2159.779816513761,,0.0,275.1,0.3,False
2026-01-22T02:58:03Z,2026-01-21T21:58:03-05:00,2026-02-13 19:45 UTC,2026-02-13T14:45-05:00,FA Cup,1.253002218,35172758,Wrexham v Ipswich,DRAW,58805,SEL_58805,1.09,4.14,1000.0,1.09,998.91,100.8,1.09,92.47706422018348,,0.0,275.1,0.3,False
2026-01-22T02:58:03Z,2026-01-21T21:58:03-05:00,2026-02-13 19:45 UTC,2026-02-13T14:45-05:00,FA Cup,1.253002218,35172758,Wrexham v Ipswich,AWAY,48324,SEL_48324,1.09,4.14,1000.0,1.09,998.91,2354.16,1.09,2159.779816513761,,0.0,275.1,0.3,False
2026-01-22T02:58:03Z,2026-01-21T21:58:03-05:00,2026-02-14 12:15 UTC,2026-02-14T07:15-05:00,FA Cup,1.253002461,35172777,Burton Albion v West Ham,DRAW,58805,SEL_58805,1.09,4.14,1000.0,1.09,998.91,100.8,1.09,92.47706422018348,,0.0,275.1,0.3,False
2026-01-22T02:58:03Z,2026-01-21T21:58:03-05:00,2026-02-14 12:15 UTC,2026-02-14T07:15-05:00,FA Cup,1.253002461,35172777,Burton Albion v West Ham,AWAY,48756,SEL_48756,1.09,4.14,1000.0,1.09,998.91,2354.16,1.09,2159.779816513761,,0.0,275.1,0.3,False
2026-01-22T02:58:03Z,2026-01-21T21:58:03-05:00,2026-02-14 12:15 UTC,2026-02-14T07:15-05:00,FA Cup,1.253002461,35172777,Burton Albion v West Ham,HOME,28592,SEL_28592,1.09,4.14,1000.0,1.09,998.91,2354.16,1.09,2159.779816513761,,0.0,275.1,0.3,False
2026-01-22T02:58:03Z,2026-01-21T21:58:03-05:00,2026-02-14 15:00 UTC,2026-02-14T10:00-05:00,FA Cup,1.253002597,35172774,Burnley v Mansfield,DRAW,58805,SEL_58805,1.09,4.14,1000.0,1.09,998.91,100.8,1.09,92.47706422018348,,0.0,275.1,0.3,False
2026-01-22T02:58:03Z,2026-01-21T21:58:03-05:00,2026-02-14 15:00 UTC,2026-02-14T10:00-05:00,FA Cup,1.253002597,35172774,Burnley v Mansfield,HOME,56299,SEL_56299,1.09,4.14,1000.0,1.09,998.91,414.51,1.09,380.2844036697247,,0.0,275.1,0.3,False
2026-01-22T02:58:03Z,2026-01-21T21:58:03-05:00,2026-02-14 15:00 UTC,2026-02-14T10:00-05:00,FA Cup,1.253002597,35172774,Burnley v Mansfield,AWAY,69716,SEL_69716,1.09,4.14,1000.0,1.09,998.91,414.51,1.09,380.2844036697247,,0.0,275.1,0.3,False
2026-01-22T02:58:03Z,2026-01-21T21:58:03-05:00,2026-02-14 15:00 UTC,2026-02-14T10:00-05:00,FA Cup,1.253002724,35172762,Norwich v West Brom,HOME,47998,SEL_47998,2.62,9.58,2.68,16.0,0.06000000000000005,65.81,1384.48,0.04753409222235063,11278.0,13251.81,146.9,52.6,False
2026-01-22T02:58:03Z,2026-01-21T21:58:03-05:00,2026-02-14 15:00 UTC,2026-02-14T10:00-05:00,FA Cup,1.253002724,35172762,Norwich v West Brom,DRAW,58805,SEL_58805,1.69,25.37,8.6,2.94,6.91,185.46,4.4399999999999995,41.770270270270274,,13251.81,146.9,52.6,False
2026-01-22T02:58:03Z,2026-01-21T21:58:03-05:00,2026-02-14 15:00 UTC,2026-02-14T10:00-05:00,FA Cup,1.253002724,35172762,Norwich v West Brom,AWAY,1703,SEL_1703,2.02,1.77,27.0,7.8,24.98,39.99,9.07,4.4090407938258,,13251.81,146.9,52.6,False
2026-01-22T02:58:03Z,2026-01-21T21:58:03-05:00,2026-02-14 17:45 UTC,2026-02-14T12:45-05:00,FA Cup,1.253002845,35172780,Aston Villa v Newcastle,HOME,63908,SEL_63908,1.09,4.14,1000.0,1.09,998.91,4814.6,1.09,4417.064220183486,,0.0,275.1,0.3,False
2026-01-22T02:58:03Z,2026-01-21T21:58:03-05:00,2026-02-14 17:45 UTC,2026-02-14T12:45-05:00,FA Cup,1.253002845,35172780,Aston Villa v Newcastle,DRAW,58805,SEL_58805,1.09,4.14,1000.0,1.09,998.91,100.91,1.09,92.57798165137613,,0.0,275.1,0.3,False
2026-01-22T02:58:03Z,2026-01-21T21:58:03-05:00,2026-02-14 17:45 UTC,2026-02-14T12:45-05:00,FA Cup,1.253002845,35172780,Aston Villa v Newcastle,AWAY,25422,SEL_25422,1.09,4.14,1000.0,1.09,998.91,4814.6,1.09,4417.064220183486,,0.0,275.1,0.3,False
2026-01-22T02:58:03Z,2026-01-21T21:58:03-05:00,2026-02-14 20:00 UTC,2026-02-14T15:00-05:00,FA Cup,1.253002966,35172770,Liverpool v Brighton,AWAY,18567,SEL_18567,1.09,4.14,1000.0,1.09,998.91,3529.1800000000003,1.09,3237.7798165137615,,0.0,275.1,0.3,False
2026-01-22T02:58:03Z,2026-01-21T21:58:03-05:00,2026-02-14 20:00 UTC,2026-02-14T15:00-05:00,FA Cup,1.253002966,35172770,Liverpool v Brighton,HOME,56323,SEL_56323,1.09,4.14,1000.0,1.09,998.91,3529.1800000000003,1.09,3237.7798165137615,,0.0,275.1,0.3,False
2026-01-22T02:58:03Z,2026-01-21T21:58:03-05:00,2026-02-14 20:00 UTC,2026-02-14T15:00-05:00,FA Cup,1.253002966,35172770,Liverpool v Brighton,DRAW,58805,SEL_58805,1.09,4.14,1000.0,1.09,998.91,100.91,1.09,92.57798165137613,,0.0,275.1,0.3,False
2026-01-22T02:58:03Z,2026-01-21T21:58:03-05:00,2026-02-15 12:00 UTC,2026-02-15T07:00-05:00,FA Cup,1.253003130,35172769,Birmingham v Leeds,AWAY,48317,SEL_48317,1.09,4.14,1000.0,1.09,998.91,2354.16,1.09,2159.779816513761,,0.0,275.1,0.3,False
2026-01-22T02:58:03Z,2026-01-21T21:58:03-05:00,2026-02-15 12:00 UTC,2026-02-15T07:00-05:00,FA Cup,1.253003130,35172769,Birmingham v Leeds,DRAW,58805,SEL_58805,1.09,4.14,1000.0,1.09,998.91,100.91,1.09,92.57798165137613,,0.0,275.1,0.3,False
2026-01-22T02:58:03Z,2026-01-21T21:58:03-05:00,2026-02-15 12:00 UTC,2026-02-15T07:00-05:00,FA Cup,1.253003130,35172769,Birmingham v Leeds,HOME,48759,SEL_48759,1.09,4.14,1000.0,1.09,998.91,2354.16,1.09,2159.779816513761,,0.0,275.1,0.3,False
2026-01-22T02:58:03Z,2026-01-21T21:58:03-05:00,2026-02-15 13:30 UTC,2026-02-15T08:30-05:00,FA Cup,1.253003251,35172760,Grimsby v Wolves,AWAY,48044,SEL_48044,1.09,4.14,1000.0,1.09,998.91,414.95,1.09,380.68807339449535,,0.0,275.1,0.3,False
2026-01-22T02:58:03Z,2026-01-21T21:58:03-05:00,2026-02-15 13:30 UTC,2026-02-15T08:30-05:00,FA Cup,1.253003251,35172760,Grimsby v Wolves,HOME,48001,SEL_48001,1.09,4.14,1000.0,1.09,998.91,414.95,1.09,380.68807339449535,,0.0,275.1,0.3,False
2026-01-22T02:58:03Z,2026-01-21T21:58:03-05:00,2026-02-15 13:30 UTC,2026-02-15T08:30-05:00,FA Cup,1.253003251,35172760,Grimsby v Wolves,DRAW,58805,SEL_58805,1.09,4.14,1000.0,1.09,998.91,100.91,1.09,92.57798165137613,,0.0,275.1,0.3,False
2026-01-22T02:58:03Z,2026-01-21T21:58:03-05:00,2026-02-15 14:00 UTC,2026-02-15T09:00-05:00,FA Cup,1.253003372,35172773,Oxford Utd v Sunderland,DRAW,58805,SEL_58805,1.09,4.14,1000.0,1.09,998.91,100.91,1.09,92.57798165137613,,0.0,275.1,0.3,False
2026-01-22T02:58:03Z,2026-01-21T21:58:03-05:00,2026-02-15 14:00 UTC,2026-02-15T09:00-05:00,FA Cup,1.253003372,35172773,Oxford Utd v Sunderland,AWAY,62783,SEL_62783,1.09,4.14,1000.0,1.09,998.91,414.95,1.09,380.68807339449535,,0.0,275.1,0.3,False
2026-01-22T02:58:03Z,2026-01-21T21:58:03-05:00,2026-02-15 14:00 UTC,2026-02-15T09:00-05:00,FA Cup,1.253003372,35172773,Oxford Utd v Sunderland,HOME,256171,SEL_256171,1.09,4.14,1000.0,1.09,998.91,414.95,1.09,380.68807339449535,,0.0,275.1,0.3,False
2026-01-22T02:58:03Z,2026-01-21T21:58:03-05:00,2026-02-15 14:00 UTC,2026-02-15T09:00-05:00,FA Cup,1.253003493,35172767,Stoke v Fulham,DRAW,58805,SEL_58805,1.09,4.14,1000.0,1.09,998.91,100.91,1.09,92.57798165137613,,0.0,275.1,0.3,False
2026-01-22T02:58:03Z,2026-01-21T21:58:03-05:00,2026-02-15 14:00 UTC,2026-02-15T09:00-05:00,FA Cup,1.253003493,35172767,Stoke v Fulham,HOME,69720,SEL_69720,1.09,4.14,1000.0,1.09,998.91,414.95,1.09,380.68807339449535,,0.0,275.1,0.3,False
2026-01-22T02:58:03Z,2026-01-21T21:58:03-05:00,2026-02-15 14:00 UTC,2026-02-15T09:00-05:00,FA Cup,1.253003493,35172767,Stoke v Fulham,AWAY,56764,SEL_56764,1.09,4.14,1000.0,1.09,998.91,414.95,1.09,380.68807339449535,,0.0,275.1,0.3,False
2026-01-22T02:58:03Z,2026-01-21T21:58:03-05:00,2026-02-15 16:30 UTC,2026-02-15T11:30-05:00,FA Cup,1.253003614,35172745,Arsenal v Wigan,DRAW,58805,SEL_58805,1.09,4.14,1000.0,1.09,998.91,100.91,1.09,92.57798165137613,,0.0,275.1,0.3,False
2026-01-22T02:58:03Z,2026-01-21T21:58:03-05:00,2026-02-15 16:30 UTC,2026-02-15T11:30-05:00,FA Cup,1.253003614,35172745,Arsenal v Wigan,HOME,1096,SEL_1096,1.09,4.14,1000.0,1.09,998.91,2354.16,1.09,2159.779816513761,,0.0,275.1,0.3,False
2026-01-22T02:58:03Z,2026-01-21T21:58:03-05:00,2026-02-15 16:30 UTC,2026-02-15T11:30-05:00,FA Cup,1.253003614,35172745,Arsenal v Wigan,AWAY,69746,SEL_69746,1.09,4.14,1000.0,1.09,998.91,2354.16,1.09,2159.779816513761,,0.0,275.1,0.3,False
2026-01-22T02:58:03Z,2026-01-21T21:58:03-05:00,2026-02-16 19:30 UTC,2026-02-16T14:30-05:00,FA Cup,1.253003735,35172764,Macclesfield v Brentford,AWAY,78864,SEL_78864,1.09,4.14,1000.0,1.09,998.91,2354.16,1.09,2159.779816513761,,0.0,275.1,0.3,False
2026-01-22T02:58:03Z,2026-01-21T21:58:03-05:00,2026-02-16 19:30 UTC,2026-02-16T14:30-05:00,FA Cup,1.253003735,35172764,Macclesfield v Brentford,DRAW,58805,SEL_58805,1.09,4.14,1000.0,1.09,998.91,100.91,1.09,92.57798165137613,,0.0,275.1,0.3,False
2026-01-22T02:58:03Z,2026-01-21T21:58:03-05:00,2026-02-16 19:30 UTC,2026-02-16T14:30-05:00,FA Cup,1.253003735,35172764,Macclesfield v Brentford,HOME,69817,SEL_69817,1.09,4.14,1000.0,1.09,998.91,2354.16,1.09,2159.779816513761,,0.0,275.1,0.3,False
