ts_utc,ts_pe,start_utc,start_pe,liga,market_id,event_id,event_name,selection,selection_id,selection_name,best_back_odds,best_back_amt,best_lay_odds,best_lay_amt,spread,sum_back_top3,sum_lay_top3,blpr,tv_runner,tv_market,overround,underround,locked
2026-01-21T06:18:08Z,2026-01-21T01:18:08-05:00,2026-01-21 18:00 UTC,,Copa del Rey,1.252989506,35170798,Barcelona (W) v Athletic Bilbao (W),AWAY,11707726,SEL_11707726,50.0,124.97,510.0,1.49,460.0,131.07,1.49,87.96644295302013,2.77,67.56,104.4,96.5,False
2026-01-21T06:18:08Z,2026-01-21T01:18:08-05:00,2026-01-21 18:00 UTC,,Copa del Rey,1.252989506,35170798,Barcelona (W) v Athletic Bilbao (W),HOME,5226501,SEL_5226501,1.03,11.53,1.05,8.23,0.020000000000000018,364.75,132.15,2.7601210745365115,54.69,67.56,104.4,96.5,False
2026-01-21T06:18:08Z,2026-01-21T01:18:08-05:00,2026-01-21 18:00 UTC,,Copa del Rey,1.252989506,35170798,Barcelona (W) v Athletic Bilbao (W),DRAW,58805,SEL_58805,19.0,2.13,95.0,1.43,76.0,11.27,4.13,2.7288135593220337,,67.56,104.4,96.5,False
2026-01-21T06:21:42Z,2026-01-21T01:21:42-05:00,2026-01-21 18:00 UTC,,Copa del Rey,1.252989506,35170798,Barcelona (W) v Athletic Bilbao (W),AWAY,11707726,SEL_11707726,50.0,124.97,510.0,1.07,460.0,140.74,1.07,131.53271028037383,2.77,67.56,104.4,96.5,False
2026-01-21T06:21:42Z,2026-01-21T01:21:42-05:00,2026-01-21 18:00 UTC,,Copa del Rey,1.252989506,35170798,Barcelona (W) v Athletic Bilbao (W),HOME,5226501,SEL_5226501,1.03,11.53,1.05,8.23,0.020000000000000018,343.29999999999995,132.15,2.597805524025728,54.69,67.56,104.4,96.5,False
2026-01-21T06:21:42Z,2026-01-21T01:21:42-05:00,2026-01-21 18:00 UTC,,Copa del Rey,1.252989506,35170798,Barcelona (W) v Athletic Bilbao (W),DRAW,58805,SEL_58805,19.0,1.8,95.0,1.43,76.0,8.43,4.02,2.0970149253731343,,67.56,104.4,96.5,False
2026-01-21T06:26:15Z,2026-01-21T01:26:15-05:00,2026-01-21 18:00 UTC,,Copa del Rey,1.252989506,35170798,Barcelona (W) v Athletic Bilbao (W),AWAY,11707726,SEL_11707726,50.0,124.97,510.0,1.07,460.0,140.74,1.07,131.53271028037383,2.77,67.56,104.4,96.5,False
2026-01-21T06:26:15Z,2026-01-21T01:26:15-05:00,2026-01-21 18:00 UTC,,Copa del Rey,1.252989506,35170798,Barcelona (W) v Athletic Bilbao (W),HOME,5226501,SEL_5226501,1.03,11.53,1.05,8.23,0.020000000000000018,343.29999999999995,132.15,2.597805524025728,54.69,67.56,104.4,96.5,False
2026-01-21T06:26:15Z,2026-01-21T01:26:15-05:00,2026-01-21 18:00 UTC,,Copa del Rey,1.252989506,35170798,Barcelona (W) v Athletic Bilbao (W),DRAW,58805,SEL_58805,19.0,1.8,95.0,1.43,76.0,8.43,4.02,2.0970149253731343,,67.56,104.4,96.5,False
2026-01-21T06:39:42Z,2026-01-21T01:39:42-05:00,2026-01-21 18:00 UTC,,Copa del Rey,1.252989506,35170798,Barcelona (W) v Athletic Bilbao (W),AWAY,11707726,SEL_11707726,50.0,124.97,510.0,1.07,460.0,140.74,1.07,131.53271028037383,2.77,67.56,104.4,96.5,False
2026-01-21T06:39:42Z,2026-01-21T01:39:42-05:00,2026-01-21 18:00 UTC,,Copa del Rey,1.252989506,35170798,Barcelona (W) v Athletic Bilbao (W),HOME,5226501,SEL_5226501,1.03,11.53,1.05,8.23,0.020000000000000018,342.41999999999996,132.15,2.5911464245175932,54.69,67.56,104.4,96.5,False
2026-01-21T06:39:42Z,2026-01-21T01:39:42-05:00,2026-01-21 18:00 UTC,,Copa del Rey,1.252989506,35170798,Barcelona (W) v Athletic Bilbao (W),DRAW,58805,SEL_58805,19.0,1.8,95.0,1.43,76.0,8.49,4.02,2.111940298507463,,67.56,104.4,96.5,False
2026-01-21T07:03:42Z,2026-01-21T02:03:42-05:00,2026-01-21 18:00 UTC,,Copa del Rey,1.252989506,35170798,Barcelona (W) v Athletic Bilbao (W),AWAY,11707726,SEL_11707726,50.0,125.03,510.0,1.07,460.0,140.81,1.07,131.5981308411215,2.77,67.57,104.4,96.5,False
2026-01-21T07:03:42Z,2026-01-21T02:03:42-05:00,2026-01-21 18:00 UTC,,Copa del Rey,1.252989506,35170798,Barcelona (W) v Athletic Bilbao (W),HOME,5226501,SEL_5226501,1.03,11.53,1.05,8.23,0.020000000000000018,342.47999999999996,132.14000000000001,2.5917965793854996,54.7,67.57,104.4,96.5,False
2026-01-21T07:03:42Z,2026-01-21T02:03:42-05:00,2026-01-21 18:00 UTC,,Copa del Rey,1.252989506,35170798,Barcelona (W) v Athletic Bilbao (W),DRAW,58805,SEL_58805,19.0,1.8,95.0,1.43,76.0,8.49,4.02,2.111940298507463,,67.57,104.4,96.5,False
2026-01-21T07:09:43Z,2026-01-21T02:09:43-05:00,2026-01-21 18:00 UTC,,Copa del Rey,1.252989506,35170798,Barcelona (W) v Athletic Bilbao (W),AWAY,11707726,SEL_11707726,50.0,125.03,510.0,1.07,460.0,128.38,1.07,119.98130841121494,2.77,67.57,103.9,96.5,False
2026-01-21T07:09:43Z,2026-01-21T02:09:43-05:00,2026-01-21 18:00 UTC,,Copa del Rey,1.252989506,35170798,Barcelona (W) v Athletic Bilbao (W),HOME,5226501,SEL_5226501,1.03,11.53,1.05,27.04,0.020000000000000018,362.46999999999997,186.73999999999998,1.9410410195994432,54.7,67.57,103.9,96.5,False
2026-01-21T07:09:43Z,2026-01-21T02:09:43-05:00,2026-01-21 18:00 UTC,,Copa del Rey,1.252989506,35170798,Barcelona (W) v Athletic Bilbao (W),DRAW,58805,SEL_58805,21.0,1.35,95.0,1.43,74.0,8.89,4.02,2.211442786069652,,67.57,103.9,96.5,False
2026-01-21T07:12:43Z,2026-01-21T02:12:43-05:00,2026-01-21 18:00 UTC,,Copa del Rey,1.252989506,35170798,Barcelona (W) v Athletic Bilbao (W),AWAY,11707726,SEL_11707726,50.0,125.03,510.0,1.07,460.0,128.43,1.07,120.02803738317758,2.77,67.57,103.9,96.5,False
2026-01-21T07:12:43Z,2026-01-21T02:12:43-05:00,2026-01-21 18:00 UTC,,Copa del Rey,1.252989506,35170798,Barcelona (W) v Athletic Bilbao (W),HOME,5226501,SEL_5226501,1.03,11.53,1.05,27.04,0.020000000000000018,362.46999999999997,146.53,2.4736913942537364,54.7,67.57,103.9,96.5,False
2026-01-21T07:12:43Z,2026-01-21T02:12:43-05:00,2026-01-21 18:00 UTC,,Copa del Rey,1.252989506,35170798,Barcelona (W) v Athletic Bilbao (W),DRAW,58805,SEL_58805,21.0,1.35,95.0,1.43,74.0,8.35,4.02,2.0771144278606966,,67.57,103.9,96.5,False
2026-01-21T07:15:43Z,2026-01-21T02:15:43-05:00,2026-01-21 18:00 UTC,,Copa del Rey,1.252989506,35170798,Barcelona (W) v Athletic Bilbao (W),AWAY,11707726,SEL_11707726,50.0,125.91,510.0,1.07,460.0,136.92,1.07,127.9626168224299,2.77,69.31,103.9,96.5,False
2026-01-21T07:15:43Z,2026-01-21T02:15:43-05:00,2026-01-21 18:00 UTC,,Copa del Rey,1.252989506,35170798,Barcelona (W) v Athletic Bilbao (W),HOME,5226501,SEL_5226501,1.03,11.53,1.05,28.22,0.020000000000000018,363.64,147.71,2.4618509241080493,56.18,69.31,103.9,96.5,False
2026-01-21T07:15:43Z,2026-01-21T02:15:43-05:00,2026-01-21 18:00 UTC,,Copa del Rey,1.252989506,35170798,Barcelona (W) v Athletic Bilbao (W),DRAW,58805,SEL_58805,21.0,1.41,95.0,1.43,74.0,8.41,4.02,2.092039800995025,,69.31,103.9,96.5,False
2026-01-21T07:18:15Z,2026-01-21T02:18:15-05:00,2026-01-21 18:00 UTC,,Copa del Rey,1.252989506,35170798,Barcelona (W) v Athletic Bilbao (W),AWAY,11707726,SEL_11707726,50.0,125.03,510.0,1.07,460.0,128.43,1.07,120.02803738317758,2.77,69.31,103.9,96.5,False
2026-01-21T07:18:15Z,2026-01-21T02:18:15-05:00,2026-01-21 18:00 UTC,,Copa del Rey,1.252989506,35170798,Barcelona (W) v Athletic Bilbao (W),HOME,5226501,SEL_5226501,1.03,11.53,1.05,28.22,0.020000000000000018,363.64,187.92,1.9350787569178374,56.18,69.31,103.9,96.5,False
2026-01-21T07:18:15Z,2026-01-21T02:18:15-05:00,2026-01-21 18:00 UTC,,Copa del Rey,1.252989506,35170798,Barcelona (W) v Athletic Bilbao (W),DRAW,58805,SEL_58805,21.0,1.41,95.0,1.43,74.0,8.95,4.02,2.22636815920398,,69.31,103.9,96.5,False
2026-01-21T07:21:15Z,2026-01-21T02:21:15-05:00,2026-01-21 18:00 UTC,,Copa del Rey,1.252989506,35170798,Barcelona (W) v Athletic Bilbao (W),AWAY,11707726,SEL_11707726,50.0,125.03,510.0,1.07,460.0,128.43,1.07,120.02803738317758,2.77,69.31,103.9,96.5,False
2026-01-21T07:21:15Z,2026-01-21T02:21:15-05:00,2026-01-21 18:00 UTC,,Copa del Rey,1.252989506,35170798,Barcelona (W) v Athletic Bilbao (W),HOME,5226501,SEL_5226501,1.03,11.53,1.05,28.22,0.020000000000000018,363.64,187.92,1.9350787569178374,56.18,69.31,103.9,96.5,False
2026-01-21T07:21:15Z,2026-01-21T02:21:15-05:00,2026-01-21 18:00 UTC,,Copa del Rey,1.252989506,35170798,Barcelona (W) v Athletic Bilbao (W),DRAW,58805,SEL_58805,21.0,1.41,95.0,1.43,74.0,8.95,4.02,2.22636815920398,,69.31,103.9,96.5,False
2026-01-21T07:24:15Z,2026-01-21T02:24:15-05:00,2026-01-21 18:00 UTC,,Copa del Rey,1.252989506,35170798,Barcelona (W) v Athletic Bilbao (W),AWAY,11707726,SEL_11707726,50.0,125.03,510.0,1.07,460.0,146.94,1.07,137.3271028037383,2.77,69.31,104.4,93.9,False
2026-01-21T07:24:15Z,2026-01-21T02:24:15-05:00,2026-01-21 18:00 UTC,,Copa del Rey,1.252989506,35170798,Barcelona (W) v Athletic Bilbao (W),HOME,5226501,SEL_5226501,1.03,11.53,1.08,114.81,0.050000000000000044,333.94,252.53,1.3223775393022612,56.18,69.31,104.4,93.9,False
2026-01-21T07:24:15Z,2026-01-21T02:24:15-05:00,2026-01-21 18:00 UTC,,Copa del Rey,1.252989506,35170798,Barcelona (W) v Athletic Bilbao (W),DRAW,58805,SEL_58805,19.0,1.39,95.0,1.43,76.0,10.57,4.02,2.6293532338308463,,69.31,104.4,93.9,False
2026-01-21T07:26:30Z,2026-01-21T02:26:30-05:00,2026-01-21 18:00 UTC,,Copa del Rey,1.252989506,35170798,Barcelona (W) v Athletic Bilbao (W),AWAY,11707726,SEL_11707726,50.0,125.91,510.0,1.49,460.0,342.18,1.57,217.94904458598725,2.77,69.31,104.4,93.9,False
2026-01-21T07:26:30Z,2026-01-21T02:26:30-05:00,2026-01-21 18:00 UTC,,Copa del Rey,1.252989506,35170798,Barcelona (W) v Athletic Bilbao (W),HOME,5226501,SEL_5226501,1.03,11.53,1.08,114.81,0.050000000000000044,355.4,254.25,1.3978367748279252,56.18,69.31,104.4,93.9,False
2026-01-21T07:26:30Z,2026-01-21T02:26:30-05:00,2026-01-21 18:00 UTC,,Copa del Rey,1.252989506,35170798,Barcelona (W) v Athletic Bilbao (W),DRAW,58805,SEL_58805,19.0,1.39,95.0,1.43,76.0,10.57,4.13,2.5593220338983054,,69.31,104.4,93.9,False
2026-01-21T07:29:28Z,2026-01-21T02:29:28-05:00,2026-01-21 18:00 UTC,,Copa del Rey,1.252989506,35170798,Barcelona (W) v Athletic Bilbao (W),AWAY,11707726,SEL_11707726,50.0,125.03,510.0,1.49,460.0,130.45,1.57,83.08917197452229,2.77,69.31,104.4,93.9,False
2026-01-21T07:29:28Z,2026-01-21T02:29:28-05:00,2026-01-21 18:00 UTC,,Copa del Rey,1.252989506,35170798,Barcelona (W) v Athletic Bilbao (W),HOME,5226501,SEL_5226501,1.03,11.53,1.08,122.45,0.050000000000000044,355.4,262.29,1.3549887529070874,56.18,69.31,104.4,93.9,False
2026-01-21T07:29:28Z,2026-01-21T02:29:28-05:00,2026-01-21 18:00 UTC,,Copa del Rey,1.252989506,35170798,Barcelona (W) v Athletic Bilbao (W),DRAW,58805,SEL_58805,19.0,1.81,95.0,1.43,76.0,10.98,4.13,2.6585956416464893,,69.31,104.4,93.9,False
2026-01-21T07:32:28Z,2026-01-21T02:32:28-05:00,2026-01-21 18:00 UTC,,Copa del Rey,1.252989506,35170798,Barcelona (W) v Athletic Bilbao (W),AWAY,11707726,SEL_11707726,50.0,125.91,510.0,1.49,460.0,342.17,1.57,217.94267515923568,2.77,69.31,104.4,93.9,False
2026-01-21T07:32:28Z,2026-01-21T02:32:28-05:00,2026-01-21 18:00 UTC,,Copa del Rey,1.252989506,35170798,Barcelona (W) v Athletic Bilbao (W),HOME,5226501,SEL_5226501,1.03,11.53,1.08,122.45,0.050000000000000044,355.4,262.29,1.3549887529070874,56.18,69.31,104.4,93.9,False
2026-01-21T07:32:28Z,2026-01-21T02:32:28-05:00,2026-01-21 18:00 UTC,,Copa del Rey,1.252989506,35170798,Barcelona (W) v Athletic Bilbao (W),DRAW,58805,SEL_58805,19.0,1.81,95.0,1.43,76.0,10.98,4.13,2.6585956416464893,,69.31,104.4,93.9,False
2026-01-21T07:35:28Z,2026-01-21T02:35:28-05:00,2026-01-21 18:00 UTC,,Copa del Rey,1.252989506,35170798,Barcelona (W) v Athletic Bilbao (W),AWAY,11707726,SEL_11707726,50.0,125.03,510.0,1.49,460.0,130.45,1.57,83.08917197452229,2.77,69.31,104.4,93.9,False
2026-01-21T07:35:28Z,2026-01-21T02:35:28-05:00,2026-01-21 18:00 UTC,,Copa del Rey,1.252989506,35170798,Barcelona (W) v Athletic Bilbao (W),HOME,5226501,SEL_5226501,1.03,11.53,1.08,122.45,0.050000000000000044,355.4,262.29,1.3549887529070874,56.18,69.31,104.4,93.9,False
2026-01-21T07:35:28Z,2026-01-21T02:35:28-05:00,2026-01-21 18:00 UTC,,Copa del Rey,1.252989506,35170798,Barcelona (W) v Athletic Bilbao (W),DRAW,58805,SEL_58805,19.0,1.81,95.0,1.43,76.0,10.98,4.13,2.6585956416464893,,69.31,104.4,93.9,False
2026-01-21T07:38:28Z,2026-01-21T02:38:28-05:00,2026-01-21 18:00 UTC,,Copa del Rey,1.252989506,35170798,Barcelona (W) v Athletic Bilbao (W),AWAY,11707726,SEL_11707726,50.0,125.03,510.0,1.49,460.0,130.46,1.57,83.09554140127389,2.77,69.31,104.4,93.9,False
2026-01-21T07:38:28Z,2026-01-21T02:38:28-05:00,2026-01-21 18:00 UTC,,Copa del Rey,1.252989506,35170798,Barcelona (W) v Athletic Bilbao (W),HOME,5226501,SEL_5226501,1.03,11.53,1.08,114.81,0.050000000000000044,355.4,249.92000000000002,1.4220550576184376,56.18,69.31,104.4,93.9,False
2026-01-21T07:38:28Z,2026-01-21T02:38:28-05:00,2026-01-21 18:00 UTC,,Copa del Rey,1.252989506,35170798,Barcelona (W) v Athletic Bilbao (W),DRAW,58805,SEL_58805,19.0,1.39,95.0,1.43,76.0,10.57,4.13,2.5593220338983054,,69.31,104.4,93.9,False
2026-01-21T07:41:28Z,2026-01-21T02:41:28-05:00,2026-01-21 18:00 UTC,,Copa del Rey,1.252989506,35170798,Barcelona (W) v Athletic Bilbao (W),AWAY,11707726,SEL_11707726,50.0,125.03,510.0,1.49,460.0,130.46,1.57,83.09554140127389,2.77,69.31,104.4,93.9,False
2026-01-21T07:41:28Z,2026-01-21T02:41:28-05:00,2026-01-21 18:00 UTC,,Copa del Rey,1.252989506,35170798,Barcelona (W) v Athletic Bilbao (W),HOME,5226501,SEL_5226501,1.03,11.53,1.08,114.81,0.050000000000000044,355.4,254.65,1.3956410759866482,56.18,69.31,104.4,93.9,False
2026-01-21T07:41:28Z,2026-01-21T02:41:28-05:00,2026-01-21 18:00 UTC,,Copa del Rey,1.252989506,35170798,Barcelona (W) v Athletic Bilbao (W),DRAW,58805,SEL_58805,19.0,1.39,95.0,1.43,76.0,10.57,4.13,2.5593220338983054,,69.31,104.4,93.9,False
2026-01-21T07:44:28Z,2026-01-21T02:44:28-05:00,2026-01-21 18:00 UTC,,Copa del Rey,1.252989506,35170798,Barcelona (W) v Athletic Bilbao (W),AWAY,11707726,SEL_11707726,50.0,125.03,510.0,1.49,460.0,130.46,1.57,83.09554140127389,2.77,69.31,104.4,93.9,False
2026-01-21T07:44:28Z,2026-01-21T02:44:28-05:00,2026-01-21 18:00 UTC,,Copa del Rey,1.252989506,35170798,Barcelona (W) v Athletic Bilbao (W),HOME,5226501,SEL_5226501,1.03,11.53,1.08,114.81,0.050000000000000044,355.4,254.65,1.3956410759866482,56.18,69.31,104.4,93.9,False
2026-01-21T07:44:28Z,2026-01-21T02:44:28-05:00,2026-01-21 18:00 UTC,,Copa del Rey,1.252989506,35170798,Barcelona (W) v Athletic Bilbao (W),DRAW,58805,SEL_58805,19.0,1.39,95.0,1.43,76.0,10.57,4.13,2.5593220338983054,,69.31,104.4,93.9,False
2026-01-21T07:47:28Z,2026-01-21T02:47:28-05:00,2026-01-21 18:00 UTC,,Copa del Rey,1.252989506,35170798,Barcelona (W) v Athletic Bilbao (W),AWAY,11707726,SEL_11707726,50.0,125.03,510.0,1.49,460.0,130.46,1.57,83.09554140127389,2.77,69.31,104.4,93.9,False
2026-01-21T07:47:28Z,2026-01-21T02:47:28-05:00,2026-01-21 18:00 UTC,,Copa del Rey,1.252989506,35170798,Barcelona (W) v Athletic Bilbao (W),HOME,5226501,SEL_5226501,1.03,11.53,1.08,114.81,0.050000000000000044,355.4,254.65,1.3956410759866482,56.18,69.31,104.4,93.9,False
2026-01-21T07:47:28Z,2026-01-21T02:47:28-05:00,2026-01-21 18:00 UTC,,Copa del Rey,1.252989506,35170798,Barcelona (W) v Athletic Bilbao (W),DRAW,58805,SEL_58805,19.0,1.39,95.0,1.43,76.0,10.57,4.13,2.5593220338983054,,69.31,104.4,93.9,False
2026-01-21T07:50:28Z,2026-01-21T02:50:28-05:00,2026-01-21 18:00 UTC,,Copa del Rey,1.252989506,35170798,Barcelona (W) v Athletic Bilbao (W),AWAY,11707726,SEL_11707726,50.0,125.03,510.0,1.49,460.0,130.46,1.57,83.09554140127389,2.77,69.31,104.4,93.9,False
2026-01-21T07:50:28Z,2026-01-21T02:50:28-05:00,2026-01-21 18:00 UTC,,Copa del Rey,1.252989506,35170798,Barcelona (W) v Athletic Bilbao (W),HOME,5226501,SEL_5226501,1.03,11.53,1.08,114.81,0.050000000000000044,355.4,254.65,1.3956410759866482,56.18,69.31,104.4,93.9,False
2026-01-21T07:50:28Z,2026-01-21T02:50:28-05:00,2026-01-21 18:00 UTC,,Copa del Rey,1.252989506,35170798,Barcelona (W) v Athletic Bilbao (W),DRAW,58805,SEL_58805,19.0,1.39,95.0,1.43,76.0,10.57,4.13,2.5593220338983054,,69.31,104.4,93.9,False
2026-01-21T07:53:28Z,2026-01-21T02:53:28-05:00,2026-01-21 18:00 UTC,,Copa del Rey,1.252989506,35170798,Barcelona (W) v Athletic Bilbao (W),AWAY,11707726,SEL_11707726,50.0,125.03,510.0,1.49,460.0,130.46,1.57,83.09554140127389,2.77,69.31,104.4,93.9,False
2026-01-21T07:53:28Z,2026-01-21T02:53:28-05:00,2026-01-21 18:00 UTC,,Copa del Rey,1.252989506,35170798,Barcelona (W) v Athletic Bilbao (W),HOME,5226501,SEL_5226501,1.03,11.53,1.08,114.81,0.050000000000000044,355.4,254.65,1.3956410759866482,56.18,69.31,104.4,93.9,False
2026-01-21T07:53:28Z,2026-01-21T02:53:28-05:00,2026-01-21 18:00 UTC,,Copa del Rey,1.252989506,35170798,Barcelona (W) v Athletic Bilbao (W),DRAW,58805,SEL_58805,19.0,1.39,95.0,1.43,76.0,10.57,4.13,2.5593220338983054,,69.31,104.4,93.9,False
2026-01-21T07:56:28Z,2026-01-21T02:56:28-05:00,2026-01-21 18:00 UTC,,Copa del Rey,1.252989506,35170798,Barcelona (W) v Athletic Bilbao (W),AWAY,11707726,SEL_11707726,50.0,125.03,510.0,1.49,460.0,130.45,1.57,83.08917197452229,2.77,69.31,104.4,93.9,False
2026-01-21T07:56:28Z,2026-01-21T02:56:28-05:00,2026-01-21 18:00 UTC,,Copa del Rey,1.252989506,35170798,Barcelona (W) v Athletic Bilbao (W),HOME,5226501,SEL_5226501,1.03,11.53,1.08,122.45,0.050000000000000044,355.4,262.29,1.3549887529070874,56.18,69.31,104.4,93.9,False
2026-01-21T07:56:28Z,2026-01-21T02:56:28-05:00,2026-01-21 18:00 UTC,,Copa del Rey,1.252989506,35170798,Barcelona (W) v Athletic Bilbao (W),DRAW,58805,SEL_58805,19.0,1.81,95.0,1.43,76.0,10.98,4.13,2.6585956416464893,,69.31,104.4,93.9,False
2026-01-21T08:11:29Z,2026-01-21T03:11:29-05:00,2026-01-21 18:00 UTC,,Copa del Rey,1.252989506,35170798,Barcelona (W) v Athletic Bilbao (W),AWAY,11707726,SEL_11707726,50.0,124.88,510.0,1.49,460.0,130.29999999999998,1.57,82.9936305732484,2.77,69.31,104.4,93.9,False
2026-01-21T08:11:29Z,2026-01-21T03:11:29-05:00,2026-01-21 18:00 UTC,,Copa del Rey,1.252989506,35170798,Barcelona (W) v Athletic Bilbao (W),HOME,5226501,SEL_5226501,1.03,11.53,1.08,122.46,0.050000000000000044,355.3,262.17,1.3552275241255674,56.18,69.31,104.4,93.9,False
2026-01-21T08:11:29Z,2026-01-21T03:11:29-05:00,2026-01-21 18:00 UTC,,Copa del Rey,1.252989506,35170798,Barcelona (W) v Athletic Bilbao (W),DRAW,58805,SEL_58805,19.0,1.81,95.0,1.43,76.0,10.98,4.13,2.6585956416464893,,69.31,104.4,93.9,False
2026-01-21T08:14:29Z,2026-01-21T03:14:29-05:00,2026-01-21 18:00 UTC,,Copa del Rey,1.252989506,35170798,Barcelona (W) v Athletic Bilbao (W),AWAY,11707726,SEL_11707726,50.0,124.88,510.0,1.49,460.0,130.87,1.57,83.35668789808918,2.77,69.31,104.4,94.8,False
2026-01-21T08:14:29Z,2026-01-21T03:14:29-05:00,2026-01-21 18:00 UTC,,Copa del Rey,1.252989506,35170798,Barcelona (W) v Athletic Bilbao (W),HOME,5226501,SEL_5226501,1.03,11.53,1.07,9.83,0.040000000000000036,355.3,146.81,2.4201348681969894,56.18,69.31,104.4,94.8,False
2026-01-21T08:14:29Z,2026-01-21T03:14:29-05:00,2026-01-21 18:00 UTC,,Copa del Rey,1.252989506,35170798,Barcelona (W) v Athletic Bilbao (W),DRAW,58805,SEL_58805,19.0,1.81,95.0,1.43,76.0,8.55,4.13,2.070217917675545,,69.31,104.4,94.8,False
2026-01-21T08:26:29Z,2026-01-21T03:26:29-05:00,2026-01-21 18:00 UTC,,Copa del Rey,1.252989506,35170798,Barcelona (W) v Athletic Bilbao (W),AWAY,11707726,SEL_11707726,50.0,125.77,510.0,1.49,460.0,342.59000000000003,1.57,218.21019108280257,2.77,69.31,104.4,94.8,False
2026-01-21T08:26:29Z,2026-01-21T03:26:29-05:00,2026-01-21 18:00 UTC,,Copa del Rey,1.252989506,35170798,Barcelona (W) v Athletic Bilbao (W),HOME,5226501,SEL_5226501,1.03,11.53,1.07,9.83,0.040000000000000036,355.3,146.81,2.4201348681969894,56.18,69.31,104.4,94.8,False
2026-01-21T08:26:29Z,2026-01-21T03:26:29-05:00,2026-01-21 18:00 UTC,,Copa del Rey,1.252989506,35170798,Barcelona (W) v Athletic Bilbao (W),DRAW,58805,SEL_58805,19.0,1.81,95.0,1.43,76.0,8.55,4.13,2.070217917675545,,69.31,104.4,94.8,False
2026-01-21T08:29:29Z,2026-01-21T03:29:29-05:00,2026-01-21 18:00 UTC,,Copa del Rey,1.252989506,35170798,Barcelona (W) v Athletic Bilbao (W),AWAY,11707726,SEL_11707726,50.0,125.77,510.0,1.49,460.0,131.73,1.57,83.90445859872611,2.77,92.38,105.3,98.4,False
2026-01-21T08:29:29Z,2026-01-21T03:29:29-05:00,2026-01-21 18:00 UTC,,Copa del Rey,1.252989506,35170798,Barcelona (W) v Athletic Bilbao (W),HOME,5226501,SEL_5226501,1.02,30.28,1.03,44.82,0.010000000000000009,342.88,170.34,2.0129153457790303,75.8,92.38,105.3,98.4,False
2026-01-21T08:29:29Z,2026-01-21T03:29:29-05:00,2026-01-21 18:00 UTC,,Copa del Rey,1.252989506,35170798,Barcelona (W) v Athletic Bilbao (W),DRAW,58805,SEL_58805,19.0,2.47,95.0,1.31,76.0,9.3,4.01,2.319201995012469,,92.38,105.3,98.4,False
2026-01-21T08:32:29Z,2026-01-21T03:32:29-05:00,2026-01-21 18:00 UTC,,Copa del Rey,1.252989506,35170798,Barcelona (W) v Athletic Bilbao (W),AWAY,11707726,SEL_11707726,50.0,126.64,510.0,1.49,460.0,342.87,1.57,218.38853503184714,2.77,92.38,105.3,98.4,False
2026-01-21T08:32:29Z,2026-01-21T03:32:29-05:00,2026-01-21 18:00 UTC,,Copa del Rey,1.252989506,35170798,Barcelona (W) v Athletic Bilbao (W),HOME,5226501,SEL_5226501,1.02,30.28,1.03,44.82,0.010000000000000009,342.88,173.75,1.973410071942446,75.8,92.38,105.3,98.4,False
2026-01-21T08:32:29Z,2026-01-21T03:32:29-05:00,2026-01-21 18:00 UTC,,Copa del Rey,1.252989506,35170798,Barcelona (W) v Athletic Bilbao (W),DRAW,58805,SEL_58805,19.0,2.42,95.0,1.31,76.0,11.57,4.01,2.8852867830423943,,92.38,105.3,98.4,False
2026-01-21T08:35:29Z,2026-01-21T03:35:29-05:00,2026-01-21 18:00 UTC,,Copa del Rey,1.252989506,35170798,Barcelona (W) v Athletic Bilbao (W),AWAY,11707726,SEL_11707726,50.0,125.77,510.0,1.49,460.0,131.16,1.57,83.54140127388534,2.77,92.38,105.3,98.4,False
2026-01-21T08:35:29Z,2026-01-21T03:35:29-05:00,2026-01-21 18:00 UTC,,Copa del Rey,1.252989506,35170798,Barcelona (W) v Athletic Bilbao (W),HOME,5226501,SEL_5226501,1.02,30.28,1.03,44.82,0.010000000000000009,342.88,173.75,1.973410071942446,75.8,92.38,105.3,98.4,False
2026-01-21T08:35:29Z,2026-01-21T03:35:29-05:00,2026-01-21 18:00 UTC,,Copa del Rey,1.252989506,35170798,Barcelona (W) v Athletic Bilbao (W),DRAW,58805,SEL_58805,19.0,2.42,95.0,1.31,76.0,11.56,4.01,2.8827930174563594,,92.38,105.3,98.4,False
2026-01-21T08:56:30Z,2026-01-21T03:56:30-05:00,2026-01-21 18:00 UTC,,Copa del Rey,1.252989506,35170798,Barcelona (W) v Athletic Bilbao (W),AWAY,11707726,SEL_11707726,50.0,125.77,510.0,1.49,460.0,132.54999999999998,1.57,84.42675159235668,2.77,183.79,103.9,95.6,False
2026-01-21T08:56:30Z,2026-01-21T03:56:30-05:00,2026-01-21 18:00 UTC,,Copa del Rey,1.252989506,35170798,Barcelona (W) v Athletic Bilbao (W),HOME,5226501,SEL_5226501,1.03,11.53,1.06,44.82,0.030000000000000027,3990.46,301.9,13.217820470354424,153.54,183.79,103.9,95.6,False
2026-01-21T08:56:30Z,2026-01-21T03:56:30-05:00,2026-01-21 18:00 UTC,,Copa del Rey,1.252989506,35170798,Barcelona (W) v Athletic Bilbao (W),DRAW,58805,SEL_58805,21.0,1.47,95.0,1.43,74.0,9.01,4.16,2.1658653846153846,,183.79,103.9,95.6,False
2026-01-21T08:59:30Z,2026-01-21T03:59:30-05:00,2026-01-21 18:00 UTC,,Copa del Rey,1.252989506,35170798,Barcelona (W) v Athletic Bilbao (W),AWAY,11707726,SEL_11707726,50.0,125.77,510.0,1.49,460.0,129.65,2.02,64.18316831683168,2.77,183.79,103.9,96.5,False
2026-01-21T08:59:30Z,2026-01-21T03:59:30-05:00,2026-01-21 18:00 UTC,,Copa del Rey,1.252989506,35170798,Barcelona (W) v Athletic Bilbao (W),HOME,5226501,SEL_5226501,1.03,11.53,1.05,7.84,0.020000000000000018,3990.46,183.27,21.77366726687401,153.54,183.79,103.9,96.5,False
2026-01-21T08:59:30Z,2026-01-21T03:59:30-05:00,2026-01-21 18:00 UTC,,Copa del Rey,1.252989506,35170798,Barcelona (W) v Athletic Bilbao (W),DRAW,58805,SEL_58805,21.0,1.39,95.0,1.43,74.0,8.93,4.16,2.1466346153846154,,183.79,103.9,96.5,False
2026-01-21T09:02:30Z,2026-01-21T04:02:30-05:00,2026-01-21 18:00 UTC,,Copa del Rey,1.252989506,35170798,Barcelona (W) v Athletic Bilbao (W),AWAY,11707726,SEL_11707726,50.0,125.74,510.0,1.27,460.0,129.32,1.8,71.84444444444443,2.77,183.77,104.4,95.6,False
2026-01-21T09:02:30Z,2026-01-21T04:02:30-05:00,2026-01-21 18:00 UTC,,Copa del Rey,1.252989506,35170798,Barcelona (W) v Athletic Bilbao (W),HOME,5226501,SEL_5226501,1.03,11.53,1.06,44.81,0.030000000000000027,3990.0400000000004,301.07,13.252864782276548,153.52,183.77,104.4,95.6,False
2026-01-21T09:02:30Z,2026-01-21T04:02:30-05:00,2026-01-21 18:00 UTC,,Copa del Rey,1.252989506,35170798,Barcelona (W) v Athletic Bilbao (W),DRAW,58805,SEL_58805,19.0,1.73,95.0,1.43,76.0,10.13,4.16,2.4350961538461537,,183.77,104.4,95.6,False
2026-01-21T09:05:30Z,2026-01-21T04:05:30-05:00,2026-01-21 18:00 UTC,,Copa del Rey,1.252989506,35170798,Barcelona (W) v Athletic Bilbao (W),AWAY,11707726,SEL_11707726,50.0,125.74,510.0,1.27,460.0,129.69,1.8,72.05,2.77,183.77,104.4,95.6,False
2026-01-21T09:05:30Z,2026-01-21T04:05:30-05:00,2026-01-21 18:00 UTC,,Copa del Rey,1.252989506,35170798,Barcelona (W) v Athletic Bilbao (W),HOME,5226501,SEL_5226501,1.03,11.53,1.06,52.61,0.030000000000000027,3990.0400000000004,316.51,12.60636314808379,153.52,183.77,104.4,95.6,False
2026-01-21T09:05:30Z,2026-01-21T04:05:30-05:00,2026-01-21 18:00 UTC,,Copa del Rey,1.252989506,35170798,Barcelona (W) v Athletic Bilbao (W),DRAW,58805,SEL_58805,19.0,2.15,95.0,1.43,76.0,10.99,4.16,2.641826923076923,,183.77,104.4,95.6,False
2026-01-21T09:11:38Z,2026-01-21T04:11:38-05:00,2026-01-21 18:00 UTC,,Copa del Rey,1.252989506,35170798,Barcelona (W) v Athletic Bilbao (W),AWAY,11707726,SEL_11707726,50.0,125.75,510.0,1.27,460.0,130.82,1.8,72.67777777777778,2.77,183.78,103.9,96.5,False
2026-01-21T09:11:38Z,2026-01-21T04:11:38-05:00,2026-01-21 18:00 UTC,,Copa del Rey,1.252989506,35170798,Barcelona (W) v Athletic Bilbao (W),HOME,5226501,SEL_5226501,1.03,11.54,1.05,30.57,0.020000000000000018,4026.66,238.62,16.87477998491325,153.52,183.78,103.9,96.5,False
2026-01-21T09:11:38Z,2026-01-21T04:11:38-05:00,2026-01-21 18:00 UTC,,Copa del Rey,1.252989506,35170798,Barcelona (W) v Athletic Bilbao (W),DRAW,58805,SEL_58805,21.0,1.46,95.0,1.43,74.0,9.0,4.16,2.1634615384615383,,183.78,103.9,96.5,False
2026-01-21T09:14:31Z,2026-01-21T04:14:31-05:00,2026-01-21 18:00 UTC,,Copa del Rey,1.252989506,35170798,Barcelona (W) v Athletic Bilbao (W),AWAY,11707726,SEL_11707726,50.0,125.75,510.0,1.27,460.0,130.82,1.8,72.67777777777778,2.77,183.78,103.9,96.5,False
2026-01-21T09:14:31Z,2026-01-21T04:14:31-05:00,2026-01-21 18:00 UTC,,Copa del Rey,1.252989506,35170798,Barcelona (W) v Athletic Bilbao (W),HOME,5226501,SEL_5226501,1.03,11.54,1.05,30.57,0.020000000000000018,4026.66,238.62,16.87477998491325,153.52,183.78,103.9,96.5,False
2026-01-21T09:14:31Z,2026-01-21T04:14:31-05:00,2026-01-21 18:00 UTC,,Copa del Rey,1.252989506,35170798,Barcelona (W) v Athletic Bilbao (W),DRAW,58805,SEL_58805,21.0,1.46,95.0,1.43,74.0,9.0,4.16,2.1634615384615383,,183.78,103.9,96.5,False
2026-01-21T09:17:31Z,2026-01-21T04:17:31-05:00,2026-01-21 18:00 UTC,,Copa del Rey,1.252989506,35170798,Barcelona (W) v Athletic Bilbao (W),AWAY,11707726,SEL_11707726,50.0,125.75,510.0,1.27,460.0,130.9,1.8,72.72222222222223,2.77,183.78,103.9,96.5,False
2026-01-21T09:17:31Z,2026-01-21T04:17:31-05:00,2026-01-21 18:00 UTC,,Copa del Rey,1.252989506,35170798,Barcelona (W) v Athletic Bilbao (W),HOME,5226501,SEL_5226501,1.03,11.54,1.05,31.75,0.020000000000000018,4023.13,239.81,16.776322922313497,153.52,183.78,103.9,96.5,False
2026-01-21T09:17:31Z,2026-01-21T04:17:31-05:00,2026-01-21 18:00 UTC,,Copa del Rey,1.252989506,35170798,Barcelona (W) v Athletic Bilbao (W),DRAW,58805,SEL_58805,21.0,1.52,95.0,1.43,74.0,9.06,4.16,2.1778846153846154,,183.78,103.9,96.5,False
2026-01-21T09:20:31Z,2026-01-21T04:20:31-05:00,2026-01-21 18:00 UTC,,Copa del Rey,1.252989506,35170798,Barcelona (W) v Athletic Bilbao (W),AWAY,11707726,SEL_11707726,55.0,112.71,510.0,1.27,455.0,117.86,1.8,65.47777777777777,2.77,183.78,103.7,96.5,False
2026-01-21T09:20:31Z,2026-01-21T04:20:31-05:00,2026-01-21 18:00 UTC,,Copa del Rey,1.252989506,35170798,Barcelona (W) v Athletic Bilbao (W),HOME,5226501,SEL_5226501,1.03,11.54,1.05,31.75,0.020000000000000018,4023.13,239.81,16.776322922313497,153.52,183.78,103.7,96.5,False
2026-01-21T09:20:31Z,2026-01-21T04:20:31-05:00,2026-01-21 18:00 UTC,,Copa del Rey,1.252989506,35170798,Barcelona (W) v Athletic Bilbao (W),DRAW,58805,SEL_58805,21.0,1.52,95.0,1.43,74.0,9.06,5.42,1.6715867158671587,,183.78,103.7,96.5,False
2026-01-21T14:25:00Z,2026-01-21T09:25:00-05:00,2026-01-21 18:00 UTC,,Copa del Rey,1.252989506,35170798,Barcelona (W) v Athletic Bilbao (W),AWAY,11707726,SEL_11707726,65.0,1.69,990.0,1.16,925.0,108.03,1.16,93.12931034482759,2.86,591.13,104.2,95.5,False
2026-01-21T14:25:00Z,2026-01-21T09:25:00-05:00,2026-01-21 18:00 UTC,,Copa del Rey,1.252989506,35170798,Barcelona (W) v Athletic Bilbao (W),HOME,5226501,SEL_5226501,1.04,8.63,1.06,15.26,0.020000000000000018,4049.0,69.29,58.43556068696781,478.35,591.13,104.2,95.5,False
2026-01-21T14:25:00Z,2026-01-21T09:25:00-05:00,2026-01-21 18:00 UTC,,Copa del Rey,1.252989506,35170798,Barcelona (W) v Athletic Bilbao (W),DRAW,58805,SEL_58805,15.5,2.84,95.0,1.53,79.5,6.43,5.85,1.0991452991452992,22.1,591.13,104.2,95.5,False
2026-01-21T14:26:41Z,2026-01-21T09:26:41-05:00,2026-01-21 18:00 UTC,,Copa del Rey,1.252989506,35170798,Barcelona (W) v Athletic Bilbao (W),AWAY,11707726,SEL_11707726,65.0,1.43,990.0,1.16,925.0,107.77,1.16,92.90517241379311,2.86,591.13,104.2,95.5,False
2026-01-21T14:26:41Z,2026-01-21T09:26:41-05:00,2026-01-21 18:00 UTC,,Copa del Rey,1.252989506,35170798,Barcelona (W) v Athletic Bilbao (W),HOME,5226501,SEL_5226501,1.04,8.63,1.06,15.26,0.020000000000000018,4049.0,69.29,58.43556068696781,478.35,591.13,104.2,95.5,False
2026-01-21T14:26:41Z,2026-01-21T09:26:41-05:00,2026-01-21 18:00 UTC,,Copa del Rey,1.252989506,35170798,Barcelona (W) v Athletic Bilbao (W),DRAW,58805,SEL_58805,15.5,2.84,95.0,1.54,79.5,6.43,5.88,1.0935374149659864,22.1,591.13,104.2,95.5,False
2026-01-21T14:29:42Z,2026-01-21T09:29:42-05:00,2026-01-21 18:00 UTC,,Copa del Rey,1.252989506,35170798,Barcelona (W) v Athletic Bilbao (W),AWAY,11707726,SEL_11707726,65.0,1.71,990.0,1.16,925.0,108.05,1.16,93.14655172413794,2.86,591.13,104.2,95.5,False
2026-01-21T14:29:42Z,2026-01-21T09:29:42-05:00,2026-01-21 18:00 UTC,,Copa del Rey,1.252989506,35170798,Barcelona (W) v Athletic Bilbao (W),HOME,5226501,SEL_5226501,1.04,8.63,1.06,15.26,0.020000000000000018,4049.0,69.29,58.43556068696781,478.35,591.13,104.2,95.5,False
2026-01-21T14:29:42Z,2026-01-21T09:29:42-05:00,2026-01-21 18:00 UTC,,Copa del Rey,1.252989506,35170798,Barcelona (W) v Athletic Bilbao (W),DRAW,58805,SEL_58805,15.5,2.84,95.0,1.54,79.5,6.43,5.92,1.0861486486486487,22.1,591.13,104.2,95.5,False
2026-01-21T14:30:52Z,2026-01-21T09:30:52-05:00,2026-01-21 18:00 UTC,,Copa del Rey,1.252989506,35170798,Barcelona (W) v Athletic Bilbao (W),AWAY,11707726,SEL_11707726,65.0,1.71,990.0,1.16,925.0,108.05,1.16,93.14655172413794,2.86,591.13,104.2,95.5,False
2026-01-21T14:30:52Z,2026-01-21T09:30:52-05:00,2026-01-21 18:00 UTC,,Copa del Rey,1.252989506,35170798,Barcelona (W) v Athletic Bilbao (W),HOME,5226501,SEL_5226501,1.04,8.63,1.06,15.26,0.020000000000000018,4049.0,69.29,58.43556068696781,478.35,591.13,104.2,95.5,False
2026-01-21T14:30:52Z,2026-01-21T09:30:52-05:00,2026-01-21 18:00 UTC,,Copa del Rey,1.252989506,35170798,Barcelona (W) v Athletic Bilbao (W),DRAW,58805,SEL_58805,15.5,2.84,95.0,1.54,79.5,6.43,5.92,1.0861486486486487,22.1,591.13,104.2,95.5,False
2026-01-21T14:38:42Z,2026-01-21T09:38:42-05:00,2026-01-21 18:00 UTC,,Copa del Rey,1.252989506,35170798,Barcelona (W) v Athletic Bilbao (W),AWAY,11707726,SEL_11707726,60.0,104.86,1000.0,2.14,940.0,108.63,2.14,50.76168224299065,3.83,592.26,104.4,95.5,False
2026-01-21T14:38:42Z,2026-01-21T09:38:42-05:00,2026-01-21 18:00 UTC,,Copa del Rey,1.252989506,35170798,Barcelona (W) v Athletic Bilbao (W),HOME,5226501,SEL_5226501,1.04,8.63,1.06,15.26,0.020000000000000018,4049.0,69.29,58.43556068696781,478.35,592.26,104.4,95.5,False
2026-01-21T14:38:42Z,2026-01-21T09:38:42-05:00,2026-01-21 18:00 UTC,,Copa del Rey,1.252989506,35170798,Barcelona (W) v Athletic Bilbao (W),DRAW,58805,SEL_58805,15.5,2.84,95.0,1.52,79.5,6.43,5.859999999999999,1.0972696245733788,22.1,592.26,104.4,95.5,False
2026-01-21T14:41:42Z,2026-01-21T09:41:42-05:00,2026-01-21 18:00 UTC,,Copa del Rey,1.252989506,35170798,Barcelona (W) v Athletic Bilbao (W),AWAY,11707726,SEL_11707726,60.0,104.86,1000.0,2.14,940.0,108.63,2.14,50.76168224299065,3.83,592.26,104.4,95.5,False
2026-01-21T14:41:42Z,2026-01-21T09:41:42-05:00,2026-01-21 18:00 UTC,,Copa del Rey,1.252989506,35170798,Barcelona (W) v Athletic Bilbao (W),HOME,5226501,SEL_5226501,1.04,8.63,1.06,15.26,0.020000000000000018,4049.0,69.29,58.43556068696781,478.35,592.26,104.4,95.5,False
2026-01-21T14:41:42Z,2026-01-21T09:41:42-05:00,2026-01-21 18:00 UTC,,Copa del Rey,1.252989506,35170798,Barcelona (W) v Athletic Bilbao (W),DRAW,58805,SEL_58805,15.5,2.84,95.0,1.52,79.5,7.85,5.859999999999999,1.3395904436860069,22.1,592.26,104.4,95.5,False
2026-01-21T17:59:40Z,2026-01-21T12:59:40-05:00,2026-01-21 18:00 UTC,,Copa del Rey,1.252989506,35170798,Barcelona (W) v Athletic Bilbao (W),AWAY,11707726,SEL_11707726,75.0,5.17,490.0,4.8,415.0,110.86,5.859999999999999,18.918088737201366,14.94,5200.43,102.9,97.5,False
2026-01-21T17:59:40Z,2026-01-21T12:59:40-05:00,2026-01-21 18:00 UTC,,Copa del Rey,1.252989506,35170798,Barcelona (W) v Athletic Bilbao (W),HOME,5226501,SEL_5226501,1.03,333.24,1.05,197.34,0.020000000000000018,11436.96,319.72,35.771800325284616,4336.28,5200.43,102.9,97.5,False
2026-01-21T17:59:40Z,2026-01-21T12:59:40-05:00,2026-01-21 18:00 UTC,,Copa del Rey,1.252989506,35170798,Barcelona (W) v Athletic Bilbao (W),DRAW,58805,SEL_58805,22.0,4.46,48.0,1.76,26.0,13.25,7.859999999999999,1.6857506361323156,75.98,5200.43,102.9,97.5,False
2026-01-21T17:59:49Z,2026-01-21T12:59:49-05:00,2026-01-21 18:00 UTC,,Copa del Rey,1.252989506,35170798,Barcelona (W) v Athletic Bilbao (W),AWAY,11707726,SEL_11707726,85.0,1.32,130.0,3.16,45.0,110.57000000000001,12.74,8.678963893249607,60.51,6029.86,102.4,97.7,False
2026-01-21T17:59:49Z,2026-01-21T12:59:49-05:00,2026-01-21 18:00 UTC,,Copa del Rey,1.252989506,35170798,Barcelona (W) v Athletic Bilbao (W),HOME,5226501,SEL_5226501,1.04,49.16,1.06,6.45,0.020000000000000018,4258.29,153.83,27.68179158811675,4972.88,6029.86,102.4,97.7,False
2026-01-21T17:59:49Z,2026-01-21T12:59:49-05:00,2026-01-21 18:00 UTC,,Copa del Rey,1.252989506,35170798,Barcelona (W) v Athletic Bilbao (W),DRAW,58805,SEL_58805,20.0,8.03,38.0,7.2,18.0,15.02,17.26,0.8702201622247971,99.91,6029.86,102.4,97.7,False
2026-01-21T18:02:49Z,2026-01-21T13:02:49-05:00,2026-01-21 18:00 UTC,,Copa del Rey,1.252989506,35170798,Barcelona (W) v Athletic Bilbao (W),AWAY,11707726,SEL_11707726,70.0,103.85,240.0,4.48,170.0,128.65,18.87,6.81770005299417,60.81,6564.5,102.8,97.0,False
2026-01-21T18:02:49Z,2026-01-21T13:02:49-05:00,2026-01-21 18:00 UTC,,Copa del Rey,1.252989506,35170798,Barcelona (W) v Athletic Bilbao (W),HOME,5226501,SEL_5226501,1.03,73.93,1.05,63.89,0.020000000000000018,10376.33,429.53,24.15740460503341,5404.74,6564.5,102.8,97.0,False
2026-01-21T18:02:49Z,2026-01-21T13:02:49-05:00,2026-01-21 18:00 UTC,,Copa del Rey,1.252989506,35170798,Barcelona (W) v Athletic Bilbao (W),DRAW,58805,SEL_58805,23.0,2.91,70.0,1.23,47.0,28.71,18.02,1.59322974472808,122.9,6564.5,102.8,97.0,False
2026-01-21T18:05:49Z,2026-01-21T13:05:49-05:00,2026-01-21 18:00 UTC,,Copa del Rey,1.252989506,35170798,Barcelona (W) v Athletic Bilbao (W),AWAY,11707726,SEL_11707726,70.0,100.35,170.0,5.02,100.0,107.28,14.129999999999999,7.59235668789809,72.36,7733.46,102.4,98.3,False
2026-01-21T18:05:49Z,2026-01-21T13:05:49-05:00,2026-01-21 18:00 UTC,,Copa del Rey,1.252989506,35170798,Barcelona (W) v Athletic Bilbao (W),HOME,5226501,SEL_5226501,1.04,119.83,1.06,655.53,0.020000000000000018,4215.09,866.88,4.862368493909192,6351.19,7733.46,102.4,98.3,False
2026-01-21T18:05:49Z,2026-01-21T13:05:49-05:00,2026-01-21 18:00 UTC,,Copa del Rey,1.252989506,35170798,Barcelona (W) v Athletic Bilbao (W),DRAW,58805,SEL_58805,21.0,2.01,29.0,1.59,8.0,47.04,8.96,5.249999999999999,160.05,7733.46,102.4,98.3,False
2026-01-21T18:08:50Z,2026-01-21T13:08:50-05:00,2026-01-21 18:00 UTC,,Copa del Rey,1.252989506,35170798,Barcelona (W) v Athletic Bilbao (W),AWAY,11707726,SEL_11707726,70.0,99.18,75.0,3.54,5.0,104.78,13.120000000000001,7.986280487804877,79.47,8414.09,100.9,98.9,False
2026-01-21T18:08:50Z,2026-01-21T13:08:50-05:00,2026-01-21 18:00 UTC,,Copa del Rey,1.252989506,35170798,Barcelona (W) v Athletic Bilbao (W),HOME,5226501,SEL_5226501,1.05,38.93,1.06,867.08,0.010000000000000009,1087.8799999999999,1292.67,0.8415759629294405,6921.21,8414.09,100.9,98.9,False
2026-01-21T18:08:50Z,2026-01-21T13:08:50-05:00,2026-01-21 18:00 UTC,,Copa del Rey,1.252989506,35170798,Barcelona (W) v Athletic Bilbao (W),DRAW,58805,SEL_58805,23.0,11.77,30.0,2.62,7.0,55.92,12.2,4.58360655737705,162.35,8414.09,100.9,98.9,False
2026-01-21T18:11:50Z,2026-01-21T13:11:50-05:00,2026-01-21 18:00 UTC,,Copa del Rey,1.252989506,35170798,Barcelona (W) v Athletic Bilbao (W),AWAY,11707726,SEL_11707726,70.0,95.79,140.0,5.13,70.0,102.10000000000001,14.71,6.940856560163154,95.72,9102.46,101.1,98.8,False
2026-01-21T18:11:50Z,2026-01-21T13:11:50-05:00,2026-01-21 18:00 UTC,,Copa del Rey,1.252989506,35170798,Barcelona (W) v Athletic Bilbao (W),HOME,5226501,SEL_5226501,1.05,91.29,1.06,1134.69,0.010000000000000009,2004.65,2041.91,0.9817523789001474,7477.09,9102.46,101.1,98.8,False
2026-01-21T18:11:50Z,2026-01-21T13:11:50-05:00,2026-01-21 18:00 UTC,,Copa del Rey,1.252989506,35170798,Barcelona (W) v Athletic Bilbao (W),DRAW,58805,SEL_58805,22.0,4.7,26.0,3.96,4.0,64.25,15.81,4.063883617963314,176.24,9102.46,101.1,98.8,False
2026-01-21T18:14:50Z,2026-01-21T13:14:50-05:00,2026-01-21 18:00 UTC,,Copa del Rey,1.252989506,35170798,Barcelona (W) v Athletic Bilbao (W),AWAY,11707726,SEL_11707726,70.0,96.16,130.0,34.78,60.0,104.31,44.36,2.3514427412082957,95.92,9417.78,102.1,98.8,False
2026-01-21T18:14:50Z,2026-01-21T13:14:50-05:00,2026-01-21 18:00 UTC,,Copa del Rey,1.252989506,35170798,Barcelona (W) v Athletic Bilbao (W),HOME,5226501,SEL_5226501,1.04,1392.01,1.06,1196.16,0.020000000000000018,5230.6,2561.1400000000003,2.042293666101814,7723.19,9417.78,102.1,98.8,False
2026-01-21T18:14:50Z,2026-01-21T13:14:50-05:00,2026-01-21 18:00 UTC,,Copa del Rey,1.252989506,35170798,Barcelona (W) v Athletic Bilbao (W),DRAW,58805,SEL_58805,22.0,4.7,27.0,11.11,5.0,91.84,26.21,3.504006104540252,198.37,9417.78,102.1,98.8,False
2026-01-21T18:17:50Z,2026-01-21T13:17:50-05:00,2026-01-21 18:00 UTC,,Copa del Rey,1.252989506,35170798,Barcelona (W) v Athletic Bilbao (W),AWAY,11707726,SEL_11707726,70.0,91.76,130.0,34.78,60.0,107.37,44.36,2.420423805229937,103.39,9470.5,101.1,98.7,False
2026-01-21T18:17:50Z,2026-01-21T13:17:50-05:00,2026-01-21 18:00 UTC,,Copa del Rey,1.252989506,35170798,Barcelona (W) v Athletic Bilbao (W),HOME,5226501,SEL_5226501,1.05,587.52,1.06,1323.34,0.010000000000000009,2837.1800000000003,2690.11,1.05467062685169,7739.85,9470.5,101.1,98.7,False
2026-01-21T18:17:50Z,2026-01-21T13:17:50-05:00,2026-01-21 18:00 UTC,,Copa del Rey,1.252989506,35170798,Barcelona (W) v Athletic Bilbao (W),DRAW,58805,SEL_58805,22.0,3.32,28.0,4.35,6.0,98.75,48.13,2.051734884687305,219.12,9470.5,101.1,98.7,False
2026-01-21T18:20:50Z,2026-01-21T13:20:50-05:00,2026-01-21 18:00 UTC,,Copa del Rey,1.252989506,35170798,Barcelona (W) v Athletic Bilbao (W),AWAY,11707726,SEL_11707726,80.0,1.47,100.0,1.17,20.0,96.61,40.74,2.3713794796269023,103.39,14883.94,101.3,99.9,False
2026-01-21T18:20:50Z,2026-01-21T13:20:50-05:00,2026-01-21 18:00 UTC,,Copa del Rey,1.252989506,35170798,Barcelona (W) v Athletic Bilbao (W),HOME,5226501,SEL_5226501,1.04,2537.13,1.05,1602.38,0.010000000000000009,6271.16,3867.24,1.6216112783276964,12339.23,14883.94,101.3,99.9,False
2026-01-21T18:20:50Z,2026-01-21T13:20:50-05:00,2026-01-21 18:00 UTC,,Copa del Rey,1.252989506,35170798,Barcelona (W) v Athletic Bilbao (W),DRAW,58805,SEL_58805,26.0,4.52,27.0,3.52,1.0,78.55,9.48,8.285864978902953,228.28,14883.94,101.3,99.9,False
2026-01-21T18:23:50Z,2026-01-21T13:23:50-05:00,2026-01-21 18:00 UTC,,Copa del Rey,1.252989506,35170798,Barcelona (W) v Athletic Bilbao (W),AWAY,11707726,SEL_11707726,70.0,91.76,100.0,1.17,30.0,185.16,40.74,4.544918998527246,103.39,16361.73,101.4,99.6,False
2026-01-21T18:23:50Z,2026-01-21T13:23:50-05:00,2026-01-21 18:00 UTC,,Copa del Rey,1.252989506,35170798,Barcelona (W) v Athletic Bilbao (W),HOME,5226501,SEL_5226501,1.04,56.2,1.05,923.56,0.010000000000000009,421.9,1755.6999999999998,0.24030301304323062,13591.54,16361.73,101.4,99.6,False
2026-01-21T18:23:50Z,2026-01-21T13:23:50-05:00,2026-01-21 18:00 UTC,,Copa del Rey,1.252989506,35170798,Barcelona (W) v Athletic Bilbao (W),DRAW,58805,SEL_58805,26.0,1.42,29.0,5.97,3.0,14.34,14.28,1.004201680672269,234.03,16361.73,101.4,99.6,False
2026-01-21T18:26:50Z,2026-01-21T13:26:50-05:00,2026-01-21 18:00 UTC,,Copa del Rey,1.252989506,35170798,Barcelona (W) v Athletic Bilbao (W),AWAY,11707726,SEL_11707726,16.5,8.14,18.0,4.23,1.5,39.650000000000006,35.230000000000004,1.1254612546125462,135.53,18401.94,101.3,98.6,False
2026-01-21T18:26:50Z,2026-01-21T13:26:50-05:00,2026-01-21 18:00 UTC,,Copa del Rey,1.252989506,35170798,Barcelona (W) v Athletic Bilbao (W),HOME,5226501,SEL_5226501,1.2,419.43,1.21,355.46,0.010000000000000009,1321.43,577.98,2.2862901830513165,15253.45,18401.94,101.3,98.6,False
2026-01-21T18:26:50Z,2026-01-21T13:26:50-05:00,2026-01-21 18:00 UTC,,Copa del Rey,1.252989506,35170798,Barcelona (W) v Athletic Bilbao (W),DRAW,58805,SEL_58805,8.4,13.16,9.6,27.45,1.1999999999999993,70.25999999999999,123.94999999999999,0.5668414683340056,276.84,18401.94,101.3,98.6,False
2026-01-21T18:29:50Z,2026-01-21T13:29:50-05:00,2026-01-21 18:00 UTC,,Copa del Rey,1.252989506,35170798,Barcelona (W) v Athletic Bilbao (W),AWAY,11707726,SEL_11707726,18.0,18.7,19.5,2.35,1.5,45.339999999999996,42.13,1.076192736767149,278.45,22211.38,101.1,99.3,False
2026-01-21T18:29:50Z,2026-01-21T13:29:50-05:00,2026-01-21 18:00 UTC,,Copa del Rey,1.252989506,35170798,Barcelona (W) v Athletic Bilbao (W),HOME,5226501,SEL_5226501,1.2,175.76,1.21,411.34,0.010000000000000009,1036.8,1132.69,0.9153431212423522,18181.41,22211.38,101.1,99.3,False
2026-01-21T18:29:50Z,2026-01-21T13:29:50-05:00,2026-01-21 18:00 UTC,,Copa del Rey,1.252989506,35170798,Barcelona (W) v Athletic Bilbao (W),DRAW,58805,SEL_58805,8.2,4.72,8.6,5.87,0.40000000000000036,94.01,53.940000000000005,1.742862439747868,448.99,22211.38,101.1,99.3,False
2026-01-21T18:42:17Z,2026-01-21T13:42:17-05:00,2026-01-21 18:00 UTC,2026-01-21T13:00-05:00,Copa del Rey,1.252989506,35170798,Barcelona (W) v Athletic Bilbao (W),AWAY,11707726,SEL_11707726,120.0,20.77,0.0,0.0,-120.0,193.06,0.0,,552.84,31895.03,101.7,98.2,False
2026-01-21T18:42:17Z,2026-01-21T13:42:17-05:00,2026-01-21 18:00 UTC,2026-01-21T13:00-05:00,Copa del Rey,1.252989506,35170798,Barcelona (W) v Athletic Bilbao (W),HOME,5226501,SEL_5226501,1.02,4080.03,1.03,336.23,0.010000000000000009,14751.390000000001,414.74,35.56780151420167,25890.55,31895.03,101.7,98.2,False
2026-01-21T18:42:17Z,2026-01-21T13:42:17-05:00,2026-01-21 18:00 UTC,2026-01-21T13:00-05:00,Copa del Rey,1.252989506,35170798,Barcelona (W) v Athletic Bilbao (W),DRAW,58805,SEL_58805,34.0,10.19,90.0,28.31,56.0,37.72,30.82,1.2238805970149254,704.09,31895.03,101.7,98.2,False
2026-01-21T18:44:51Z,2026-01-21T13:44:51-05:00,2026-01-21 18:00 UTC,2026-01-21T13:00-05:00,Copa del Rey,1.252989506,35170798,Barcelona (W) v Athletic Bilbao (W),AWAY,11707726,SEL_11707726,230.0,3.78,420.0,1.72,190.0,13.64,6.5600000000000005,2.0792682926829267,557.87,32783.53,101.2,99.0,False
2026-01-21T18:44:51Z,2026-01-21T13:44:51-05:00,2026-01-21 18:00 UTC,2026-01-21T13:00-05:00,Copa del Rey,1.252989506,35170798,Barcelona (W) v Athletic Bilbao (W),HOME,5226501,SEL_5226501,1.02,4381.43,1.03,208.29,0.010000000000000009,16022.09,1201.07,13.339846969785276,26613.71,32783.53,101.2,99.0,False
2026-01-21T18:44:51Z,2026-01-21T13:44:51-05:00,2026-01-21 18:00 UTC,2026-01-21T13:00-05:00,Copa del Rey,1.252989506,35170798,Barcelona (W) v Athletic Bilbao (W),DRAW,58805,SEL_58805,36.0,5.96,60.0,16.28,24.0,32.17,50.06,0.6426288453855373,732.15,32783.53,101.2,99.0,False
2026-01-21T18:47:51Z,2026-01-21T13:47:51-05:00,2026-01-21 18:00 UTC,2026-01-21T13:00-05:00,Copa del Rey,1.252989506,35170798,Barcelona (W) v Athletic Bilbao (W),AWAY,11707726,SEL_11707726,200.0,2.06,300.0,1.83,100.0,104.17999999999999,6.5600000000000005,15.881097560975608,576.61,35415.01,100.5,98.9,False
2026-01-21T18:47:51Z,2026-01-21T13:47:51-05:00,2026-01-21 18:00 UTC,2026-01-21T13:00-05:00,Copa del Rey,1.252989506,35170798,Barcelona (W) v Athletic Bilbao (W),HOME,5226501,SEL_5226501,1.03,1456.52,1.04,765.83,0.010000000000000009,17963.07,1837.06,9.778161845557575,28827.32,35415.01,100.5,98.9,False
2026-01-21T18:47:51Z,2026-01-21T13:47:51-05:00,2026-01-21 18:00 UTC,2026-01-21T13:00-05:00,Copa del Rey,1.252989506,35170798,Barcelona (W) v Athletic Bilbao (W),DRAW,58805,SEL_58805,34.0,8.13,42.0,11.08,8.0,65.54,36.1,1.8155124653739614,739.59,35415.01,100.5,98.9,False
2026-01-21T18:50:51Z,2026-01-21T13:50:51-05:00,2026-01-21 18:00 UTC,2026-01-21T13:00-05:00,Copa del Rey,1.252989506,35170798,Barcelona (W) v Athletic Bilbao (W),AWAY,11707726,SEL_11707726,5.7,4.63,240.0,5.65,234.3,154.99,15.23,10.176625082074853,577.48,49052.12,138.0,57.8,False
2026-01-21T18:50:51Z,2026-01-21T13:50:51-05:00,2026-01-21 18:00 UTC,2026-01-21T13:00-05:00,Copa del Rey,1.252989506,35170798,Barcelona (W) v Athletic Bilbao (W),HOME,5226501,SEL_5226501,1.05,1.17,1.75,5.05,0.7,4355.78,19.98,218.007007007007,40427.25,49052.12,138.0,57.8,False
2026-01-21T18:50:51Z,2026-01-21T13:50:51-05:00,2026-01-21 18:00 UTC,2026-01-21T13:00-05:00,Copa del Rey,1.252989506,35170798,Barcelona (W) v Athletic Bilbao (W),DRAW,58805,SEL_58805,3.95,3.23,340.0,1.64,336.05,34.71,2.7,12.855555555555554,746.02,49052.12,138.0,57.8,False
2026-01-21T18:53:51Z,2026-01-21T13:53:51-05:00,2026-01-21 18:00 UTC,2026-01-21T13:00-05:00,Copa del Rey,1.252989506,35170798,Barcelona (W) v Athletic Bilbao (W),AWAY,11707726,SEL_11707726,44.0,5.89,80.0,6.41,36.0,15.469999999999999,19.41,0.7970118495620814,583.21,49692.97,101.9,98.3,False
2026-01-21T18:53:51Z,2026-01-21T13:53:51-05:00,2026-01-21 18:00 UTC,2026-01-21T13:00-05:00,Copa del Rey,1.252989506,35170798,Barcelona (W) v Athletic Bilbao (W),HOME,5226501,SEL_5226501,1.1,94.3,1.11,7.55,0.010000000000000009,178.42999999999998,80.14,2.226478662340903,40962.42,49692.97,101.9,98.3,False
2026-01-21T18:53:51Z,2026-01-21T13:53:51-05:00,2026-01-21 18:00 UTC,2026-01-21T13:00-05:00,Copa del Rey,1.252989506,35170798,Barcelona (W) v Athletic Bilbao (W),DRAW,58805,SEL_58805,11.5,1.32,14.5,3.45,3.0,9.67,9.59,1.008342022940563,750.58,49692.97,101.9,98.3,False
2026-01-21T18:56:17Z,2026-01-21T13:56:17-05:00,2026-01-21 18:00 UTC,2026-01-21T13:00-05:00,Copa del Rey,1.252989506,35170798,Barcelona (W) v Athletic Bilbao (W),AWAY,11707726,SEL_11707726,32.0,2.35,44.0,948.94,12.0,7.050000000000001,963.1300000000001,0.007319884127791679,646.75,50563.78,102.3,95.8,False
2026-01-21T18:56:17Z,2026-01-21T13:56:17-05:00,2026-01-21 18:00 UTC,2026-01-21T13:00-05:00,Copa del Rey,1.252989506,35170798,Barcelona (W) v Athletic Bilbao (W),HOME,5226501,SEL_5226501,1.1,1.5,1.12,311.52,0.020000000000000018,40.779999999999994,873.88,0.04666544605666681,41639.08,50563.78,102.3,95.8,False
2026-01-21T18:56:17Z,2026-01-21T13:56:17-05:00,2026-01-21 18:00 UTC,2026-01-21T13:00-05:00,Copa del Rey,1.252989506,35170798,Barcelona (W) v Athletic Bilbao (W),DRAW,58805,SEL_58805,12.0,7.05,24.0,1.88,12.0,43.26,7.2299999999999995,5.983402489626556,751.57,50563.78,102.3,95.8,False
2026-01-21T18:58:07Z,2026-01-21T13:58:07-05:00,2026-01-21 18:00 UTC,2026-01-21T13:00-05:00,Copa del Rey,1.252989506,35170798,Barcelona (W) v Athletic Bilbao (W),AWAY,11707726,SEL_11707726,40.0,17.35,42.0,798.15,2.0,52.1,805.12,0.0647108505564388,925.15,51618.78,100.8,99.6,False
2026-01-21T18:58:07Z,2026-01-21T13:58:07-05:00,2026-01-21 18:00 UTC,2026-01-21T13:00-05:00,Copa del Rey,1.252989506,35170798,Barcelona (W) v Athletic Bilbao (W),HOME,5226501,SEL_5226501,1.1,800.33,1.11,512.67,0.010000000000000009,3507.74,1993.23,1.7598270144438926,42232.8,51618.78,100.8,99.6,False
2026-01-21T18:58:07Z,2026-01-21T13:58:07-05:00,2026-01-21 18:00 UTC,2026-01-21T13:00-05:00,Copa del Rey,1.252989506,35170798,Barcelona (W) v Athletic Bilbao (W),DRAW,58805,SEL_58805,13.5,18.74,14.0,23.69,0.5,62.86,49.49,1.27015558698727,777.42,51618.78,100.8,99.6,False
2026-01-21T19:01:08Z,2026-01-21T14:01:08-05:00,2026-01-21 18:00 UTC,2026-01-21T13:00-05:00,Copa del Rey,1.252989506,35170798,Barcelona (W) v Athletic Bilbao (W),AWAY,11707726,SEL_11707726,34.0,17.09,36.0,733.63,2.0,55.92,740.5,0.07551654287643485,1046.34,52666.39,100.9,99.6,False
2026-01-21T19:01:08Z,2026-01-21T14:01:08-05:00,2026-01-21 18:00 UTC,2026-01-21T13:00-05:00,Copa del Rey,1.252989506,35170798,Barcelona (W) v Athletic Bilbao (W),HOME,5226501,SEL_5226501,1.1,849.91,1.11,284.72,0.010000000000000009,2365.84,1818.41,1.3010487183858426,42978.83,52666.39,100.9,99.6,False
2026-01-21T19:01:08Z,2026-01-21T14:01:08-05:00,2026-01-21 18:00 UTC,2026-01-21T13:00-05:00,Copa del Rey,1.252989506,35170798,Barcelona (W) v Athletic Bilbao (W),DRAW,58805,SEL_58805,14.0,29.22,15.0,26.75,1.0,75.64,48.88,1.5474631751227494,801.87,52666.39,100.9,99.6,False
2026-01-21T19:04:08Z,2026-01-21T14:04:08-05:00,2026-01-21 18:00 UTC,2026-01-21T13:00-05:00,Copa del Rey,1.252989506,35170798,Barcelona (W) v Athletic Bilbao (W),AWAY,11707726,SEL_11707726,34.0,7.23,50.0,6.2,16.0,37.58,87.86,0.42772592761211015,1201.42,53140.27,100.9,99.0,False
2026-01-21T19:04:08Z,2026-01-21T14:04:08-05:00,2026-01-21 18:00 UTC,2026-01-21T13:00-05:00,Copa del Rey,1.252989506,35170798,Barcelona (W) v Athletic Bilbao (W),HOME,5226501,SEL_5226501,1.1,35.5,1.11,440.45,0.010000000000000009,2632.27,2002.59,1.3144328095116824,43224.12,53140.27,100.9,99.0,False
2026-01-21T19:04:08Z,2026-01-21T14:04:08-05:00,2026-01-21 18:00 UTC,2026-01-21T13:00-05:00,Copa del Rey,1.252989506,35170798,Barcelona (W) v Athletic Bilbao (W),DRAW,58805,SEL_58805,14.0,4.7,14.5,4.79,0.5,75.63,46.24,1.6355968858131487,804.85,53140.27,100.9,99.0,False
2026-01-21T19:07:08Z,2026-01-21T14:07:08-05:00,2026-01-21 18:00 UTC,2026-01-21T13:00-05:00,Copa del Rey,1.252989506,35170798,Barcelona (W) v Athletic Bilbao (W),AWAY,11707726,SEL_11707726,36.0,3.52,50.0,7.52,14.0,36.980000000000004,71.75,0.5154006968641116,1213.66,53166.5,101.1,99.0,False
2026-01-21T19:07:08Z,2026-01-21T14:07:08-05:00,2026-01-21 18:00 UTC,2026-01-21T13:00-05:00,Copa del Rey,1.252989506,35170798,Barcelona (W) v Athletic Bilbao (W),HOME,5226501,SEL_5226501,1.1,35.5,1.11,429.32,0.010000000000000009,2379.0,1855.06,1.2824383038823544,43227.84,53166.5,101.1,99.0,False
2026-01-21T19:07:08Z,2026-01-21T14:07:08-05:00,2026-01-21 18:00 UTC,2026-01-21T13:00-05:00,Copa del Rey,1.252989506,35170798,Barcelona (W) v Athletic Bilbao (W),DRAW,58805,SEL_58805,13.5,11.28,14.5,3.24,1.0,87.33,18.79,4.647684938797233,811.21,53166.5,101.1,99.0,False
2026-01-21T19:10:08Z,2026-01-21T14:10:08-05:00,2026-01-21 18:00 UTC,2026-01-21T13:00-05:00,Copa del Rey,1.252989506,35170798,Barcelona (W) v Athletic Bilbao (W),AWAY,11707726,SEL_11707726,38.0,5.71,44.0,7.7,6.0,35.8,15.59,2.296343810134702,1286.15,54958.28,100.6,99.1,False
2026-01-21T19:10:08Z,2026-01-21T14:10:08-05:00,2026-01-21 18:00 UTC,2026-01-21T13:00-05:00,Copa del Rey,1.252989506,35170798,Barcelona (W) v Athletic Bilbao (W),HOME,5226501,SEL_5226501,1.1,509.35,1.11,175.8,0.010000000000000009,2820.2,1744.11,1.6169851672199576,44635.27,54958.28,100.6,99.1,False
2026-01-21T19:10:08Z,2026-01-21T14:10:08-05:00,2026-01-21 18:00 UTC,2026-01-21T13:00-05:00,Copa del Rey,1.252989506,35170798,Barcelona (W) v Athletic Bilbao (W),DRAW,58805,SEL_58805,14.0,4.7,15.0,2.83,1.0,36.59,79.74000000000001,0.4588663155254577,856.37,54958.28,100.6,99.1,False
2026-01-21T19:13:08Z,2026-01-21T14:13:08-05:00,2026-01-21 18:00 UTC,2026-01-21T13:00-05:00,Copa del Rey,1.252989506,35170798,Barcelona (W) v Athletic Bilbao (W),AWAY,11707726,SEL_11707726,36.0,5.56,48.0,6.54,12.0,22.94,58.41,0.3927409690121555,1306.26,55329.75,100.9,97.7,False
2026-01-21T19:13:08Z,2026-01-21T14:13:08-05:00,2026-01-21 18:00 UTC,2026-01-21T13:00-05:00,Copa del Rey,1.252989506,35170798,Barcelona (W) v Athletic Bilbao (W),HOME,5226501,SEL_5226501,1.11,403.58,1.13,538.53,0.019999999999999796,2978.03,1964.42,1.5159843617963573,44913.94,55329.75,100.9,97.7,False
2026-01-21T19:13:08Z,2026-01-21T14:13:08-05:00,2026-01-21 18:00 UTC,2026-01-21T13:00-05:00,Copa del Rey,1.252989506,35170798,Barcelona (W) v Athletic Bilbao (W),DRAW,58805,SEL_58805,12.5,8.27,14.0,7.73,1.5,65.78999999999999,67.21000000000001,0.9788721916381489,873.76,55329.75,100.9,97.7,False
2026-01-21T19:16:08Z,2026-01-21T14:16:08-05:00,2026-01-21 18:00 UTC,2026-01-21T13:00-05:00,Copa del Rey,1.252989506,35170798,Barcelona (W) v Athletic Bilbao (W),AWAY,11707726,SEL_11707726,42.0,4.89,50.0,6.39,8.0,13.1,99.78999999999999,0.13127567892574407,1316.99,55411.94,100.5,99.0,False
2026-01-21T19:16:08Z,2026-01-21T14:16:08-05:00,2026-01-21 18:00 UTC,2026-01-21T13:00-05:00,Copa del Rey,1.252989506,35170798,Barcelona (W) v Athletic Bilbao (W),HOME,5226501,SEL_5226501,1.11,257.3,1.12,184.01,0.010000000000000009,2866.76,1399.03,2.0491054516343468,44966.46,55411.94,100.5,99.0,False
2026-01-21T19:16:08Z,2026-01-21T14:16:08-05:00,2026-01-21 18:00 UTC,2026-01-21T13:00-05:00,Copa del Rey,1.252989506,35170798,Barcelona (W) v Athletic Bilbao (W),DRAW,58805,SEL_58805,12.5,3.13,13.0,3.14,0.5,58.54,41.75,1.4021556886227544,880.47,55411.94,100.5,99.0,False
2026-01-21T19:19:08Z,2026-01-21T14:19:08-05:00,2026-01-21 18:00 UTC,2026-01-21T13:00-05:00,Copa del Rey,1.252989506,35170798,Barcelona (W) v Athletic Bilbao (W),AWAY,11707726,SEL_11707726,38.0,1.64,42.0,2.58,4.0,20.21,6.84,2.9546783625730995,1326.97,57688.56,100.2,98.8,False
2026-01-21T19:19:08Z,2026-01-21T14:19:08-05:00,2026-01-21 18:00 UTC,2026-01-21T13:00-05:00,Copa del Rey,1.252989506,35170798,Barcelona (W) v Athletic Bilbao (W),HOME,5226501,SEL_5226501,1.13,95.91,1.14,577.92,0.010000000000000009,616.66,1652.61,0.37314308881103225,46849.69,57688.56,100.2,98.8,False
2026-01-21T19:19:08Z,2026-01-21T14:19:08-05:00,2026-01-21 18:00 UTC,2026-01-21T13:00-05:00,Copa del Rey,1.252989506,35170798,Barcelona (W) v Athletic Bilbao (W),DRAW,58805,SEL_58805,11.0,27.92,11.5,9.42,0.5,69.2,81.31,0.851063829787234,925.01,57688.56,100.2,98.8,False
2026-01-21T19:20:42Z,2026-01-21T14:20:42-05:00,2026-01-21 18:00 UTC,2026-01-21T13:00-05:00,Copa del Rey,1.252989506,35170798,Barcelona (W) v Athletic Bilbao (W),AWAY,11707726,SEL_11707726,36.0,6.81,40.0,4.11,4.0,38.37,11.540000000000001,3.324956672443674,1331.24,58022.26,100.4,98.9,False
2026-01-21T19:20:42Z,2026-01-21T14:20:42-05:00,2026-01-21 18:00 UTC,2026-01-21T13:00-05:00,Copa del Rey,1.252989506,35170798,Barcelona (W) v Athletic Bilbao (W),HOME,5226501,SEL_5226501,1.13,127.38,1.14,556.01,0.010000000000000009,835.06,1689.61,0.4942323968253029,47120.45,58022.26,100.4,98.9,False
2026-01-21T19:20:42Z,2026-01-21T14:20:42-05:00,2026-01-21 18:00 UTC,2026-01-21T13:00-05:00,Copa del Rey,1.252989506,35170798,Barcelona (W) v Athletic Bilbao (W),DRAW,58805,SEL_58805,11.0,36.55,11.5,13.14,0.5,101.00999999999999,50.78,1.9891689641591175,934.01,58022.26,100.4,98.9,False
2026-01-21T19:23:21Z,2026-01-21T14:23:21-05:00,2026-01-21 18:00 UTC,2026-01-21T13:00-05:00,Copa del Rey,1.252989506,35170798,Barcelona (W) v Athletic Bilbao (W),AWAY,11707726,SEL_11707726,42.0,1.25,46.0,1.64,4.0,29.36,6.15,4.773983739837398,1332.39,58853.07,101.2,98.4,False
2026-01-21T19:23:21Z,2026-01-21T14:23:21-05:00,2026-01-21 18:00 UTC,2026-01-21T13:00-05:00,Copa del Rey,1.252989506,35170798,Barcelona (W) v Athletic Bilbao (W),HOME,5226501,SEL_5226501,1.11,704.93,1.13,145.64,0.019999999999999796,2460.93,1781.08,1.3817066049812472,47814.4,58853.07,101.2,98.4,False
2026-01-21T19:23:21Z,2026-01-21T14:23:21-05:00,2026-01-21 18:00 UTC,2026-01-21T13:00-05:00,Copa del Rey,1.252989506,35170798,Barcelona (W) v Athletic Bilbao (W),DRAW,58805,SEL_58805,11.5,4.56,13.0,22.84,1.5,56.01,99.09,0.5652437178322737,946.05,58853.07,101.2,98.4,False
2026-01-21T19:26:21Z,2026-01-21T14:26:21-05:00,2026-01-21 18:00 UTC,2026-01-21T13:00-05:00,Copa del Rey,1.252989506,35170798,Barcelona (W) v Athletic Bilbao (W),AWAY,11707726,SEL_11707726,48.0,7.21,75.0,3.45,27.0,17.76,44.75,0.3968715083798883,1347.84,59148.5,101.7,98.3,False
2026-01-21T19:26:21Z,2026-01-21T14:26:21-05:00,2026-01-21 18:00 UTC,2026-01-21T13:00-05:00,Copa del Rey,1.252989506,35170798,Barcelona (W) v Athletic Bilbao (W),HOME,5226501,SEL_5226501,1.1,493.45,1.12,510.12,0.020000000000000018,2279.12,1921.63,1.1860347725628761,48027.39,59148.5,101.7,98.3,False
2026-01-21T19:26:21Z,2026-01-21T14:26:21-05:00,2026-01-21 18:00 UTC,2026-01-21T13:00-05:00,Copa del Rey,1.252989506,35170798,Barcelona (W) v Athletic Bilbao (W),DRAW,58805,SEL_58805,11.5,40.46,13.0,9.2,1.5,115.37,55.230000000000004,2.088900959623393,969.07,59148.5,101.7,98.3,False
2026-01-21T19:29:21Z,2026-01-21T14:29:21-05:00,2026-01-21 18:00 UTC,2026-01-21T13:00-05:00,Copa del Rey,1.252989506,35170798,Barcelona (W) v Athletic Bilbao (W),AWAY,11707726,SEL_11707726,55.0,4.35,120.0,12.45,65.0,11.83,13.2,0.8962121212121212,1376.69,59878.9,101.0,98.0,False
2026-01-21T19:29:21Z,2026-01-21T14:29:21-05:00,2026-01-21 18:00 UTC,2026-01-21T13:00-05:00,Copa del Rey,1.252989506,35170798,Barcelona (W) v Athletic Bilbao (W),HOME,5226501,SEL_5226501,1.1,150.73,1.11,5.69,0.010000000000000009,1139.22,1310.61,0.8692288323757641,48598.88,59878.9,101.0,98.0,False
2026-01-21T19:29:21Z,2026-01-21T14:29:21-05:00,2026-01-21 18:00 UTC,2026-01-21T13:00-05:00,Copa del Rey,1.252989506,35170798,Barcelona (W) v Athletic Bilbao (W),DRAW,58805,SEL_58805,12.0,2.44,14.0,24.63,2.0,64.61,41.56,1.5546198267564966,990.41,59878.9,101.0,98.0,False
2026-01-21T19:32:21Z,2026-01-21T14:32:21-05:00,2026-01-21 18:00 UTC,2026-01-21T13:00-05:00,Copa del Rey,1.252989506,35170798,Barcelona (W) v Athletic Bilbao (W),AWAY,11707726,SEL_11707726,90.0,2.75,95.0,9.7,5.0,11.36,27.939999999999998,0.4065855404438082,1408.47,61204.77,100.8,99.1,False
2026-01-21T19:32:21Z,2026-01-21T14:32:21-05:00,2026-01-21 18:00 UTC,2026-01-21T13:00-05:00,Copa del Rey,1.252989506,35170798,Barcelona (W) v Athletic Bilbao (W),HOME,5226501,SEL_5226501,1.09,343.53,1.1,9.08,0.010000000000000009,1736.77,1565.49,1.109409833342915,49678.66,61204.77,100.8,99.1,False
2026-01-21T19:32:21Z,2026-01-21T14:32:21-05:00,2026-01-21 18:00 UTC,2026-01-21T13:00-05:00,Copa del Rey,1.252989506,35170798,Barcelona (W) v Athletic Bilbao (W),DRAW,58805,SEL_58805,12.5,17.0,14.0,17.69,1.5,76.98,56.95,1.35171202809482,1007.36,61204.77,100.8,99.1,False
2026-01-21T19:35:21Z,2026-01-21T14:35:21-05:00,2026-01-21 18:00 UTC,2026-01-21T13:00-05:00,Copa del Rey,1.252989506,35170798,Barcelona (W) v Athletic Bilbao (W),AWAY,11707726,SEL_11707726,370.0,4.11,950.0,0.01,580.0,12.330000000000002,0.01,1233.0000000000002,1428.43,61610.5,101.1,98.8,False
2026-01-21T19:35:21Z,2026-01-21T14:35:21-05:00,2026-01-21 18:00 UTC,2026-01-21T13:00-05:00,Copa del Rey,1.252989506,35170798,Barcelona (W) v Athletic Bilbao (W),HOME,5226501,SEL_5226501,1.01,9816.46,1.02,7523.64,0.010000000000000009,9816.46,8065.030000000001,1.217163482342905,49993.49,61610.5,101.1,98.8,False
2026-01-21T19:35:21Z,2026-01-21T14:35:21-05:00,2026-01-21 18:00 UTC,2026-01-21T13:00-05:00,Copa del Rey,1.252989506,35170798,Barcelona (W) v Athletic Bilbao (W),DRAW,58805,SEL_58805,55.0,5.87,140.0,10.99,85.0,163.64000000000001,42.4,3.8594339622641516,1017.91,61610.5,101.1,98.8,False
2026-01-21T19:38:21Z,2026-01-21T14:38:21-05:00,2026-01-21 18:00 UTC,2026-01-21T13:00-05:00,Copa del Rey,1.252989506,35170798,Barcelona (W) v Athletic Bilbao (W),AWAY,11707726,SEL_11707726,370.0,4.11,950.0,0.01,580.0,12.330000000000002,0.01,1233.0000000000002,1428.43,63121.55,100.5,99.0,False
2026-01-21T19:38:21Z,2026-01-21T14:38:21-05:00,2026-01-21 18:00 UTC,2026-01-21T13:00-05:00,Copa del Rey,1.252989506,35170798,Barcelona (W) v Athletic Bilbao (W),HOME,5226501,SEL_5226501,1.01,65.29,1.02,8338.36,0.010000000000000009,65.29,9098.92,0.007175576881651889,51267.22,63121.55,100.5,99.0,False
2026-01-21T19:38:21Z,2026-01-21T14:38:21-05:00,2026-01-21 18:00 UTC,2026-01-21T13:00-05:00,Copa del Rey,1.252989506,35170798,Barcelona (W) v Athletic Bilbao (W),DRAW,58805,SEL_58805,85.0,2.8,110.0,1.77,25.0,172.44,13.51,12.763878608438194,1030.31,63121.55,100.5,99.0,False
2026-01-21T19:41:22Z,2026-01-21T14:41:22-05:00,2026-01-21 18:00 UTC,2026-01-21T13:00-05:00,Copa del Rey,1.252989506,35170798,Barcelona (W) v Athletic Bilbao (W),AWAY,11707726,SEL_11707726,1000.0,2.02,0.0,0.0,-1000.0,10.24,0.0,,1431.24,65145.56,101.1,99.7,False
2026-01-21T19:41:22Z,2026-01-21T14:41:22-05:00,2026-01-21 18:00 UTC,2026-01-21T13:00-05:00,Copa del Rey,1.252989506,35170798,Barcelona (W) v Athletic Bilbao (W),HOME,5226501,SEL_5226501,0.0,0.0,1.01,203.85,1.01,0.0,9561.849999999999,0.0,52971.07,65145.56,101.1,99.7,False
2026-01-21T19:41:22Z,2026-01-21T14:41:22-05:00,2026-01-21 18:00 UTC,2026-01-21T13:00-05:00,Copa del Rey,1.252989506,35170798,Barcelona (W) v Athletic Bilbao (W),DRAW,58805,SEL_58805,100.0,2.06,150.0,5.05,50.0,187.72,5.06,37.098814229249015,1046.39,65145.56,101.1,99.7,False
2026-01-21T19:44:22Z,2026-01-21T14:44:22-05:00,2026-01-21 18:00 UTC,2026-01-21T13:00-05:00,Copa del Rey,1.252989506,35170798,Barcelona (W) v Athletic Bilbao (W),AWAY,11707726,SEL_11707726,370.0,4.83,0.0,0.0,-370.0,13.05,0.0,,1433.35,67040.34,101.1,98.4,False
2026-01-21T19:44:22Z,2026-01-21T14:44:22-05:00,2026-01-21 18:00 UTC,2026-01-21T13:00-05:00,Copa del Rey,1.252989506,35170798,Barcelona (W) v Athletic Bilbao (W),HOME,5226501,SEL_5226501,0.0,0.0,1.02,3959.65,1.02,0.0,4233.08,0.0,54577.33,67040.34,101.1,98.4,False
2026-01-21T19:44:22Z,2026-01-21T14:44:22-05:00,2026-01-21 18:00 UTC,2026-01-21T13:00-05:00,Copa del Rey,1.252989506,35170798,Barcelona (W) v Athletic Bilbao (W),DRAW,58805,SEL_58805,120.0,2.19,250.0,2.94,130.0,91.11,2.9499999999999997,30.884745762711866,1050.76,67040.34,101.1,98.4,False
2026-01-21T19:47:22Z,2026-01-21T14:47:22-05:00,2026-01-21 18:00 UTC,2026-01-21T13:00-05:00,Copa del Rey,1.252989506,35170798,Barcelona (W) v Athletic Bilbao (W),AWAY,11707726,SEL_11707726,600.0,1.82,0.0,0.0,-600.0,10.17,0.0,,1433.35,67236.8,101.2,99.1,False
2026-01-21T19:47:22Z,2026-01-21T14:47:22-05:00,2026-01-21 18:00 UTC,2026-01-21T13:00-05:00,Copa del Rey,1.252989506,35170798,Barcelona (W) v Athletic Bilbao (W),HOME,5226501,SEL_5226501,0.0,0.0,1.01,484.13,1.01,0.0,8613.56,0.0,54738.27,67236.8,101.2,99.1,False
2026-01-21T19:47:22Z,2026-01-21T14:47:22-05:00,2026-01-21 18:00 UTC,2026-01-21T13:00-05:00,Copa del Rey,1.252989506,35170798,Barcelona (W) v Athletic Bilbao (W),DRAW,58805,SEL_58805,100.0,4.89,950.0,0.34,850.0,158.58,0.34,466.4117647058824,1057.04,67236.8,101.2,99.1,False
2026-01-21T19:50:22Z,2026-01-21T14:50:22-05:00,2026-01-21 18:00 UTC,2026-01-21T13:00-05:00,Copa del Rey,1.252989506,35170798,Barcelona (W) v Athletic Bilbao (W),AWAY,11707726,SEL_11707726,1000.0,5.87,0.0,0.0,-1000.0,14.27,0.0,,1434.75,67320.42,100.8,99.3,False
2026-01-21T19:50:22Z,2026-01-21T14:50:22-05:00,2026-01-21 18:00 UTC,2026-01-21T13:00-05:00,Copa del Rey,1.252989506,35170798,Barcelona (W) v Athletic Bilbao (W),HOME,5226501,SEL_5226501,0.0,0.0,1.01,4146.35,1.01,0.0,5549.910000000001,0.0,54807.48,67320.42,100.8,99.3,False
2026-01-21T19:50:22Z,2026-01-21T14:50:22-05:00,2026-01-21 18:00 UTC,2026-01-21T13:00-05:00,Copa del Rey,1.252989506,35170798,Barcelona (W) v Athletic Bilbao (W),DRAW,58805,SEL_58805,150.0,7.1,380.0,1.96,230.0,122.12,1.97,61.98984771573604,1057.6,67320.42,100.8,99.3,False
2026-01-21T19:53:22Z,2026-01-21T14:53:22-05:00,2026-01-21 18:00 UTC,2026-01-21T13:00-05:00,Copa del Rey,1.252989506,35170798,Barcelona (W) v Athletic Bilbao (W),AWAY,11707726,SEL_11707726,1000.0,6.05,0.0,0.0,-1000.0,14.27,0.0,,1434.75,67323.05,100.4,99.1,False
2026-01-21T19:53:22Z,2026-01-21T14:53:22-05:00,2026-01-21 18:00 UTC,2026-01-21T13:00-05:00,Copa del Rey,1.252989506,35170798,Barcelona (W) v Athletic Bilbao (W),HOME,5226501,SEL_5226501,0.0,0.0,1.01,3909.24,1.01,0.0,4353.349999999999,0.0,54807.48,67323.05,100.4,99.1,False
2026-01-21T19:53:22Z,2026-01-21T14:53:22-05:00,2026-01-21 18:00 UTC,2026-01-21T13:00-05:00,Copa del Rey,1.252989506,35170798,Barcelona (W) v Athletic Bilbao (W),DRAW,58805,SEL_58805,400.0,3.29,950.0,0.01,550.0,10.629999999999999,0.01,1062.9999999999998,1059.84,67323.05,100.4,99.1,False
2026-01-21T19:56:22Z,2026-01-21T14:56:22-05:00,2026-01-21 18:00 UTC,2026-01-21T13:00-05:00,Copa del Rey,1.252989506,35170798,Barcelona (W) v Athletic Bilbao (W),AWAY,11707726,SEL_11707726,1000.0,15.43,0.0,0.0,-1000.0,19.59,0.0,,1434.75,67323.38,100.4,99.1,False
2026-01-21T19:56:22Z,2026-01-21T14:56:22-05:00,2026-01-21 18:00 UTC,2026-01-21T13:00-05:00,Copa del Rey,1.252989506,35170798,Barcelona (W) v Athletic Bilbao (W),HOME,5226501,SEL_5226501,0.0,0.0,1.01,3909.24,1.01,0.0,4154.79,0.0,54807.48,67323.38,100.4,99.1,False
2026-01-21T19:56:22Z,2026-01-21T14:56:22-05:00,2026-01-21 18:00 UTC,2026-01-21T13:00-05:00,Copa del Rey,1.252989506,35170798,Barcelona (W) v Athletic Bilbao (W),DRAW,58805,SEL_58805,400.0,3.13,950.0,0.01,550.0,44.879999999999995,0.01,4487.999999999999,1060.12,67323.38,100.4,99.1,False
2026-01-21T19:59:22Z,2026-01-21T14:59:22-05:00,2026-01-21 18:00 UTC,2026-01-21T13:00-05:00,Copa del Rey,1.252989506,35170798,Barcelona (W) v Athletic Bilbao (W),AWAY,11707726,SEL_11707726,1000.0,15.43,0.0,0.0,-1000.0,19.45,0.0,,1434.75,67325.68,100.7,99.0,False
2026-01-21T19:59:22Z,2026-01-21T14:59:22-05:00,2026-01-21 18:00 UTC,2026-01-21T13:00-05:00,Copa del Rey,1.252989506,35170798,Barcelona (W) v Athletic Bilbao (W),HOME,5226501,SEL_5226501,0.0,0.0,1.01,3909.24,1.01,0.0,4154.79,0.0,54807.48,67325.68,100.7,99.0,False
2026-01-21T19:59:22Z,2026-01-21T14:59:22-05:00,2026-01-21 18:00 UTC,2026-01-21T13:00-05:00,Copa del Rey,1.252989506,35170798,Barcelona (W) v Athletic Bilbao (W),DRAW,58805,SEL_58805,160.0,25.82,0.0,0.0,-160.0,70.83,0.0,,1062.08,67325.68,100.7,99.0,False
2026-01-21T20:02:23Z,2026-01-21T15:02:23-05:00,2026-01-21 18:00 UTC,2026-01-21T13:00-05:00,Copa del Rey,1.252989506,35170798,Barcelona (W) v Athletic Bilbao (W),AWAY,11707726,SEL_11707726,36.0,6.71,0.0,0.0,-36.0,118.22999999999999,0.0,,1434.26,67301.94,128.8,25.3,False
2026-01-21T20:02:23Z,2026-01-21T15:02:23-05:00,2026-01-21 18:00 UTC,2026-01-21T13:00-05:00,Copa del Rey,1.252989506,35170798,Barcelona (W) v Athletic Bilbao (W),HOME,5226501,SEL_5226501,0.0,0.0,3.95,332.53,3.95,0.0,351.33,0.0,54788.17,67301.94,128.8,25.3,False
2026-01-21T20:02:23Z,2026-01-21T15:02:23-05:00,2026-01-21 18:00 UTC,2026-01-21T13:00-05:00,Copa del Rey,1.252989506,35170798,Barcelona (W) v Athletic Bilbao (W),DRAW,58805,SEL_58805,3.85,25.64,0.0,0.0,-3.85,2657.54,0.0,,1061.67,67301.94,128.8,25.3,False
2026-01-21T20:05:23Z,2026-01-21T15:05:23-05:00,2026-01-21 18:00 UTC,2026-01-21T13:00-05:00,Copa del Rey,1.252989506,35170798,Barcelona (W) v Athletic Bilbao (W),AWAY,11707726,SEL_11707726,0.0,0.0,0.0,0.0,0.0,0.0,0.0,,1434.26,67301.94,128.8,25.3,False
2026-01-21T20:05:23Z,2026-01-21T15:05:23-05:00,2026-01-21 18:00 UTC,2026-01-21T13:00-05:00,Copa del Rey,1.252989506,35170798,Barcelona (W) v Athletic Bilbao (W),HOME,5226501,SEL_5226501,0.0,0.0,0.0,0.0,0.0,0.0,0.0,,54788.17,67301.94,128.8,25.3,False
2026-01-21T20:05:23Z,2026-01-21T15:05:23-05:00,2026-01-21 18:00 UTC,2026-01-21T13:00-05:00,Copa del Rey,1.252989506,35170798,Barcelona (W) v Athletic Bilbao (W),DRAW,58805,SEL_58805,0.0,0.0,0.0,0.0,0.0,0.0,0.0,,1061.67,67301.94,128.8,25.3,False
2026-01-23T21:52:23Z,2026-01-23T16:52:23-05:00,2026-01-24 18:00 UTC,2026-01-24T13:00-05:00,Copa del Rey,1.253100933,35181830,Barcelona (W) v Real Madrid FC (W),AWAY,36683270,SEL_36683270,13.5,47.64,510.0,0.4,496.5,55.6,0.4,139.0,,0.0,190.8,63.5,False
2026-01-23T21:52:23Z,2026-01-23T16:52:23-05:00,2026-01-24 18:00 UTC,2026-01-24T13:00-05:00,Copa del Rey,1.253100933,35181830,Barcelona (W) v Real Madrid FC (W),HOME,5226501,SEL_5226501,1.09,4.22,1.6,6.35,0.51,1001.2,219.73,4.556501160515178,,0.0,190.8,63.5,False
2026-01-23T21:52:23Z,2026-01-23T16:52:23-05:00,2026-01-24 18:00 UTC,2026-01-24T13:00-05:00,Copa del Rey,1.253100933,35181830,Barcelona (W) v Real Madrid FC (W),DRAW,58805,SEL_58805,1.09,4.57,120.0,0.15,118.91,18.86,0.15,125.73333333333333,,0.0,190.8,63.5,False
2026-01-23T21:52:24Z,2026-01-23T16:52:24-05:00,2026-01-24 18:00 UTC,2026-01-24T13:00-05:00,Copa del Rey,1.253100933,35181830,Barcelona (W) v Real Madrid FC (W),AWAY,36683270,SEL_36683270,13.5,47.64,510.0,0.4,496.5,55.6,0.4,139.0,,0.0,190.8,63.5,False
2026-01-23T21:52:24Z,2026-01-23T16:52:24-05:00,2026-01-24 18:00 UTC,2026-01-24T13:00-05:00,Copa del Rey,1.253100933,35181830,Barcelona (W) v Real Madrid FC (W),HOME,5226501,SEL_5226501,1.09,4.22,1.6,6.35,0.51,1001.2,219.73,4.556501160515178,,0.0,190.8,63.5,False
2026-01-23T21:52:24Z,2026-01-23T16:52:24-05:00,2026-01-24 18:00 UTC,2026-01-24T13:00-05:00,Copa del Rey,1.253100933,35181830,Barcelona (W) v Real Madrid FC (W),DRAW,58805,SEL_58805,1.09,4.57,120.0,0.15,118.91,18.86,0.15,125.73333333333333,,0.0,190.8,63.5,False
2026-01-23T21:52:44Z,2026-01-23T16:52:44-05:00,2026-01-24 18:00 UTC,2026-01-24T13:00-05:00,Copa del Rey,1.253100933,35181830,Barcelona (W) v Real Madrid FC (W),AWAY,36683270,SEL_36683270,13.5,47.64,510.0,0.4,496.5,55.6,0.4,139.0,,0.0,190.8,63.5,False
2026-01-23T21:52:44Z,2026-01-23T16:52:44-05:00,2026-01-24 18:00 UTC,2026-01-24T13:00-05:00,Copa del Rey,1.253100933,35181830,Barcelona (W) v Real Madrid FC (W),HOME,5226501,SEL_5226501,1.09,4.22,1.6,6.35,0.51,1001.2,219.73,4.556501160515178,,0.0,190.8,63.5,False
2026-01-23T21:52:44Z,2026-01-23T16:52:44-05:00,2026-01-24 18:00 UTC,2026-01-24T13:00-05:00,Copa del Rey,1.253100933,35181830,Barcelona (W) v Real Madrid FC (W),DRAW,58805,SEL_58805,1.09,4.57,120.0,0.15,118.91,18.86,0.15,125.73333333333333,,0.0,190.8,63.5,False
2026-01-23T21:53:04Z,2026-01-23T16:53:04-05:00,2026-01-24 18:00 UTC,2026-01-24T13:00-05:00,Copa del Rey,1.253100933,35181830,Barcelona (W) v Real Madrid FC (W),AWAY,36683270,SEL_36683270,13.5,47.64,510.0,0.4,496.5,55.6,0.4,139.0,,0.0,190.8,63.5,False
2026-01-23T21:53:04Z,2026-01-23T16:53:04-05:00,2026-01-24 18:00 UTC,2026-01-24T13:00-05:00,Copa del Rey,1.253100933,35181830,Barcelona (W) v Real Madrid FC (W),HOME,5226501,SEL_5226501,1.09,4.22,1.6,6.35,0.51,1001.2,219.73,4.556501160515178,,0.0,190.8,63.5,False
2026-01-23T21:53:04Z,2026-01-23T16:53:04-05:00,2026-01-24 18:00 UTC,2026-01-24T13:00-05:00,Copa del Rey,1.253100933,35181830,Barcelona (W) v Real Madrid FC (W),DRAW,58805,SEL_58805,1.09,4.57,120.0,0.15,118.91,18.86,0.15,125.73333333333333,,0.0,190.8,63.5,False
2026-01-23T21:53:24Z,2026-01-23T16:53:24-05:00,2026-01-24 18:00 UTC,2026-01-24T13:00-05:00,Copa del Rey,1.253100933,35181830,Barcelona (W) v Real Madrid FC (W),AWAY,36683270,SEL_36683270,13.5,47.64,510.0,0.4,496.5,55.6,0.4,139.0,,0.0,190.8,63.5,False
2026-01-23T21:53:24Z,2026-01-23T16:53:24-05:00,2026-01-24 18:00 UTC,2026-01-24T13:00-05:00,Copa del Rey,1.253100933,35181830,Barcelona (W) v Real Madrid FC (W),HOME,5226501,SEL_5226501,1.09,4.22,1.6,6.35,0.51,1001.2,219.73,4.556501160515178,,0.0,190.8,63.5,False
2026-01-23T21:53:24Z,2026-01-23T16:53:24-05:00,2026-01-24 18:00 UTC,2026-01-24T13:00-05:00,Copa del Rey,1.253100933,35181830,Barcelona (W) v Real Madrid FC (W),DRAW,58805,SEL_58805,1.09,4.57,120.0,0.15,118.91,18.86,0.15,125.73333333333333,,0.0,190.8,63.5,False
2026-01-23T21:53:42Z,2026-01-23T16:53:42-05:00,2026-01-24 18:00 UTC,2026-01-24T13:00-05:00,Copa del Rey,1.253100933,35181830,Barcelona (W) v Real Madrid FC (W),AWAY,36683270,SEL_36683270,13.5,47.64,510.0,0.4,496.5,55.6,0.4,139.0,,0.0,190.8,63.5,False
2026-01-23T21:53:42Z,2026-01-23T16:53:42-05:00,2026-01-24 18:00 UTC,2026-01-24T13:00-05:00,Copa del Rey,1.253100933,35181830,Barcelona (W) v Real Madrid FC (W),HOME,5226501,SEL_5226501,1.09,4.22,1.6,6.35,0.51,1001.2,219.73,4.556501160515178,,0.0,190.8,63.5,False
2026-01-23T21:53:42Z,2026-01-23T16:53:42-05:00,2026-01-24 18:00 UTC,2026-01-24T13:00-05:00,Copa del Rey,1.253100933,35181830,Barcelona (W) v Real Madrid FC (W),DRAW,58805,SEL_58805,1.09,4.57,120.0,0.15,118.91,18.86,0.15,125.73333333333333,,0.0,190.8,63.5,False
2026-01-23T21:53:44Z,2026-01-23T16:53:44-05:00,2026-01-24 18:00 UTC,2026-01-24T13:00-05:00,Copa del Rey,1.253100933,35181830,Barcelona (W) v Real Madrid FC (W),AWAY,36683270,SEL_36683270,13.5,47.64,510.0,0.4,496.5,55.6,0.4,139.0,,0.0,190.8,63.5,False
2026-01-23T21:53:44Z,2026-01-23T16:53:44-05:00,2026-01-24 18:00 UTC,2026-01-24T13:00-05:00,Copa del Rey,1.253100933,35181830,Barcelona (W) v Real Madrid FC (W),HOME,5226501,SEL_5226501,1.09,4.22,1.6,6.35,0.51,1001.2,219.73,4.556501160515178,,0.0,190.8,63.5,False
2026-01-23T21:53:44Z,2026-01-23T16:53:44-05:00,2026-01-24 18:00 UTC,2026-01-24T13:00-05:00,Copa del Rey,1.253100933,35181830,Barcelona (W) v Real Madrid FC (W),DRAW,58805,SEL_58805,1.09,4.57,120.0,0.15,118.91,18.86,0.15,125.73333333333333,,0.0,190.8,63.5,False
2026-01-23T21:54:04Z,2026-01-23T16:54:04-05:00,2026-01-24 18:00 UTC,2026-01-24T13:00-05:00,Copa del Rey,1.253100933,35181830,Barcelona (W) v Real Madrid FC (W),AWAY,36683270,SEL_36683270,13.5,47.64,510.0,0.4,496.5,55.6,0.4,139.0,,0.0,190.8,63.5,False
2026-01-23T21:54:04Z,2026-01-23T16:54:04-05:00,2026-01-24 18:00 UTC,2026-01-24T13:00-05:00,Copa del Rey,1.253100933,35181830,Barcelona (W) v Real Madrid FC (W),HOME,5226501,SEL_5226501,1.09,4.22,1.6,6.35,0.51,1001.2,219.73,4.556501160515178,,0.0,190.8,63.5,False
2026-01-23T21:54:04Z,2026-01-23T16:54:04-05:00,2026-01-24 18:00 UTC,2026-01-24T13:00-05:00,Copa del Rey,1.253100933,35181830,Barcelona (W) v Real Madrid FC (W),DRAW,58805,SEL_58805,1.09,4.57,120.0,0.15,118.91,18.86,0.15,125.73333333333333,,0.0,190.8,63.5,False
2026-01-23T21:54:24Z,2026-01-23T16:54:24-05:00,2026-01-24 18:00 UTC,2026-01-24T13:00-05:00,Copa del Rey,1.253100933,35181830,Barcelona (W) v Real Madrid FC (W),AWAY,36683270,SEL_36683270,13.5,47.64,510.0,0.4,496.5,55.6,0.4,139.0,,0.0,190.8,63.5,False
2026-01-23T21:54:24Z,2026-01-23T16:54:24-05:00,2026-01-24 18:00 UTC,2026-01-24T13:00-05:00,Copa del Rey,1.253100933,35181830,Barcelona (W) v Real Madrid FC (W),HOME,5226501,SEL_5226501,1.09,4.22,1.6,6.35,0.51,1001.2,219.73,4.556501160515178,,0.0,190.8,63.5,False
2026-01-23T21:54:24Z,2026-01-23T16:54:24-05:00,2026-01-24 18:00 UTC,2026-01-24T13:00-05:00,Copa del Rey,1.253100933,35181830,Barcelona (W) v Real Madrid FC (W),DRAW,58805,SEL_58805,1.09,4.57,120.0,0.15,118.91,18.86,0.15,125.73333333333333,,0.0,190.8,63.5,False
2026-01-23T21:54:44Z,2026-01-23T16:54:44-05:00,2026-01-24 18:00 UTC,2026-01-24T13:00-05:00,Copa del Rey,1.253100933,35181830,Barcelona (W) v Real Madrid FC (W),AWAY,36683270,SEL_36683270,13.5,47.64,510.0,0.4,496.5,55.6,0.4,139.0,,0.0,190.8,63.5,False
2026-01-23T21:54:44Z,2026-01-23T16:54:44-05:00,2026-01-24 18:00 UTC,2026-01-24T13:00-05:00,Copa del Rey,1.253100933,35181830,Barcelona (W) v Real Madrid FC (W),HOME,5226501,SEL_5226501,1.09,4.22,1.6,6.35,0.51,1001.2,219.73,4.556501160515178,,0.0,190.8,63.5,False
2026-01-23T21:54:44Z,2026-01-23T16:54:44-05:00,2026-01-24 18:00 UTC,2026-01-24T13:00-05:00,Copa del Rey,1.253100933,35181830,Barcelona (W) v Real Madrid FC (W),DRAW,58805,SEL_58805,1.09,4.57,120.0,0.15,118.91,18.86,0.15,125.73333333333333,,0.0,190.8,63.5,False
2026-01-23T21:55:04Z,2026-01-23T16:55:04-05:00,2026-01-24 18:00 UTC,2026-01-24T13:00-05:00,Copa del Rey,1.253100933,35181830,Barcelona (W) v Real Madrid FC (W),AWAY,36683270,SEL_36683270,13.5,47.64,510.0,0.4,496.5,55.6,0.4,139.0,,0.0,190.8,63.5,False
2026-01-23T21:55:04Z,2026-01-23T16:55:04-05:00,2026-01-24 18:00 UTC,2026-01-24T13:00-05:00,Copa del Rey,1.253100933,35181830,Barcelona (W) v Real Madrid FC (W),HOME,5226501,SEL_5226501,1.09,4.22,1.6,6.35,0.51,1001.2,219.73,4.556501160515178,,0.0,190.8,63.5,False
2026-01-23T21:55:04Z,2026-01-23T16:55:04-05:00,2026-01-24 18:00 UTC,2026-01-24T13:00-05:00,Copa del Rey,1.253100933,35181830,Barcelona (W) v Real Madrid FC (W),DRAW,58805,SEL_58805,1.09,4.57,120.0,0.15,118.91,18.86,0.15,125.73333333333333,,0.0,190.8,63.5,False
2026-01-23T21:55:24Z,2026-01-23T16:55:24-05:00,2026-01-24 18:00 UTC,2026-01-24T13:00-05:00,Copa del Rey,1.253100933,35181830,Barcelona (W) v Real Madrid FC (W),AWAY,36683270,SEL_36683270,13.5,47.64,510.0,0.4,496.5,55.6,0.4,139.0,,0.0,190.8,63.5,False
2026-01-23T21:55:24Z,2026-01-23T16:55:24-05:00,2026-01-24 18:00 UTC,2026-01-24T13:00-05:00,Copa del Rey,1.253100933,35181830,Barcelona (W) v Real Madrid FC (W),HOME,5226501,SEL_5226501,1.09,4.22,1.6,6.35,0.51,1001.2,219.73,4.556501160515178,,0.0,190.8,63.5,False
2026-01-23T21:55:24Z,2026-01-23T16:55:24-05:00,2026-01-24 18:00 UTC,2026-01-24T13:00-05:00,Copa del Rey,1.253100933,35181830,Barcelona (W) v Real Madrid FC (W),DRAW,58805,SEL_58805,1.09,4.57,120.0,0.15,118.91,18.86,0.15,125.73333333333333,,0.0,190.8,63.5,False
2026-01-23T21:55:44Z,2026-01-23T16:55:44-05:00,2026-01-24 18:00 UTC,2026-01-24T13:00-05:00,Copa del Rey,1.253100933,35181830,Barcelona (W) v Real Madrid FC (W),AWAY,36683270,SEL_36683270,13.5,47.64,510.0,0.4,496.5,55.6,0.4,139.0,,0.0,190.8,63.5,False
2026-01-23T21:55:44Z,2026-01-23T16:55:44-05:00,2026-01-24 18:00 UTC,2026-01-24T13:00-05:00,Copa del Rey,1.253100933,35181830,Barcelona (W) v Real Madrid FC (W),HOME,5226501,SEL_5226501,1.09,4.22,1.6,6.35,0.51,1001.2,219.73,4.556501160515178,,0.0,190.8,63.5,False
2026-01-23T21:55:44Z,2026-01-23T16:55:44-05:00,2026-01-24 18:00 UTC,2026-01-24T13:00-05:00,Copa del Rey,1.253100933,35181830,Barcelona (W) v Real Madrid FC (W),DRAW,58805,SEL_58805,1.09,4.57,120.0,0.15,118.91,18.86,0.15,125.73333333333333,,0.0,190.8,63.5,False
2026-01-23T21:56:04Z,2026-01-23T16:56:04-05:00,2026-01-24 18:00 UTC,2026-01-24T13:00-05:00,Copa del Rey,1.253100933,35181830,Barcelona (W) v Real Madrid FC (W),AWAY,36683270,SEL_36683270,13.5,47.64,510.0,0.4,496.5,55.6,0.4,139.0,,0.0,190.8,63.5,False
2026-01-23T21:56:04Z,2026-01-23T16:56:04-05:00,2026-01-24 18:00 UTC,2026-01-24T13:00-05:00,Copa del Rey,1.253100933,35181830,Barcelona (W) v Real Madrid FC (W),HOME,5226501,SEL_5226501,1.09,4.22,1.6,6.35,0.51,1001.2,219.73,4.556501160515178,,0.0,190.8,63.5,False
2026-01-23T21:56:04Z,2026-01-23T16:56:04-05:00,2026-01-24 18:00 UTC,2026-01-24T13:00-05:00,Copa del Rey,1.253100933,35181830,Barcelona (W) v Real Madrid FC (W),DRAW,58805,SEL_58805,1.09,4.57,120.0,0.15,118.91,18.86,0.15,125.73333333333333,,0.0,190.8,63.5,False
2026-01-23T21:56:24Z,2026-01-23T16:56:24-05:00,2026-01-24 18:00 UTC,2026-01-24T13:00-05:00,Copa del Rey,1.253100933,35181830,Barcelona (W) v Real Madrid FC (W),AWAY,36683270,SEL_36683270,13.5,47.64,510.0,0.4,496.5,55.6,0.4,139.0,,0.0,190.8,63.5,False
2026-01-23T21:56:24Z,2026-01-23T16:56:24-05:00,2026-01-24 18:00 UTC,2026-01-24T13:00-05:00,Copa del Rey,1.253100933,35181830,Barcelona (W) v Real Madrid FC (W),HOME,5226501,SEL_5226501,1.09,4.22,1.6,6.35,0.51,1001.2,219.73,4.556501160515178,,0.0,190.8,63.5,False
2026-01-23T21:56:24Z,2026-01-23T16:56:24-05:00,2026-01-24 18:00 UTC,2026-01-24T13:00-05:00,Copa del Rey,1.253100933,35181830,Barcelona (W) v Real Madrid FC (W),DRAW,58805,SEL_58805,1.09,4.57,120.0,0.15,118.91,18.86,0.15,125.73333333333333,,0.0,190.8,63.5,False
2026-01-23T21:56:43Z,2026-01-23T16:56:43-05:00,2026-01-24 18:00 UTC,2026-01-24T13:00-05:00,Copa del Rey,1.253100933,35181830,Barcelona (W) v Real Madrid FC (W),AWAY,36683270,SEL_36683270,13.5,47.64,510.0,0.4,496.5,55.6,0.4,139.0,,0.0,135.9,63.5,False
2026-01-23T21:56:43Z,2026-01-23T16:56:43-05:00,2026-01-24 18:00 UTC,2026-01-24T13:00-05:00,Copa del Rey,1.253100933,35181830,Barcelona (W) v Real Madrid FC (W),HOME,5226501,SEL_5226501,1.09,4.22,1.6,6.35,0.51,1001.2,220.29,4.544918062553907,,0.0,135.9,63.5,False
2026-01-23T21:56:43Z,2026-01-23T16:56:43-05:00,2026-01-24 18:00 UTC,2026-01-24T13:00-05:00,Copa del Rey,1.253100933,35181830,Barcelona (W) v Real Madrid FC (W),DRAW,58805,SEL_58805,2.72,3.74,120.0,0.15,117.28,11.55,0.15,77.00000000000001,,0.0,135.9,63.5,False
2026-01-23T21:56:44Z,2026-01-23T16:56:44-05:00,2026-01-24 18:00 UTC,2026-01-24T13:00-05:00,Copa del Rey,1.253100933,35181830,Barcelona (W) v Real Madrid FC (W),AWAY,36683270,SEL_36683270,13.5,47.64,510.0,0.4,496.5,55.6,0.4,139.0,,0.0,135.9,63.5,False
2026-01-23T21:56:44Z,2026-01-23T16:56:44-05:00,2026-01-24 18:00 UTC,2026-01-24T13:00-05:00,Copa del Rey,1.253100933,35181830,Barcelona (W) v Real Madrid FC (W),HOME,5226501,SEL_5226501,1.09,4.22,1.6,6.35,0.51,1001.2,220.29,4.544918062553907,,0.0,135.9,63.5,False
2026-01-23T21:56:44Z,2026-01-23T16:56:44-05:00,2026-01-24 18:00 UTC,2026-01-24T13:00-05:00,Copa del Rey,1.253100933,35181830,Barcelona (W) v Real Madrid FC (W),DRAW,58805,SEL_58805,2.72,3.74,120.0,0.15,117.28,11.55,0.15,77.00000000000001,,0.0,135.9,63.5,False
2026-01-23T21:57:04Z,2026-01-23T16:57:04-05:00,2026-01-24 18:00 UTC,2026-01-24T13:00-05:00,Copa del Rey,1.253100933,35181830,Barcelona (W) v Real Madrid FC (W),AWAY,36683270,SEL_36683270,13.5,47.64,510.0,0.4,496.5,55.6,0.4,139.0,,0.0,135.9,63.5,False
2026-01-23T21:57:04Z,2026-01-23T16:57:04-05:00,2026-01-24 18:00 UTC,2026-01-24T13:00-05:00,Copa del Rey,1.253100933,35181830,Barcelona (W) v Real Madrid FC (W),HOME,5226501,SEL_5226501,1.09,4.22,1.6,6.35,0.51,1001.2,220.29,4.544918062553907,,0.0,135.9,63.5,False
2026-01-23T21:57:04Z,2026-01-23T16:57:04-05:00,2026-01-24 18:00 UTC,2026-01-24T13:00-05:00,Copa del Rey,1.253100933,35181830,Barcelona (W) v Real Madrid FC (W),DRAW,58805,SEL_58805,2.72,3.74,120.0,0.15,117.28,11.55,0.15,77.00000000000001,,0.0,135.9,63.5,False
2026-01-23T21:57:24Z,2026-01-23T16:57:24-05:00,2026-01-24 18:00 UTC,2026-01-24T13:00-05:00,Copa del Rey,1.253100933,35181830,Barcelona (W) v Real Madrid FC (W),AWAY,36683270,SEL_36683270,13.5,47.64,510.0,0.4,496.5,55.6,0.4,139.0,,0.0,135.9,63.5,False
2026-01-23T21:57:24Z,2026-01-23T16:57:24-05:00,2026-01-24 18:00 UTC,2026-01-24T13:00-05:00,Copa del Rey,1.253100933,35181830,Barcelona (W) v Real Madrid FC (W),HOME,5226501,SEL_5226501,1.09,4.22,1.6,6.35,0.51,1001.2,220.29,4.544918062553907,,0.0,135.9,63.5,False
2026-01-23T21:57:24Z,2026-01-23T16:57:24-05:00,2026-01-24 18:00 UTC,2026-01-24T13:00-05:00,Copa del Rey,1.253100933,35181830,Barcelona (W) v Real Madrid FC (W),DRAW,58805,SEL_58805,2.72,3.74,120.0,0.15,117.28,11.55,0.15,77.00000000000001,,0.0,135.9,63.5,False
2026-01-23T21:57:44Z,2026-01-23T16:57:44-05:00,2026-01-24 18:00 UTC,2026-01-24T13:00-05:00,Copa del Rey,1.253100933,35181830,Barcelona (W) v Real Madrid FC (W),AWAY,36683270,SEL_36683270,13.5,47.64,510.0,0.4,496.5,55.6,0.4,139.0,,0.0,135.9,63.5,False
2026-01-23T21:57:44Z,2026-01-23T16:57:44-05:00,2026-01-24 18:00 UTC,2026-01-24T13:00-05:00,Copa del Rey,1.253100933,35181830,Barcelona (W) v Real Madrid FC (W),HOME,5226501,SEL_5226501,1.09,4.22,1.6,6.35,0.51,1001.2,220.29,4.544918062553907,,0.0,135.9,63.5,False
2026-01-23T21:57:44Z,2026-01-23T16:57:44-05:00,2026-01-24 18:00 UTC,2026-01-24T13:00-05:00,Copa del Rey,1.253100933,35181830,Barcelona (W) v Real Madrid FC (W),DRAW,58805,SEL_58805,2.72,3.74,120.0,0.15,117.28,11.55,0.15,77.00000000000001,,0.0,135.9,63.5,False
2026-01-23T21:58:04Z,2026-01-23T16:58:04-05:00,2026-01-24 18:00 UTC,2026-01-24T13:00-05:00,Copa del Rey,1.253100933,35181830,Barcelona (W) v Real Madrid FC (W),AWAY,36683270,SEL_36683270,13.5,47.64,510.0,0.4,496.5,55.6,0.4,139.0,,0.0,135.9,63.5,False
2026-01-23T21:58:04Z,2026-01-23T16:58:04-05:00,2026-01-24 18:00 UTC,2026-01-24T13:00-05:00,Copa del Rey,1.253100933,35181830,Barcelona (W) v Real Madrid FC (W),HOME,5226501,SEL_5226501,1.09,4.22,1.6,6.35,0.51,1001.2,220.29,4.544918062553907,,0.0,135.9,63.5,False
2026-01-23T21:58:04Z,2026-01-23T16:58:04-05:00,2026-01-24 18:00 UTC,2026-01-24T13:00-05:00,Copa del Rey,1.253100933,35181830,Barcelona (W) v Real Madrid FC (W),DRAW,58805,SEL_58805,2.72,3.74,120.0,0.15,117.28,11.55,0.15,77.00000000000001,,0.0,135.9,63.5,False
2026-01-23T21:58:24Z,2026-01-23T16:58:24-05:00,2026-01-24 18:00 UTC,2026-01-24T13:00-05:00,Copa del Rey,1.253100933,35181830,Barcelona (W) v Real Madrid FC (W),AWAY,36683270,SEL_36683270,13.5,47.64,510.0,0.4,496.5,55.6,0.4,139.0,,0.0,135.9,63.5,False
2026-01-23T21:58:24Z,2026-01-23T16:58:24-05:00,2026-01-24 18:00 UTC,2026-01-24T13:00-05:00,Copa del Rey,1.253100933,35181830,Barcelona (W) v Real Madrid FC (W),HOME,5226501,SEL_5226501,1.09,4.22,1.6,6.35,0.51,1001.2,220.29,4.544918062553907,,0.0,135.9,63.5,False
2026-01-23T21:58:24Z,2026-01-23T16:58:24-05:00,2026-01-24 18:00 UTC,2026-01-24T13:00-05:00,Copa del Rey,1.253100933,35181830,Barcelona (W) v Real Madrid FC (W),DRAW,58805,SEL_58805,2.72,3.74,120.0,0.15,117.28,11.55,0.15,77.00000000000001,,0.0,135.9,63.5,False
2026-01-23T21:58:44Z,2026-01-23T16:58:44-05:00,2026-01-24 18:00 UTC,2026-01-24T13:00-05:00,Copa del Rey,1.253100933,35181830,Barcelona (W) v Real Madrid FC (W),AWAY,36683270,SEL_36683270,13.5,47.64,510.0,0.4,496.5,55.6,0.4,139.0,,0.0,135.9,63.5,False
2026-01-23T21:58:44Z,2026-01-23T16:58:44-05:00,2026-01-24 18:00 UTC,2026-01-24T13:00-05:00,Copa del Rey,1.253100933,35181830,Barcelona (W) v Real Madrid FC (W),HOME,5226501,SEL_5226501,1.09,4.22,1.6,6.35,0.51,1001.2,220.29,4.544918062553907,,0.0,135.9,63.5,False
2026-01-23T21:58:44Z,2026-01-23T16:58:44-05:00,2026-01-24 18:00 UTC,2026-01-24T13:00-05:00,Copa del Rey,1.253100933,35181830,Barcelona (W) v Real Madrid FC (W),DRAW,58805,SEL_58805,2.72,3.74,120.0,0.15,117.28,11.55,0.15,77.00000000000001,,0.0,135.9,63.5,False
2026-01-23T21:59:04Z,2026-01-23T16:59:04-05:00,2026-01-24 18:00 UTC,2026-01-24T13:00-05:00,Copa del Rey,1.253100933,35181830,Barcelona (W) v Real Madrid FC (W),AWAY,36683270,SEL_36683270,13.5,47.64,510.0,0.4,496.5,55.6,0.4,139.0,,0.0,135.9,63.5,False
2026-01-23T21:59:04Z,2026-01-23T16:59:04-05:00,2026-01-24 18:00 UTC,2026-01-24T13:00-05:00,Copa del Rey,1.253100933,35181830,Barcelona (W) v Real Madrid FC (W),HOME,5226501,SEL_5226501,1.09,4.22,1.6,6.35,0.51,1001.2,220.29,4.544918062553907,,0.0,135.9,63.5,False
2026-01-23T21:59:04Z,2026-01-23T16:59:04-05:00,2026-01-24 18:00 UTC,2026-01-24T13:00-05:00,Copa del Rey,1.253100933,35181830,Barcelona (W) v Real Madrid FC (W),DRAW,58805,SEL_58805,2.72,3.74,120.0,0.15,117.28,11.55,0.15,77.00000000000001,,0.0,135.9,63.5,False
2026-01-23T21:59:24Z,2026-01-23T16:59:24-05:00,2026-01-24 18:00 UTC,2026-01-24T13:00-05:00,Copa del Rey,1.253100933,35181830,Barcelona (W) v Real Madrid FC (W),AWAY,36683270,SEL_36683270,13.5,47.64,510.0,0.4,496.5,55.6,0.4,139.0,,0.0,135.9,63.5,False
2026-01-23T21:59:24Z,2026-01-23T16:59:24-05:00,2026-01-24 18:00 UTC,2026-01-24T13:00-05:00,Copa del Rey,1.253100933,35181830,Barcelona (W) v Real Madrid FC (W),HOME,5226501,SEL_5226501,1.09,4.22,1.6,6.35,0.51,1001.2,220.29,4.544918062553907,,0.0,135.9,63.5,False
2026-01-23T21:59:24Z,2026-01-23T16:59:24-05:00,2026-01-24 18:00 UTC,2026-01-24T13:00-05:00,Copa del Rey,1.253100933,35181830,Barcelona (W) v Real Madrid FC (W),DRAW,58805,SEL_58805,2.72,3.74,120.0,0.15,117.28,11.55,0.15,77.00000000000001,,0.0,135.9,63.5,False
2026-01-23T21:59:43Z,2026-01-23T16:59:43-05:00,2026-01-24 18:00 UTC,2026-01-24T13:00-05:00,Copa del Rey,1.253100933,35181830,Barcelona (W) v Real Madrid FC (W),AWAY,36683270,SEL_36683270,13.5,47.64,510.0,0.4,496.5,55.6,0.4,139.0,,0.0,135.9,63.5,False
2026-01-23T21:59:43Z,2026-01-23T16:59:43-05:00,2026-01-24 18:00 UTC,2026-01-24T13:00-05:00,Copa del Rey,1.253100933,35181830,Barcelona (W) v Real Madrid FC (W),HOME,5226501,SEL_5226501,1.09,4.22,1.6,6.35,0.51,1001.2,220.29,4.544918062553907,,0.0,135.9,63.5,False
2026-01-23T21:59:43Z,2026-01-23T16:59:43-05:00,2026-01-24 18:00 UTC,2026-01-24T13:00-05:00,Copa del Rey,1.253100933,35181830,Barcelona (W) v Real Madrid FC (W),DRAW,58805,SEL_58805,2.72,3.74,120.0,0.15,117.28,11.55,0.15,77.00000000000001,,0.0,135.9,63.5,False
2026-01-23T21:59:44Z,2026-01-23T16:59:44-05:00,2026-01-24 18:00 UTC,2026-01-24T13:00-05:00,Copa del Rey,1.253100933,35181830,Barcelona (W) v Real Madrid FC (W),AWAY,36683270,SEL_36683270,13.5,47.64,510.0,0.4,496.5,55.6,0.4,139.0,,0.0,135.9,63.5,False
2026-01-23T21:59:44Z,2026-01-23T16:59:44-05:00,2026-01-24 18:00 UTC,2026-01-24T13:00-05:00,Copa del Rey,1.253100933,35181830,Barcelona (W) v Real Madrid FC (W),HOME,5226501,SEL_5226501,1.09,4.22,1.6,6.35,0.51,1001.2,220.29,4.544918062553907,,0.0,135.9,63.5,False
2026-01-23T21:59:44Z,2026-01-23T16:59:44-05:00,2026-01-24 18:00 UTC,2026-01-24T13:00-05:00,Copa del Rey,1.253100933,35181830,Barcelona (W) v Real Madrid FC (W),DRAW,58805,SEL_58805,2.72,3.74,120.0,0.15,117.28,11.55,0.15,77.00000000000001,,0.0,135.9,63.5,False
2026-01-23T22:00:04Z,2026-01-23T17:00:04-05:00,2026-01-24 18:00 UTC,2026-01-24T13:00-05:00,Copa del Rey,1.253100933,35181830,Barcelona (W) v Real Madrid FC (W),AWAY,36683270,SEL_36683270,13.5,47.64,510.0,0.4,496.5,55.6,0.4,139.0,,0.0,135.9,63.5,False
2026-01-23T22:00:04Z,2026-01-23T17:00:04-05:00,2026-01-24 18:00 UTC,2026-01-24T13:00-05:00,Copa del Rey,1.253100933,35181830,Barcelona (W) v Real Madrid FC (W),HOME,5226501,SEL_5226501,1.09,4.22,1.6,6.35,0.51,1001.2,220.29,4.544918062553907,,0.0,135.9,63.5,False
2026-01-23T22:00:04Z,2026-01-23T17:00:04-05:00,2026-01-24 18:00 UTC,2026-01-24T13:00-05:00,Copa del Rey,1.253100933,35181830,Barcelona (W) v Real Madrid FC (W),DRAW,58805,SEL_58805,2.72,3.74,120.0,0.15,117.28,11.55,0.15,77.00000000000001,,0.0,135.9,63.5,False
2026-01-23T22:00:24Z,2026-01-23T17:00:24-05:00,2026-01-24 18:00 UTC,2026-01-24T13:00-05:00,Copa del Rey,1.253100933,35181830,Barcelona (W) v Real Madrid FC (W),AWAY,36683270,SEL_36683270,13.5,47.64,510.0,0.4,496.5,55.6,0.4,139.0,,0.0,135.9,63.5,False
2026-01-23T22:00:24Z,2026-01-23T17:00:24-05:00,2026-01-24 18:00 UTC,2026-01-24T13:00-05:00,Copa del Rey,1.253100933,35181830,Barcelona (W) v Real Madrid FC (W),HOME,5226501,SEL_5226501,1.09,4.22,1.6,6.35,0.51,1001.2,220.29,4.544918062553907,,0.0,135.9,63.5,False
2026-01-23T22:00:24Z,2026-01-23T17:00:24-05:00,2026-01-24 18:00 UTC,2026-01-24T13:00-05:00,Copa del Rey,1.253100933,35181830,Barcelona (W) v Real Madrid FC (W),DRAW,58805,SEL_58805,2.72,3.74,120.0,0.15,117.28,11.55,0.15,77.00000000000001,,0.0,135.9,63.5,False
2026-01-23T22:00:45Z,2026-01-23T17:00:45-05:00,2026-01-24 18:00 UTC,2026-01-24T13:00-05:00,Copa del Rey,1.253100933,35181830,Barcelona (W) v Real Madrid FC (W),AWAY,36683270,SEL_36683270,13.5,47.64,510.0,0.4,496.5,55.6,0.4,139.0,,0.0,135.9,63.5,False
2026-01-23T22:00:45Z,2026-01-23T17:00:45-05:00,2026-01-24 18:00 UTC,2026-01-24T13:00-05:00,Copa del Rey,1.253100933,35181830,Barcelona (W) v Real Madrid FC (W),HOME,5226501,SEL_5226501,1.09,4.22,1.6,6.35,0.51,1001.2,220.29,4.544918062553907,,0.0,135.9,63.5,False
2026-01-23T22:00:45Z,2026-01-23T17:00:45-05:00,2026-01-24 18:00 UTC,2026-01-24T13:00-05:00,Copa del Rey,1.253100933,35181830,Barcelona (W) v Real Madrid FC (W),DRAW,58805,SEL_58805,2.72,3.74,120.0,0.15,117.28,11.55,0.15,77.00000000000001,,0.0,135.9,63.5,False
2026-01-23T22:01:05Z,2026-01-23T17:01:05-05:00,2026-01-24 18:00 UTC,2026-01-24T13:00-05:00,Copa del Rey,1.253100933,35181830,Barcelona (W) v Real Madrid FC (W),AWAY,36683270,SEL_36683270,13.5,47.64,510.0,0.4,496.5,55.6,0.4,139.0,,0.0,135.9,63.5,False
2026-01-23T22:01:05Z,2026-01-23T17:01:05-05:00,2026-01-24 18:00 UTC,2026-01-24T13:00-05:00,Copa del Rey,1.253100933,35181830,Barcelona (W) v Real Madrid FC (W),HOME,5226501,SEL_5226501,1.09,4.22,1.6,6.35,0.51,1001.2,220.29,4.544918062553907,,0.0,135.9,63.5,False
2026-01-23T22:01:05Z,2026-01-23T17:01:05-05:00,2026-01-24 18:00 UTC,2026-01-24T13:00-05:00,Copa del Rey,1.253100933,35181830,Barcelona (W) v Real Madrid FC (W),DRAW,58805,SEL_58805,2.72,3.74,120.0,0.15,117.28,11.55,0.15,77.00000000000001,,0.0,135.9,63.5,False
2026-01-23T22:01:25Z,2026-01-23T17:01:25-05:00,2026-01-24 18:00 UTC,2026-01-24T13:00-05:00,Copa del Rey,1.253100933,35181830,Barcelona (W) v Real Madrid FC (W),AWAY,36683270,SEL_36683270,13.5,47.64,510.0,0.4,496.5,55.6,0.4,139.0,,0.0,135.9,63.5,False
2026-01-23T22:01:25Z,2026-01-23T17:01:25-05:00,2026-01-24 18:00 UTC,2026-01-24T13:00-05:00,Copa del Rey,1.253100933,35181830,Barcelona (W) v Real Madrid FC (W),HOME,5226501,SEL_5226501,1.09,4.22,1.6,6.35,0.51,1001.2,220.29,4.544918062553907,,0.0,135.9,63.5,False
2026-01-23T22:01:25Z,2026-01-23T17:01:25-05:00,2026-01-24 18:00 UTC,2026-01-24T13:00-05:00,Copa del Rey,1.253100933,35181830,Barcelona (W) v Real Madrid FC (W),DRAW,58805,SEL_58805,2.72,3.74,120.0,0.15,117.28,11.55,0.15,77.00000000000001,,0.0,135.9,63.5,False
2026-01-23T22:01:45Z,2026-01-23T17:01:45-05:00,2026-01-24 18:00 UTC,2026-01-24T13:00-05:00,Copa del Rey,1.253100933,35181830,Barcelona (W) v Real Madrid FC (W),AWAY,36683270,SEL_36683270,13.5,47.64,510.0,0.4,496.5,55.6,0.4,139.0,,0.0,135.9,63.5,False
2026-01-23T22:01:45Z,2026-01-23T17:01:45-05:00,2026-01-24 18:00 UTC,2026-01-24T13:00-05:00,Copa del Rey,1.253100933,35181830,Barcelona (W) v Real Madrid FC (W),HOME,5226501,SEL_5226501,1.09,4.22,1.6,6.35,0.51,1001.2,220.29,4.544918062553907,,0.0,135.9,63.5,False
2026-01-23T22:01:45Z,2026-01-23T17:01:45-05:00,2026-01-24 18:00 UTC,2026-01-24T13:00-05:00,Copa del Rey,1.253100933,35181830,Barcelona (W) v Real Madrid FC (W),DRAW,58805,SEL_58805,2.72,3.74,120.0,0.15,117.28,11.55,0.15,77.00000000000001,,0.0,135.9,63.5,False
2026-01-23T22:02:05Z,2026-01-23T17:02:05-05:00,2026-01-24 18:00 UTC,2026-01-24T13:00-05:00,Copa del Rey,1.253100933,35181830,Barcelona (W) v Real Madrid FC (W),AWAY,36683270,SEL_36683270,13.5,47.64,510.0,0.4,496.5,55.6,0.4,139.0,,0.0,135.9,63.5,False
2026-01-23T22:02:05Z,2026-01-23T17:02:05-05:00,2026-01-24 18:00 UTC,2026-01-24T13:00-05:00,Copa del Rey,1.253100933,35181830,Barcelona (W) v Real Madrid FC (W),HOME,5226501,SEL_5226501,1.09,4.22,1.6,6.35,0.51,1001.2,220.29,4.544918062553907,,0.0,135.9,63.5,False
2026-01-23T22:02:05Z,2026-01-23T17:02:05-05:00,2026-01-24 18:00 UTC,2026-01-24T13:00-05:00,Copa del Rey,1.253100933,35181830,Barcelona (W) v Real Madrid FC (W),DRAW,58805,SEL_58805,2.72,3.74,120.0,0.15,117.28,11.55,0.15,77.00000000000001,,0.0,135.9,63.5,False
2026-01-23T22:02:25Z,2026-01-23T17:02:25-05:00,2026-01-24 18:00 UTC,2026-01-24T13:00-05:00,Copa del Rey,1.253100933,35181830,Barcelona (W) v Real Madrid FC (W),AWAY,36683270,SEL_36683270,13.5,47.64,510.0,0.4,496.5,55.6,0.4,139.0,,0.0,135.9,63.5,False
2026-01-23T22:02:25Z,2026-01-23T17:02:25-05:00,2026-01-24 18:00 UTC,2026-01-24T13:00-05:00,Copa del Rey,1.253100933,35181830,Barcelona (W) v Real Madrid FC (W),HOME,5226501,SEL_5226501,1.09,4.22,1.6,6.35,0.51,1001.2,220.29,4.544918062553907,,0.0,135.9,63.5,False
2026-01-23T22:02:25Z,2026-01-23T17:02:25-05:00,2026-01-24 18:00 UTC,2026-01-24T13:00-05:00,Copa del Rey,1.253100933,35181830,Barcelona (W) v Real Madrid FC (W),DRAW,58805,SEL_58805,2.72,3.74,120.0,0.15,117.28,11.55,0.15,77.00000000000001,,0.0,135.9,63.5,False
2026-01-23T22:02:43Z,2026-01-23T17:02:43-05:00,2026-01-24 18:00 UTC,2026-01-24T13:00-05:00,Copa del Rey,1.253100933,35181830,Barcelona (W) v Real Madrid FC (W),AWAY,36683270,SEL_36683270,13.5,47.64,510.0,0.4,496.5,55.6,0.4,139.0,,0.0,135.9,63.5,False
2026-01-23T22:02:43Z,2026-01-23T17:02:43-05:00,2026-01-24 18:00 UTC,2026-01-24T13:00-05:00,Copa del Rey,1.253100933,35181830,Barcelona (W) v Real Madrid FC (W),HOME,5226501,SEL_5226501,1.09,4.22,1.6,6.35,0.51,1001.2,220.29,4.544918062553907,,0.0,135.9,63.5,False
2026-01-23T22:02:43Z,2026-01-23T17:02:43-05:00,2026-01-24 18:00 UTC,2026-01-24T13:00-05:00,Copa del Rey,1.253100933,35181830,Barcelona (W) v Real Madrid FC (W),DRAW,58805,SEL_58805,2.72,3.74,120.0,0.15,117.28,11.55,0.15,77.00000000000001,,0.0,135.9,63.5,False
2026-01-23T22:02:45Z,2026-01-23T17:02:45-05:00,2026-01-24 18:00 UTC,2026-01-24T13:00-05:00,Copa del Rey,1.253100933,35181830,Barcelona (W) v Real Madrid FC (W),AWAY,36683270,SEL_36683270,13.5,47.64,510.0,0.4,496.5,55.6,0.4,139.0,,0.0,135.9,63.5,False
2026-01-23T22:02:45Z,2026-01-23T17:02:45-05:00,2026-01-24 18:00 UTC,2026-01-24T13:00-05:00,Copa del Rey,1.253100933,35181830,Barcelona (W) v Real Madrid FC (W),HOME,5226501,SEL_5226501,1.09,4.22,1.6,6.35,0.51,1001.2,220.29,4.544918062553907,,0.0,135.9,63.5,False
2026-01-23T22:02:45Z,2026-01-23T17:02:45-05:00,2026-01-24 18:00 UTC,2026-01-24T13:00-05:00,Copa del Rey,1.253100933,35181830,Barcelona (W) v Real Madrid FC (W),DRAW,58805,SEL_58805,2.72,3.74,120.0,0.15,117.28,11.55,0.15,77.00000000000001,,0.0,135.9,63.5,False
2026-01-23T22:03:05Z,2026-01-23T17:03:05-05:00,2026-01-24 18:00 UTC,2026-01-24T13:00-05:00,Copa del Rey,1.253100933,35181830,Barcelona (W) v Real Madrid FC (W),AWAY,36683270,SEL_36683270,13.5,47.64,510.0,0.4,496.5,55.6,0.4,139.0,,0.0,135.9,63.5,False
2026-01-23T22:03:05Z,2026-01-23T17:03:05-05:00,2026-01-24 18:00 UTC,2026-01-24T13:00-05:00,Copa del Rey,1.253100933,35181830,Barcelona (W) v Real Madrid FC (W),HOME,5226501,SEL_5226501,1.09,4.22,1.6,6.35,0.51,1001.2,220.29,4.544918062553907,,0.0,135.9,63.5,False
2026-01-23T22:03:05Z,2026-01-23T17:03:05-05:00,2026-01-24 18:00 UTC,2026-01-24T13:00-05:00,Copa del Rey,1.253100933,35181830,Barcelona (W) v Real Madrid FC (W),DRAW,58805,SEL_58805,2.72,3.74,120.0,0.15,117.28,11.55,0.15,77.00000000000001,,0.0,135.9,63.5,False
2026-01-23T22:03:25Z,2026-01-23T17:03:25-05:00,2026-01-24 18:00 UTC,2026-01-24T13:00-05:00,Copa del Rey,1.253100933,35181830,Barcelona (W) v Real Madrid FC (W),AWAY,36683270,SEL_36683270,13.5,47.64,510.0,0.4,496.5,55.6,0.4,139.0,,0.0,135.9,63.5,False
2026-01-23T22:03:25Z,2026-01-23T17:03:25-05:00,2026-01-24 18:00 UTC,2026-01-24T13:00-05:00,Copa del Rey,1.253100933,35181830,Barcelona (W) v Real Madrid FC (W),HOME,5226501,SEL_5226501,1.09,4.22,1.6,6.35,0.51,1001.2,220.29,4.544918062553907,,0.0,135.9,63.5,False
2026-01-23T22:03:25Z,2026-01-23T17:03:25-05:00,2026-01-24 18:00 UTC,2026-01-24T13:00-05:00,Copa del Rey,1.253100933,35181830,Barcelona (W) v Real Madrid FC (W),DRAW,58805,SEL_58805,2.72,3.74,120.0,0.15,117.28,11.55,0.15,77.00000000000001,,0.0,135.9,63.5,False
2026-01-23T22:03:45Z,2026-01-23T17:03:45-05:00,2026-01-24 18:00 UTC,2026-01-24T13:00-05:00,Copa del Rey,1.253100933,35181830,Barcelona (W) v Real Madrid FC (W),AWAY,36683270,SEL_36683270,13.5,47.64,510.0,0.4,496.5,55.6,0.4,139.0,,0.0,135.9,63.5,False
2026-01-23T22:03:45Z,2026-01-23T17:03:45-05:00,2026-01-24 18:00 UTC,2026-01-24T13:00-05:00,Copa del Rey,1.253100933,35181830,Barcelona (W) v Real Madrid FC (W),HOME,5226501,SEL_5226501,1.09,4.22,1.6,6.35,0.51,1001.2,220.29,4.544918062553907,,0.0,135.9,63.5,False
2026-01-23T22:03:45Z,2026-01-23T17:03:45-05:00,2026-01-24 18:00 UTC,2026-01-24T13:00-05:00,Copa del Rey,1.253100933,35181830,Barcelona (W) v Real Madrid FC (W),DRAW,58805,SEL_58805,2.72,3.74,120.0,0.15,117.28,11.55,0.15,77.00000000000001,,0.0,135.9,63.5,False
2026-01-23T22:04:05Z,2026-01-23T17:04:05-05:00,2026-01-24 18:00 UTC,2026-01-24T13:00-05:00,Copa del Rey,1.253100933,35181830,Barcelona (W) v Real Madrid FC (W),AWAY,36683270,SEL_36683270,13.5,47.64,510.0,0.4,496.5,55.6,0.4,139.0,,0.0,135.9,63.5,False
2026-01-23T22:04:05Z,2026-01-23T17:04:05-05:00,2026-01-24 18:00 UTC,2026-01-24T13:00-05:00,Copa del Rey,1.253100933,35181830,Barcelona (W) v Real Madrid FC (W),HOME,5226501,SEL_5226501,1.09,4.22,1.6,6.35,0.51,1001.2,220.29,4.544918062553907,,0.0,135.9,63.5,False
2026-01-23T22:04:05Z,2026-01-23T17:04:05-05:00,2026-01-24 18:00 UTC,2026-01-24T13:00-05:00,Copa del Rey,1.253100933,35181830,Barcelona (W) v Real Madrid FC (W),DRAW,58805,SEL_58805,2.72,3.74,120.0,0.15,117.28,11.55,0.15,77.00000000000001,,0.0,135.9,63.5,False
2026-01-23T22:04:25Z,2026-01-23T17:04:25-05:00,2026-01-24 18:00 UTC,2026-01-24T13:00-05:00,Copa del Rey,1.253100933,35181830,Barcelona (W) v Real Madrid FC (W),AWAY,36683270,SEL_36683270,13.5,47.64,510.0,0.4,496.5,55.6,0.4,139.0,,0.0,135.9,63.5,False
2026-01-23T22:04:25Z,2026-01-23T17:04:25-05:00,2026-01-24 18:00 UTC,2026-01-24T13:00-05:00,Copa del Rey,1.253100933,35181830,Barcelona (W) v Real Madrid FC (W),HOME,5226501,SEL_5226501,1.09,4.22,1.6,6.35,0.51,1001.2,220.29,4.544918062553907,,0.0,135.9,63.5,False
2026-01-23T22:04:25Z,2026-01-23T17:04:25-05:00,2026-01-24 18:00 UTC,2026-01-24T13:00-05:00,Copa del Rey,1.253100933,35181830,Barcelona (W) v Real Madrid FC (W),DRAW,58805,SEL_58805,2.72,3.74,120.0,0.15,117.28,11.55,0.15,77.00000000000001,,0.0,135.9,63.5,False
2026-01-23T22:04:45Z,2026-01-23T17:04:45-05:00,2026-01-24 18:00 UTC,2026-01-24T13:00-05:00,Copa del Rey,1.253100933,35181830,Barcelona (W) v Real Madrid FC (W),AWAY,36683270,SEL_36683270,13.5,47.64,510.0,0.4,496.5,55.6,0.4,139.0,,0.0,135.9,63.5,False
2026-01-23T22:04:45Z,2026-01-23T17:04:45-05:00,2026-01-24 18:00 UTC,2026-01-24T13:00-05:00,Copa del Rey,1.253100933,35181830,Barcelona (W) v Real Madrid FC (W),HOME,5226501,SEL_5226501,1.09,4.22,1.6,6.35,0.51,1001.2,220.29,4.544918062553907,,0.0,135.9,63.5,False
2026-01-23T22:04:45Z,2026-01-23T17:04:45-05:00,2026-01-24 18:00 UTC,2026-01-24T13:00-05:00,Copa del Rey,1.253100933,35181830,Barcelona (W) v Real Madrid FC (W),DRAW,58805,SEL_58805,2.72,3.74,120.0,0.15,117.28,11.55,0.15,77.00000000000001,,0.0,135.9,63.5,False
2026-01-23T22:05:05Z,2026-01-23T17:05:05-05:00,2026-01-24 18:00 UTC,2026-01-24T13:00-05:00,Copa del Rey,1.253100933,35181830,Barcelona (W) v Real Madrid FC (W),AWAY,36683270,SEL_36683270,13.5,47.64,510.0,0.4,496.5,55.6,0.4,139.0,,0.0,135.9,63.5,False
2026-01-23T22:05:05Z,2026-01-23T17:05:05-05:00,2026-01-24 18:00 UTC,2026-01-24T13:00-05:00,Copa del Rey,1.253100933,35181830,Barcelona (W) v Real Madrid FC (W),HOME,5226501,SEL_5226501,1.09,4.22,1.6,6.35,0.51,1001.2,220.29,4.544918062553907,,0.0,135.9,63.5,False
2026-01-23T22:05:05Z,2026-01-23T17:05:05-05:00,2026-01-24 18:00 UTC,2026-01-24T13:00-05:00,Copa del Rey,1.253100933,35181830,Barcelona (W) v Real Madrid FC (W),DRAW,58805,SEL_58805,2.72,3.74,120.0,0.15,117.28,11.55,0.15,77.00000000000001,,0.0,135.9,63.5,False
2026-01-23T22:05:25Z,2026-01-23T17:05:25-05:00,2026-01-24 18:00 UTC,2026-01-24T13:00-05:00,Copa del Rey,1.253100933,35181830,Barcelona (W) v Real Madrid FC (W),AWAY,36683270,SEL_36683270,13.5,47.64,510.0,0.4,496.5,55.6,0.4,139.0,,0.0,135.9,63.5,False
2026-01-23T22:05:25Z,2026-01-23T17:05:25-05:00,2026-01-24 18:00 UTC,2026-01-24T13:00-05:00,Copa del Rey,1.253100933,35181830,Barcelona (W) v Real Madrid FC (W),HOME,5226501,SEL_5226501,1.09,4.22,1.6,6.35,0.51,1001.2,220.29,4.544918062553907,,0.0,135.9,63.5,False
2026-01-23T22:05:25Z,2026-01-23T17:05:25-05:00,2026-01-24 18:00 UTC,2026-01-24T13:00-05:00,Copa del Rey,1.253100933,35181830,Barcelona (W) v Real Madrid FC (W),DRAW,58805,SEL_58805,2.72,3.74,120.0,0.15,117.28,11.55,0.15,77.00000000000001,,0.0,135.9,63.5,False
2026-01-23T22:05:43Z,2026-01-23T17:05:43-05:00,2026-01-24 18:00 UTC,2026-01-24T13:00-05:00,Copa del Rey,1.253100933,35181830,Barcelona (W) v Real Madrid FC (W),AWAY,36683270,SEL_36683270,13.5,47.64,510.0,0.4,496.5,55.6,0.4,139.0,,0.0,135.9,63.5,False
2026-01-23T22:05:43Z,2026-01-23T17:05:43-05:00,2026-01-24 18:00 UTC,2026-01-24T13:00-05:00,Copa del Rey,1.253100933,35181830,Barcelona (W) v Real Madrid FC (W),HOME,5226501,SEL_5226501,1.09,4.22,1.6,6.35,0.51,1001.2,220.29,4.544918062553907,,0.0,135.9,63.5,False
2026-01-23T22:05:43Z,2026-01-23T17:05:43-05:00,2026-01-24 18:00 UTC,2026-01-24T13:00-05:00,Copa del Rey,1.253100933,35181830,Barcelona (W) v Real Madrid FC (W),DRAW,58805,SEL_58805,2.72,3.74,120.0,0.15,117.28,11.55,0.15,77.00000000000001,,0.0,135.9,63.5,False
2026-01-23T22:05:45Z,2026-01-23T17:05:45-05:00,2026-01-24 18:00 UTC,2026-01-24T13:00-05:00,Copa del Rey,1.253100933,35181830,Barcelona (W) v Real Madrid FC (W),AWAY,36683270,SEL_36683270,13.5,47.64,510.0,0.4,496.5,55.6,0.4,139.0,,0.0,135.9,63.5,False
2026-01-23T22:05:45Z,2026-01-23T17:05:45-05:00,2026-01-24 18:00 UTC,2026-01-24T13:00-05:00,Copa del Rey,1.253100933,35181830,Barcelona (W) v Real Madrid FC (W),HOME,5226501,SEL_5226501,1.09,4.22,1.6,6.35,0.51,1001.2,220.29,4.544918062553907,,0.0,135.9,63.5,False
2026-01-23T22:05:45Z,2026-01-23T17:05:45-05:00,2026-01-24 18:00 UTC,2026-01-24T13:00-05:00,Copa del Rey,1.253100933,35181830,Barcelona (W) v Real Madrid FC (W),DRAW,58805,SEL_58805,2.72,3.74,120.0,0.15,117.28,11.55,0.15,77.00000000000001,,0.0,135.9,63.5,False
2026-01-23T22:06:05Z,2026-01-23T17:06:05-05:00,2026-01-24 18:00 UTC,2026-01-24T13:00-05:00,Copa del Rey,1.253100933,35181830,Barcelona (W) v Real Madrid FC (W),AWAY,36683270,SEL_36683270,13.5,47.64,510.0,0.4,496.5,55.6,0.4,139.0,,0.0,135.9,63.5,False
2026-01-23T22:06:05Z,2026-01-23T17:06:05-05:00,2026-01-24 18:00 UTC,2026-01-24T13:00-05:00,Copa del Rey,1.253100933,35181830,Barcelona (W) v Real Madrid FC (W),HOME,5226501,SEL_5226501,1.09,4.22,1.6,6.35,0.51,1001.2,220.29,4.544918062553907,,0.0,135.9,63.5,False
2026-01-23T22:06:05Z,2026-01-23T17:06:05-05:00,2026-01-24 18:00 UTC,2026-01-24T13:00-05:00,Copa del Rey,1.253100933,35181830,Barcelona (W) v Real Madrid FC (W),DRAW,58805,SEL_58805,2.72,3.74,120.0,0.15,117.28,11.55,0.15,77.00000000000001,,0.0,135.9,63.5,False
2026-01-23T22:06:25Z,2026-01-23T17:06:25-05:00,2026-01-24 18:00 UTC,2026-01-24T13:00-05:00,Copa del Rey,1.253100933,35181830,Barcelona (W) v Real Madrid FC (W),AWAY,36683270,SEL_36683270,13.5,47.64,510.0,0.4,496.5,55.6,0.4,139.0,,0.0,135.9,63.5,False
2026-01-23T22:06:25Z,2026-01-23T17:06:25-05:00,2026-01-24 18:00 UTC,2026-01-24T13:00-05:00,Copa del Rey,1.253100933,35181830,Barcelona (W) v Real Madrid FC (W),HOME,5226501,SEL_5226501,1.09,4.22,1.6,6.35,0.51,1001.2,220.29,4.544918062553907,,0.0,135.9,63.5,False
2026-01-23T22:06:25Z,2026-01-23T17:06:25-05:00,2026-01-24 18:00 UTC,2026-01-24T13:00-05:00,Copa del Rey,1.253100933,35181830,Barcelona (W) v Real Madrid FC (W),DRAW,58805,SEL_58805,2.72,3.74,120.0,0.15,117.28,11.55,0.15,77.00000000000001,,0.0,135.9,63.5,False
2026-01-23T22:06:45Z,2026-01-23T17:06:45-05:00,2026-01-24 18:00 UTC,2026-01-24T13:00-05:00,Copa del Rey,1.253100933,35181830,Barcelona (W) v Real Madrid FC (W),AWAY,36683270,SEL_36683270,13.5,47.64,510.0,0.4,496.5,55.6,0.4,139.0,,0.0,135.9,63.5,False
2026-01-23T22:06:45Z,2026-01-23T17:06:45-05:00,2026-01-24 18:00 UTC,2026-01-24T13:00-05:00,Copa del Rey,1.253100933,35181830,Barcelona (W) v Real Madrid FC (W),HOME,5226501,SEL_5226501,1.09,4.22,1.6,6.35,0.51,1001.2,220.29,4.544918062553907,,0.0,135.9,63.5,False
2026-01-23T22:06:45Z,2026-01-23T17:06:45-05:00,2026-01-24 18:00 UTC,2026-01-24T13:00-05:00,Copa del Rey,1.253100933,35181830,Barcelona (W) v Real Madrid FC (W),DRAW,58805,SEL_58805,2.72,3.74,120.0,0.15,117.28,11.55,0.15,77.00000000000001,,0.0,135.9,63.5,False
2026-01-23T22:07:05Z,2026-01-23T17:07:05-05:00,2026-01-24 18:00 UTC,2026-01-24T13:00-05:00,Copa del Rey,1.253100933,35181830,Barcelona (W) v Real Madrid FC (W),AWAY,36683270,SEL_36683270,13.5,47.64,510.0,0.4,496.5,55.6,0.4,139.0,,0.0,135.9,63.5,False
2026-01-23T22:07:05Z,2026-01-23T17:07:05-05:00,2026-01-24 18:00 UTC,2026-01-24T13:00-05:00,Copa del Rey,1.253100933,35181830,Barcelona (W) v Real Madrid FC (W),HOME,5226501,SEL_5226501,1.09,4.22,1.6,6.35,0.51,1001.2,220.29,4.544918062553907,,0.0,135.9,63.5,False
2026-01-23T22:07:05Z,2026-01-23T17:07:05-05:00,2026-01-24 18:00 UTC,2026-01-24T13:00-05:00,Copa del Rey,1.253100933,35181830,Barcelona (W) v Real Madrid FC (W),DRAW,58805,SEL_58805,2.72,3.74,120.0,0.15,117.28,11.55,0.15,77.00000000000001,,0.0,135.9,63.5,False
2026-01-23T22:07:25Z,2026-01-23T17:07:25-05:00,2026-01-24 18:00 UTC,2026-01-24T13:00-05:00,Copa del Rey,1.253100933,35181830,Barcelona (W) v Real Madrid FC (W),AWAY,36683270,SEL_36683270,13.5,47.64,510.0,0.4,496.5,55.6,0.4,139.0,,0.0,135.9,63.5,False
2026-01-23T22:07:25Z,2026-01-23T17:07:25-05:00,2026-01-24 18:00 UTC,2026-01-24T13:00-05:00,Copa del Rey,1.253100933,35181830,Barcelona (W) v Real Madrid FC (W),HOME,5226501,SEL_5226501,1.09,4.22,1.6,6.35,0.51,1001.2,220.29,4.544918062553907,,0.0,135.9,63.5,False
2026-01-23T22:07:25Z,2026-01-23T17:07:25-05:00,2026-01-24 18:00 UTC,2026-01-24T13:00-05:00,Copa del Rey,1.253100933,35181830,Barcelona (W) v Real Madrid FC (W),DRAW,58805,SEL_58805,2.72,3.74,120.0,0.15,117.28,11.55,0.15,77.00000000000001,,0.0,135.9,63.5,False
2026-01-23T22:07:45Z,2026-01-23T17:07:45-05:00,2026-01-24 18:00 UTC,2026-01-24T13:00-05:00,Copa del Rey,1.253100933,35181830,Barcelona (W) v Real Madrid FC (W),AWAY,36683270,SEL_36683270,13.5,47.64,510.0,0.4,496.5,55.6,0.4,139.0,,0.0,135.9,63.5,False
2026-01-23T22:07:45Z,2026-01-23T17:07:45-05:00,2026-01-24 18:00 UTC,2026-01-24T13:00-05:00,Copa del Rey,1.253100933,35181830,Barcelona (W) v Real Madrid FC (W),HOME,5226501,SEL_5226501,1.09,4.22,1.6,6.35,0.51,1001.2,220.29,4.544918062553907,,0.0,135.9,63.5,False
2026-01-23T22:07:45Z,2026-01-23T17:07:45-05:00,2026-01-24 18:00 UTC,2026-01-24T13:00-05:00,Copa del Rey,1.253100933,35181830,Barcelona (W) v Real Madrid FC (W),DRAW,58805,SEL_58805,2.72,3.74,120.0,0.15,117.28,11.55,0.15,77.00000000000001,,0.0,135.9,63.5,False
2026-01-23T22:08:05Z,2026-01-23T17:08:05-05:00,2026-01-24 18:00 UTC,2026-01-24T13:00-05:00,Copa del Rey,1.253100933,35181830,Barcelona (W) v Real Madrid FC (W),AWAY,36683270,SEL_36683270,13.5,47.64,510.0,0.4,496.5,55.6,0.4,139.0,,0.0,135.9,63.5,False
2026-01-23T22:08:05Z,2026-01-23T17:08:05-05:00,2026-01-24 18:00 UTC,2026-01-24T13:00-05:00,Copa del Rey,1.253100933,35181830,Barcelona (W) v Real Madrid FC (W),HOME,5226501,SEL_5226501,1.09,4.22,1.6,6.35,0.51,1001.2,220.29,4.544918062553907,,0.0,135.9,63.5,False
2026-01-23T22:08:05Z,2026-01-23T17:08:05-05:00,2026-01-24 18:00 UTC,2026-01-24T13:00-05:00,Copa del Rey,1.253100933,35181830,Barcelona (W) v Real Madrid FC (W),DRAW,58805,SEL_58805,2.72,3.74,120.0,0.15,117.28,11.55,0.15,77.00000000000001,,0.0,135.9,63.5,False
2026-01-23T22:08:25Z,2026-01-23T17:08:25-05:00,2026-01-24 18:00 UTC,2026-01-24T13:00-05:00,Copa del Rey,1.253100933,35181830,Barcelona (W) v Real Madrid FC (W),AWAY,36683270,SEL_36683270,13.5,47.64,510.0,0.4,496.5,55.6,0.4,139.0,,0.0,135.9,63.5,False
2026-01-23T22:08:25Z,2026-01-23T17:08:25-05:00,2026-01-24 18:00 UTC,2026-01-24T13:00-05:00,Copa del Rey,1.253100933,35181830,Barcelona (W) v Real Madrid FC (W),HOME,5226501,SEL_5226501,1.09,4.22,1.6,6.35,0.51,1001.2,220.29,4.544918062553907,,0.0,135.9,63.5,False
2026-01-23T22:08:25Z,2026-01-23T17:08:25-05:00,2026-01-24 18:00 UTC,2026-01-24T13:00-05:00,Copa del Rey,1.253100933,35181830,Barcelona (W) v Real Madrid FC (W),DRAW,58805,SEL_58805,2.72,3.74,120.0,0.15,117.28,11.55,0.15,77.00000000000001,,0.0,135.9,63.5,False
2026-01-23T22:08:43Z,2026-01-23T17:08:43-05:00,2026-01-24 18:00 UTC,2026-01-24T13:00-05:00,Copa del Rey,1.253100933,35181830,Barcelona (W) v Real Madrid FC (W),AWAY,36683270,SEL_36683270,13.5,47.64,510.0,0.4,496.5,55.6,0.4,139.0,,0.0,135.9,63.5,False
2026-01-23T22:08:43Z,2026-01-23T17:08:43-05:00,2026-01-24 18:00 UTC,2026-01-24T13:00-05:00,Copa del Rey,1.253100933,35181830,Barcelona (W) v Real Madrid FC (W),HOME,5226501,SEL_5226501,1.09,4.22,1.6,6.35,0.51,1001.2,220.29,4.544918062553907,,0.0,135.9,63.5,False
2026-01-23T22:08:43Z,2026-01-23T17:08:43-05:00,2026-01-24 18:00 UTC,2026-01-24T13:00-05:00,Copa del Rey,1.253100933,35181830,Barcelona (W) v Real Madrid FC (W),DRAW,58805,SEL_58805,2.72,3.74,120.0,0.15,117.28,11.55,0.15,77.00000000000001,,0.0,135.9,63.5,False
2026-01-23T22:08:45Z,2026-01-23T17:08:45-05:00,2026-01-24 18:00 UTC,2026-01-24T13:00-05:00,Copa del Rey,1.253100933,35181830,Barcelona (W) v Real Madrid FC (W),AWAY,36683270,SEL_36683270,13.5,47.64,510.0,0.4,496.5,55.6,0.4,139.0,,0.0,135.9,63.5,False
2026-01-23T22:08:45Z,2026-01-23T17:08:45-05:00,2026-01-24 18:00 UTC,2026-01-24T13:00-05:00,Copa del Rey,1.253100933,35181830,Barcelona (W) v Real Madrid FC (W),HOME,5226501,SEL_5226501,1.09,4.22,1.6,6.35,0.51,1001.2,220.29,4.544918062553907,,0.0,135.9,63.5,False
2026-01-23T22:08:45Z,2026-01-23T17:08:45-05:00,2026-01-24 18:00 UTC,2026-01-24T13:00-05:00,Copa del Rey,1.253100933,35181830,Barcelona (W) v Real Madrid FC (W),DRAW,58805,SEL_58805,2.72,3.74,120.0,0.15,117.28,11.55,0.15,77.00000000000001,,0.0,135.9,63.5,False
2026-01-23T22:09:05Z,2026-01-23T17:09:05-05:00,2026-01-24 18:00 UTC,2026-01-24T13:00-05:00,Copa del Rey,1.253100933,35181830,Barcelona (W) v Real Madrid FC (W),AWAY,36683270,SEL_36683270,13.5,47.64,510.0,0.4,496.5,55.6,0.4,139.0,,0.0,135.9,63.5,False
2026-01-23T22:09:05Z,2026-01-23T17:09:05-05:00,2026-01-24 18:00 UTC,2026-01-24T13:00-05:00,Copa del Rey,1.253100933,35181830,Barcelona (W) v Real Madrid FC (W),HOME,5226501,SEL_5226501,1.09,4.22,1.6,6.35,0.51,1001.2,220.29,4.544918062553907,,0.0,135.9,63.5,False
2026-01-23T22:09:05Z,2026-01-23T17:09:05-05:00,2026-01-24 18:00 UTC,2026-01-24T13:00-05:00,Copa del Rey,1.253100933,35181830,Barcelona (W) v Real Madrid FC (W),DRAW,58805,SEL_58805,2.72,3.74,120.0,0.15,117.28,11.55,0.15,77.00000000000001,,0.0,135.9,63.5,False
2026-01-23T22:09:25Z,2026-01-23T17:09:25-05:00,2026-01-24 18:00 UTC,2026-01-24T13:00-05:00,Copa del Rey,1.253100933,35181830,Barcelona (W) v Real Madrid FC (W),AWAY,36683270,SEL_36683270,13.5,47.64,510.0,0.4,496.5,55.6,0.4,139.0,,0.0,135.9,63.5,False
2026-01-23T22:09:25Z,2026-01-23T17:09:25-05:00,2026-01-24 18:00 UTC,2026-01-24T13:00-05:00,Copa del Rey,1.253100933,35181830,Barcelona (W) v Real Madrid FC (W),HOME,5226501,SEL_5226501,1.09,4.22,1.6,6.35,0.51,1001.2,220.29,4.544918062553907,,0.0,135.9,63.5,False
2026-01-23T22:09:25Z,2026-01-23T17:09:25-05:00,2026-01-24 18:00 UTC,2026-01-24T13:00-05:00,Copa del Rey,1.253100933,35181830,Barcelona (W) v Real Madrid FC (W),DRAW,58805,SEL_58805,2.72,3.74,120.0,0.15,117.28,11.55,0.15,77.00000000000001,,0.0,135.9,63.5,False
2026-01-23T22:09:45Z,2026-01-23T17:09:45-05:00,2026-01-24 18:00 UTC,2026-01-24T13:00-05:00,Copa del Rey,1.253100933,35181830,Barcelona (W) v Real Madrid FC (W),AWAY,36683270,SEL_36683270,13.5,47.64,510.0,0.4,496.5,55.6,0.4,139.0,,0.0,135.9,63.5,False
2026-01-23T22:09:45Z,2026-01-23T17:09:45-05:00,2026-01-24 18:00 UTC,2026-01-24T13:00-05:00,Copa del Rey,1.253100933,35181830,Barcelona (W) v Real Madrid FC (W),HOME,5226501,SEL_5226501,1.09,4.22,1.6,6.35,0.51,1001.2,220.29,4.544918062553907,,0.0,135.9,63.5,False
2026-01-23T22:09:45Z,2026-01-23T17:09:45-05:00,2026-01-24 18:00 UTC,2026-01-24T13:00-05:00,Copa del Rey,1.253100933,35181830,Barcelona (W) v Real Madrid FC (W),DRAW,58805,SEL_58805,2.72,3.74,120.0,0.15,117.28,11.55,0.15,77.00000000000001,,0.0,135.9,63.5,False
2026-01-23T22:10:05Z,2026-01-23T17:10:05-05:00,2026-01-24 18:00 UTC,2026-01-24T13:00-05:00,Copa del Rey,1.253100933,35181830,Barcelona (W) v Real Madrid FC (W),AWAY,36683270,SEL_36683270,13.5,47.64,510.0,0.4,496.5,55.6,0.4,139.0,,0.0,135.9,63.5,False
2026-01-23T22:10:05Z,2026-01-23T17:10:05-05:00,2026-01-24 18:00 UTC,2026-01-24T13:00-05:00,Copa del Rey,1.253100933,35181830,Barcelona (W) v Real Madrid FC (W),HOME,5226501,SEL_5226501,1.09,4.22,1.6,6.35,0.51,1001.2,220.29,4.544918062553907,,0.0,135.9,63.5,False
2026-01-23T22:10:05Z,2026-01-23T17:10:05-05:00,2026-01-24 18:00 UTC,2026-01-24T13:00-05:00,Copa del Rey,1.253100933,35181830,Barcelona (W) v Real Madrid FC (W),DRAW,58805,SEL_58805,2.72,3.74,120.0,0.15,117.28,11.55,0.15,77.00000000000001,,0.0,135.9,63.5,False
2026-01-23T22:10:25Z,2026-01-23T17:10:25-05:00,2026-01-24 18:00 UTC,2026-01-24T13:00-05:00,Copa del Rey,1.253100933,35181830,Barcelona (W) v Real Madrid FC (W),AWAY,36683270,SEL_36683270,13.5,47.64,510.0,0.4,496.5,55.6,0.4,139.0,,0.0,135.9,63.5,False
2026-01-23T22:10:25Z,2026-01-23T17:10:25-05:00,2026-01-24 18:00 UTC,2026-01-24T13:00-05:00,Copa del Rey,1.253100933,35181830,Barcelona (W) v Real Madrid FC (W),HOME,5226501,SEL_5226501,1.09,4.22,1.6,6.35,0.51,1001.2,220.29,4.544918062553907,,0.0,135.9,63.5,False
2026-01-23T22:10:25Z,2026-01-23T17:10:25-05:00,2026-01-24 18:00 UTC,2026-01-24T13:00-05:00,Copa del Rey,1.253100933,35181830,Barcelona (W) v Real Madrid FC (W),DRAW,58805,SEL_58805,2.72,3.74,120.0,0.15,117.28,11.55,0.15,77.00000000000001,,0.0,135.9,63.5,False
2026-01-23T22:10:46Z,2026-01-23T17:10:46-05:00,2026-01-24 18:00 UTC,2026-01-24T13:00-05:00,Copa del Rey,1.253100933,35181830,Barcelona (W) v Real Madrid FC (W),AWAY,36683270,SEL_36683270,13.5,47.64,510.0,0.4,496.5,55.6,0.4,139.0,,0.0,135.9,63.5,False
2026-01-23T22:10:46Z,2026-01-23T17:10:46-05:00,2026-01-24 18:00 UTC,2026-01-24T13:00-05:00,Copa del Rey,1.253100933,35181830,Barcelona (W) v Real Madrid FC (W),HOME,5226501,SEL_5226501,1.09,4.22,1.6,6.35,0.51,1001.2,220.29,4.544918062553907,,0.0,135.9,63.5,False
2026-01-23T22:10:46Z,2026-01-23T17:10:46-05:00,2026-01-24 18:00 UTC,2026-01-24T13:00-05:00,Copa del Rey,1.253100933,35181830,Barcelona (W) v Real Madrid FC (W),DRAW,58805,SEL_58805,2.72,3.74,120.0,0.15,117.28,11.55,0.15,77.00000000000001,,0.0,135.9,63.5,False
2026-01-23T22:11:06Z,2026-01-23T17:11:06-05:00,2026-01-24 18:00 UTC,2026-01-24T13:00-05:00,Copa del Rey,1.253100933,35181830,Barcelona (W) v Real Madrid FC (W),AWAY,36683270,SEL_36683270,13.5,47.64,510.0,0.4,496.5,55.6,0.4,139.0,,0.0,135.9,63.5,False
2026-01-23T22:11:06Z,2026-01-23T17:11:06-05:00,2026-01-24 18:00 UTC,2026-01-24T13:00-05:00,Copa del Rey,1.253100933,35181830,Barcelona (W) v Real Madrid FC (W),HOME,5226501,SEL_5226501,1.09,4.22,1.6,6.35,0.51,1001.2,220.29,4.544918062553907,,0.0,135.9,63.5,False
2026-01-23T22:11:06Z,2026-01-23T17:11:06-05:00,2026-01-24 18:00 UTC,2026-01-24T13:00-05:00,Copa del Rey,1.253100933,35181830,Barcelona (W) v Real Madrid FC (W),DRAW,58805,SEL_58805,2.72,3.74,120.0,0.15,117.28,11.55,0.15,77.00000000000001,,0.0,135.9,63.5,False
2026-01-23T22:11:26Z,2026-01-23T17:11:26-05:00,2026-01-24 18:00 UTC,2026-01-24T13:00-05:00,Copa del Rey,1.253100933,35181830,Barcelona (W) v Real Madrid FC (W),AWAY,36683270,SEL_36683270,13.5,47.64,510.0,0.4,496.5,55.6,0.4,139.0,,0.0,135.9,63.5,False
2026-01-23T22:11:26Z,2026-01-23T17:11:26-05:00,2026-01-24 18:00 UTC,2026-01-24T13:00-05:00,Copa del Rey,1.253100933,35181830,Barcelona (W) v Real Madrid FC (W),HOME,5226501,SEL_5226501,1.09,4.22,1.6,6.35,0.51,1001.2,220.29,4.544918062553907,,0.0,135.9,63.5,False
2026-01-23T22:11:26Z,2026-01-23T17:11:26-05:00,2026-01-24 18:00 UTC,2026-01-24T13:00-05:00,Copa del Rey,1.253100933,35181830,Barcelona (W) v Real Madrid FC (W),DRAW,58805,SEL_58805,2.72,3.74,120.0,0.15,117.28,11.55,0.15,77.00000000000001,,0.0,135.9,63.5,False
2026-01-23T22:11:43Z,2026-01-23T17:11:43-05:00,2026-01-24 18:00 UTC,2026-01-24T13:00-05:00,Copa del Rey,1.253100933,35181830,Barcelona (W) v Real Madrid FC (W),AWAY,36683270,SEL_36683270,13.5,47.64,510.0,0.4,496.5,55.6,0.4,139.0,,0.0,190.8,63.5,False
2026-01-23T22:11:43Z,2026-01-23T17:11:43-05:00,2026-01-24 18:00 UTC,2026-01-24T13:00-05:00,Copa del Rey,1.253100933,35181830,Barcelona (W) v Real Madrid FC (W),HOME,5226501,SEL_5226501,1.09,4.22,1.6,6.35,0.51,1001.2,219.73,4.556501160515178,,0.0,190.8,63.5,False
2026-01-23T22:11:43Z,2026-01-23T17:11:43-05:00,2026-01-24 18:00 UTC,2026-01-24T13:00-05:00,Copa del Rey,1.253100933,35181830,Barcelona (W) v Real Madrid FC (W),DRAW,58805,SEL_58805,1.09,4.57,120.0,0.15,118.91,18.86,0.15,125.73333333333333,,0.0,190.8,63.5,False
2026-01-23T22:11:46Z,2026-01-23T17:11:46-05:00,2026-01-24 18:00 UTC,2026-01-24T13:00-05:00,Copa del Rey,1.253100933,35181830,Barcelona (W) v Real Madrid FC (W),AWAY,36683270,SEL_36683270,13.5,47.64,510.0,0.4,496.5,55.6,0.4,139.0,,0.0,190.8,63.5,False
2026-01-23T22:11:46Z,2026-01-23T17:11:46-05:00,2026-01-24 18:00 UTC,2026-01-24T13:00-05:00,Copa del Rey,1.253100933,35181830,Barcelona (W) v Real Madrid FC (W),HOME,5226501,SEL_5226501,1.09,4.22,1.6,6.35,0.51,1001.2,219.73,4.556501160515178,,0.0,190.8,63.5,False
2026-01-23T22:11:46Z,2026-01-23T17:11:46-05:00,2026-01-24 18:00 UTC,2026-01-24T13:00-05:00,Copa del Rey,1.253100933,35181830,Barcelona (W) v Real Madrid FC (W),DRAW,58805,SEL_58805,1.09,4.57,120.0,0.15,118.91,18.86,0.15,125.73333333333333,,0.0,190.8,63.5,False
2026-01-23T22:12:06Z,2026-01-23T17:12:06-05:00,2026-01-24 18:00 UTC,2026-01-24T13:00-05:00,Copa del Rey,1.253100933,35181830,Barcelona (W) v Real Madrid FC (W),AWAY,36683270,SEL_36683270,13.5,47.64,510.0,0.4,496.5,55.6,0.4,139.0,,0.0,190.8,63.5,False
2026-01-23T22:12:06Z,2026-01-23T17:12:06-05:00,2026-01-24 18:00 UTC,2026-01-24T13:00-05:00,Copa del Rey,1.253100933,35181830,Barcelona (W) v Real Madrid FC (W),HOME,5226501,SEL_5226501,1.09,4.22,1.6,6.35,0.51,1001.2,219.73,4.556501160515178,,0.0,190.8,63.5,False
2026-01-23T22:12:06Z,2026-01-23T17:12:06-05:00,2026-01-24 18:00 UTC,2026-01-24T13:00-05:00,Copa del Rey,1.253100933,35181830,Barcelona (W) v Real Madrid FC (W),DRAW,58805,SEL_58805,1.09,4.57,120.0,0.15,118.91,18.86,0.15,125.73333333333333,,0.0,190.8,63.5,False
2026-01-23T22:12:26Z,2026-01-23T17:12:26-05:00,2026-01-24 18:00 UTC,2026-01-24T13:00-05:00,Copa del Rey,1.253100933,35181830,Barcelona (W) v Real Madrid FC (W),AWAY,36683270,SEL_36683270,13.5,47.64,510.0,0.4,496.5,55.6,0.4,139.0,,0.0,190.8,63.5,False
2026-01-23T22:12:26Z,2026-01-23T17:12:26-05:00,2026-01-24 18:00 UTC,2026-01-24T13:00-05:00,Copa del Rey,1.253100933,35181830,Barcelona (W) v Real Madrid FC (W),HOME,5226501,SEL_5226501,1.09,4.22,1.6,6.35,0.51,1001.2,219.73,4.556501160515178,,0.0,190.8,63.5,False
2026-01-23T22:12:26Z,2026-01-23T17:12:26-05:00,2026-01-24 18:00 UTC,2026-01-24T13:00-05:00,Copa del Rey,1.253100933,35181830,Barcelona (W) v Real Madrid FC (W),DRAW,58805,SEL_58805,1.09,4.57,120.0,0.15,118.91,18.86,0.15,125.73333333333333,,0.0,190.8,63.5,False
2026-01-23T22:12:46Z,2026-01-23T17:12:46-05:00,2026-01-24 18:00 UTC,2026-01-24T13:00-05:00,Copa del Rey,1.253100933,35181830,Barcelona (W) v Real Madrid FC (W),AWAY,36683270,SEL_36683270,13.5,47.64,510.0,0.4,496.5,55.6,0.4,139.0,,0.0,190.8,63.5,False
2026-01-23T22:12:46Z,2026-01-23T17:12:46-05:00,2026-01-24 18:00 UTC,2026-01-24T13:00-05:00,Copa del Rey,1.253100933,35181830,Barcelona (W) v Real Madrid FC (W),HOME,5226501,SEL_5226501,1.09,4.22,1.6,6.35,0.51,1001.2,219.73,4.556501160515178,,0.0,190.8,63.5,False
2026-01-23T22:12:46Z,2026-01-23T17:12:46-05:00,2026-01-24 18:00 UTC,2026-01-24T13:00-05:00,Copa del Rey,1.253100933,35181830,Barcelona (W) v Real Madrid FC (W),DRAW,58805,SEL_58805,1.09,4.57,120.0,0.15,118.91,18.86,0.15,125.73333333333333,,0.0,190.8,63.5,False
2026-01-23T22:13:06Z,2026-01-23T17:13:06-05:00,2026-01-24 18:00 UTC,2026-01-24T13:00-05:00,Copa del Rey,1.253100933,35181830,Barcelona (W) v Real Madrid FC (W),AWAY,36683270,SEL_36683270,13.5,47.64,510.0,0.4,496.5,55.6,0.4,139.0,,0.0,190.8,63.5,False
2026-01-23T22:13:06Z,2026-01-23T17:13:06-05:00,2026-01-24 18:00 UTC,2026-01-24T13:00-05:00,Copa del Rey,1.253100933,35181830,Barcelona (W) v Real Madrid FC (W),HOME,5226501,SEL_5226501,1.09,4.22,1.6,6.35,0.51,1001.2,219.73,4.556501160515178,,0.0,190.8,63.5,False
2026-01-23T22:13:06Z,2026-01-23T17:13:06-05:00,2026-01-24 18:00 UTC,2026-01-24T13:00-05:00,Copa del Rey,1.253100933,35181830,Barcelona (W) v Real Madrid FC (W),DRAW,58805,SEL_58805,1.09,4.57,120.0,0.15,118.91,18.86,0.15,125.73333333333333,,0.0,190.8,63.5,False
2026-01-23T22:13:26Z,2026-01-23T17:13:26-05:00,2026-01-24 18:00 UTC,2026-01-24T13:00-05:00,Copa del Rey,1.253100933,35181830,Barcelona (W) v Real Madrid FC (W),AWAY,36683270,SEL_36683270,13.5,47.64,510.0,0.4,496.5,55.6,0.4,139.0,,0.0,190.8,63.5,False
2026-01-23T22:13:26Z,2026-01-23T17:13:26-05:00,2026-01-24 18:00 UTC,2026-01-24T13:00-05:00,Copa del Rey,1.253100933,35181830,Barcelona (W) v Real Madrid FC (W),HOME,5226501,SEL_5226501,1.09,4.22,1.6,6.35,0.51,1001.2,219.73,4.556501160515178,,0.0,190.8,63.5,False
2026-01-23T22:13:26Z,2026-01-23T17:13:26-05:00,2026-01-24 18:00 UTC,2026-01-24T13:00-05:00,Copa del Rey,1.253100933,35181830,Barcelona (W) v Real Madrid FC (W),DRAW,58805,SEL_58805,1.09,4.57,120.0,0.15,118.91,18.86,0.15,125.73333333333333,,0.0,190.8,63.5,False
2026-01-23T22:13:46Z,2026-01-23T17:13:46-05:00,2026-01-24 18:00 UTC,2026-01-24T13:00-05:00,Copa del Rey,1.253100933,35181830,Barcelona (W) v Real Madrid FC (W),AWAY,36683270,SEL_36683270,13.5,47.64,510.0,0.4,496.5,55.6,0.4,139.0,,0.0,190.8,63.5,False
2026-01-23T22:13:46Z,2026-01-23T17:13:46-05:00,2026-01-24 18:00 UTC,2026-01-24T13:00-05:00,Copa del Rey,1.253100933,35181830,Barcelona (W) v Real Madrid FC (W),HOME,5226501,SEL_5226501,1.09,4.22,1.6,6.35,0.51,1001.2,219.73,4.556501160515178,,0.0,190.8,63.5,False
2026-01-23T22:13:46Z,2026-01-23T17:13:46-05:00,2026-01-24 18:00 UTC,2026-01-24T13:00-05:00,Copa del Rey,1.253100933,35181830,Barcelona (W) v Real Madrid FC (W),DRAW,58805,SEL_58805,1.09,4.57,120.0,0.15,118.91,18.86,0.15,125.73333333333333,,0.0,190.8,63.5,False
2026-01-23T22:14:06Z,2026-01-23T17:14:06-05:00,2026-01-24 18:00 UTC,2026-01-24T13:00-05:00,Copa del Rey,1.253100933,35181830,Barcelona (W) v Real Madrid FC (W),AWAY,36683270,SEL_36683270,13.5,47.64,510.0,0.4,496.5,55.6,0.4,139.0,,0.0,190.8,63.5,False
2026-01-23T22:14:06Z,2026-01-23T17:14:06-05:00,2026-01-24 18:00 UTC,2026-01-24T13:00-05:00,Copa del Rey,1.253100933,35181830,Barcelona (W) v Real Madrid FC (W),HOME,5226501,SEL_5226501,1.09,4.22,1.6,6.35,0.51,1001.2,219.73,4.556501160515178,,0.0,190.8,63.5,False
2026-01-23T22:14:06Z,2026-01-23T17:14:06-05:00,2026-01-24 18:00 UTC,2026-01-24T13:00-05:00,Copa del Rey,1.253100933,35181830,Barcelona (W) v Real Madrid FC (W),DRAW,58805,SEL_58805,1.09,4.57,120.0,0.15,118.91,18.86,0.15,125.73333333333333,,0.0,190.8,63.5,False
2026-01-23T22:14:26Z,2026-01-23T17:14:26-05:00,2026-01-24 18:00 UTC,2026-01-24T13:00-05:00,Copa del Rey,1.253100933,35181830,Barcelona (W) v Real Madrid FC (W),AWAY,36683270,SEL_36683270,13.5,47.64,510.0,0.4,496.5,55.6,0.4,139.0,,0.0,190.8,63.5,False
2026-01-23T22:14:26Z,2026-01-23T17:14:26-05:00,2026-01-24 18:00 UTC,2026-01-24T13:00-05:00,Copa del Rey,1.253100933,35181830,Barcelona (W) v Real Madrid FC (W),HOME,5226501,SEL_5226501,1.09,4.22,1.6,6.35,0.51,1001.2,219.73,4.556501160515178,,0.0,190.8,63.5,False
2026-01-23T22:14:26Z,2026-01-23T17:14:26-05:00,2026-01-24 18:00 UTC,2026-01-24T13:00-05:00,Copa del Rey,1.253100933,35181830,Barcelona (W) v Real Madrid FC (W),DRAW,58805,SEL_58805,1.09,4.57,120.0,0.15,118.91,18.86,0.15,125.73333333333333,,0.0,190.8,63.5,False
2026-01-23T22:14:43Z,2026-01-23T17:14:43-05:00,2026-01-24 18:00 UTC,2026-01-24T13:00-05:00,Copa del Rey,1.253100933,35181830,Barcelona (W) v Real Madrid FC (W),AWAY,36683270,SEL_36683270,13.5,47.64,510.0,0.4,496.5,55.6,0.4,139.0,,0.0,190.8,63.5,False
2026-01-23T22:14:43Z,2026-01-23T17:14:43-05:00,2026-01-24 18:00 UTC,2026-01-24T13:00-05:00,Copa del Rey,1.253100933,35181830,Barcelona (W) v Real Madrid FC (W),HOME,5226501,SEL_5226501,1.09,4.22,1.6,6.35,0.51,1001.2,219.73,4.556501160515178,,0.0,190.8,63.5,False
2026-01-23T22:14:43Z,2026-01-23T17:14:43-05:00,2026-01-24 18:00 UTC,2026-01-24T13:00-05:00,Copa del Rey,1.253100933,35181830,Barcelona (W) v Real Madrid FC (W),DRAW,58805,SEL_58805,1.09,4.57,120.0,0.15,118.91,18.86,0.15,125.73333333333333,,0.0,190.8,63.5,False
2026-01-23T22:14:46Z,2026-01-23T17:14:46-05:00,2026-01-24 18:00 UTC,2026-01-24T13:00-05:00,Copa del Rey,1.253100933,35181830,Barcelona (W) v Real Madrid FC (W),AWAY,36683270,SEL_36683270,13.5,47.64,510.0,0.4,496.5,55.6,0.4,139.0,,0.0,190.8,63.5,False
2026-01-23T22:14:46Z,2026-01-23T17:14:46-05:00,2026-01-24 18:00 UTC,2026-01-24T13:00-05:00,Copa del Rey,1.253100933,35181830,Barcelona (W) v Real Madrid FC (W),HOME,5226501,SEL_5226501,1.09,4.22,1.6,6.35,0.51,1001.2,219.73,4.556501160515178,,0.0,190.8,63.5,False
2026-01-23T22:14:46Z,2026-01-23T17:14:46-05:00,2026-01-24 18:00 UTC,2026-01-24T13:00-05:00,Copa del Rey,1.253100933,35181830,Barcelona (W) v Real Madrid FC (W),DRAW,58805,SEL_58805,1.09,4.57,120.0,0.15,118.91,18.86,0.15,125.73333333333333,,0.0,190.8,63.5,False
2026-01-23T22:15:00Z,2026-01-23T17:15:00-05:00,2026-01-24 18:00 UTC,2026-01-24T13:00-05:00,Copa del Rey,1.253100933,35181830,Barcelona (W) v Real Madrid FC (W),AWAY,36683270,SEL_36683270,13.5,47.65,510.0,0.41,496.5,55.61,0.41,135.63414634146343,,0.0,190.8,63.5,False
2026-01-23T22:15:00Z,2026-01-23T17:15:00-05:00,2026-01-24 18:00 UTC,2026-01-24T13:00-05:00,Copa del Rey,1.253100933,35181830,Barcelona (W) v Real Madrid FC (W),HOME,5226501,SEL_5226501,1.09,4.22,1.6,6.35,0.51,1001.58,219.81,4.556571584550293,,0.0,190.8,63.5,False
2026-01-23T22:15:00Z,2026-01-23T17:15:00-05:00,2026-01-24 18:00 UTC,2026-01-24T13:00-05:00,Copa del Rey,1.253100933,35181830,Barcelona (W) v Real Madrid FC (W),DRAW,58805,SEL_58805,1.09,4.57,120.0,0.15,118.91,18.86,0.15,125.73333333333333,,0.0,190.8,63.5,False
2026-01-23T22:15:06Z,2026-01-23T17:15:06-05:00,2026-01-24 18:00 UTC,2026-01-24T13:00-05:00,Copa del Rey,1.253100933,35181830,Barcelona (W) v Real Madrid FC (W),AWAY,36683270,SEL_36683270,13.5,47.65,510.0,0.41,496.5,55.61,0.41,135.63414634146343,,0.0,190.8,63.5,False
2026-01-23T22:15:06Z,2026-01-23T17:15:06-05:00,2026-01-24 18:00 UTC,2026-01-24T13:00-05:00,Copa del Rey,1.253100933,35181830,Barcelona (W) v Real Madrid FC (W),HOME,5226501,SEL_5226501,1.09,4.22,1.6,6.35,0.51,1001.58,219.81,4.556571584550293,,0.0,190.8,63.5,False
2026-01-23T22:15:06Z,2026-01-23T17:15:06-05:00,2026-01-24 18:00 UTC,2026-01-24T13:00-05:00,Copa del Rey,1.253100933,35181830,Barcelona (W) v Real Madrid FC (W),DRAW,58805,SEL_58805,1.09,4.57,120.0,0.15,118.91,18.86,0.15,125.73333333333333,,0.0,190.8,63.5,False
2026-01-23T22:15:26Z,2026-01-23T17:15:26-05:00,2026-01-24 18:00 UTC,2026-01-24T13:00-05:00,Copa del Rey,1.253100933,35181830,Barcelona (W) v Real Madrid FC (W),AWAY,36683270,SEL_36683270,13.5,47.65,510.0,0.41,496.5,55.61,0.41,135.63414634146343,,0.0,190.8,63.5,False
2026-01-23T22:15:26Z,2026-01-23T17:15:26-05:00,2026-01-24 18:00 UTC,2026-01-24T13:00-05:00,Copa del Rey,1.253100933,35181830,Barcelona (W) v Real Madrid FC (W),HOME,5226501,SEL_5226501,1.09,4.22,1.6,6.35,0.51,1001.58,219.81,4.556571584550293,,0.0,190.8,63.5,False
2026-01-23T22:15:26Z,2026-01-23T17:15:26-05:00,2026-01-24 18:00 UTC,2026-01-24T13:00-05:00,Copa del Rey,1.253100933,35181830,Barcelona (W) v Real Madrid FC (W),DRAW,58805,SEL_58805,1.09,4.57,120.0,0.15,118.91,18.86,0.15,125.73333333333333,,0.0,190.8,63.5,False
2026-01-23T22:15:46Z,2026-01-23T17:15:46-05:00,2026-01-24 18:00 UTC,2026-01-24T13:00-05:00,Copa del Rey,1.253100933,35181830,Barcelona (W) v Real Madrid FC (W),AWAY,36683270,SEL_36683270,13.5,47.65,510.0,0.41,496.5,55.61,0.41,135.63414634146343,,0.0,190.8,63.5,False
2026-01-23T22:15:46Z,2026-01-23T17:15:46-05:00,2026-01-24 18:00 UTC,2026-01-24T13:00-05:00,Copa del Rey,1.253100933,35181830,Barcelona (W) v Real Madrid FC (W),HOME,5226501,SEL_5226501,1.09,4.22,1.6,6.35,0.51,1001.58,219.81,4.556571584550293,,0.0,190.8,63.5,False
2026-01-23T22:15:46Z,2026-01-23T17:15:46-05:00,2026-01-24 18:00 UTC,2026-01-24T13:00-05:00,Copa del Rey,1.253100933,35181830,Barcelona (W) v Real Madrid FC (W),DRAW,58805,SEL_58805,1.09,4.57,120.0,0.15,118.91,18.86,0.15,125.73333333333333,,0.0,190.8,63.5,False
2026-01-23T22:16:06Z,2026-01-23T17:16:06-05:00,2026-01-24 18:00 UTC,2026-01-24T13:00-05:00,Copa del Rey,1.253100933,35181830,Barcelona (W) v Real Madrid FC (W),AWAY,36683270,SEL_36683270,13.5,47.65,510.0,0.41,496.5,55.61,0.41,135.63414634146343,,0.0,190.8,63.5,False
2026-01-23T22:16:06Z,2026-01-23T17:16:06-05:00,2026-01-24 18:00 UTC,2026-01-24T13:00-05:00,Copa del Rey,1.253100933,35181830,Barcelona (W) v Real Madrid FC (W),HOME,5226501,SEL_5226501,1.09,4.22,1.6,6.35,0.51,1001.58,219.81,4.556571584550293,,0.0,190.8,63.5,False
2026-01-23T22:16:06Z,2026-01-23T17:16:06-05:00,2026-01-24 18:00 UTC,2026-01-24T13:00-05:00,Copa del Rey,1.253100933,35181830,Barcelona (W) v Real Madrid FC (W),DRAW,58805,SEL_58805,1.09,4.57,120.0,0.15,118.91,18.86,0.15,125.73333333333333,,0.0,190.8,63.5,False
2026-01-23T22:16:26Z,2026-01-23T17:16:26-05:00,2026-01-24 18:00 UTC,2026-01-24T13:00-05:00,Copa del Rey,1.253100933,35181830,Barcelona (W) v Real Madrid FC (W),AWAY,36683270,SEL_36683270,13.5,47.65,510.0,0.41,496.5,55.61,0.41,135.63414634146343,,0.0,190.8,63.5,False
2026-01-23T22:16:26Z,2026-01-23T17:16:26-05:00,2026-01-24 18:00 UTC,2026-01-24T13:00-05:00,Copa del Rey,1.253100933,35181830,Barcelona (W) v Real Madrid FC (W),HOME,5226501,SEL_5226501,1.09,4.22,1.6,6.35,0.51,1001.58,219.81,4.556571584550293,,0.0,190.8,63.5,False
2026-01-23T22:16:26Z,2026-01-23T17:16:26-05:00,2026-01-24 18:00 UTC,2026-01-24T13:00-05:00,Copa del Rey,1.253100933,35181830,Barcelona (W) v Real Madrid FC (W),DRAW,58805,SEL_58805,1.09,4.57,120.0,0.15,118.91,18.86,0.15,125.73333333333333,,0.0,190.8,63.5,False
2026-01-23T22:16:35Z,2026-01-23T17:16:35-05:00,2026-01-24 18:00 UTC,2026-01-24T13:00-05:00,Copa del Rey,1.253100933,35181830,Barcelona (W) v Real Madrid FC (W),AWAY,36683270,SEL_36683270,13.5,47.65,510.0,0.41,496.5,55.61,0.41,135.63414634146343,,0.0,190.8,63.5,False
2026-01-23T22:16:35Z,2026-01-23T17:16:35-05:00,2026-01-24 18:00 UTC,2026-01-24T13:00-05:00,Copa del Rey,1.253100933,35181830,Barcelona (W) v Real Madrid FC (W),HOME,5226501,SEL_5226501,1.09,4.22,1.6,6.35,0.51,1001.58,219.81,4.556571584550293,,0.0,190.8,63.5,False
2026-01-23T22:16:35Z,2026-01-23T17:16:35-05:00,2026-01-24 18:00 UTC,2026-01-24T13:00-05:00,Copa del Rey,1.253100933,35181830,Barcelona (W) v Real Madrid FC (W),DRAW,58805,SEL_58805,1.09,4.57,120.0,0.15,118.91,18.86,0.15,125.73333333333333,,0.0,190.8,63.5,False
2026-01-23T22:16:46Z,2026-01-23T17:16:46-05:00,2026-01-24 18:00 UTC,2026-01-24T13:00-05:00,Copa del Rey,1.253100933,35181830,Barcelona (W) v Real Madrid FC (W),AWAY,36683270,SEL_36683270,13.5,47.65,510.0,0.41,496.5,55.61,0.41,135.63414634146343,,0.0,190.8,63.5,False
2026-01-23T22:16:46Z,2026-01-23T17:16:46-05:00,2026-01-24 18:00 UTC,2026-01-24T13:00-05:00,Copa del Rey,1.253100933,35181830,Barcelona (W) v Real Madrid FC (W),HOME,5226501,SEL_5226501,1.09,4.22,1.6,6.35,0.51,1001.58,219.81,4.556571584550293,,0.0,190.8,63.5,False
2026-01-23T22:16:46Z,2026-01-23T17:16:46-05:00,2026-01-24 18:00 UTC,2026-01-24T13:00-05:00,Copa del Rey,1.253100933,35181830,Barcelona (W) v Real Madrid FC (W),DRAW,58805,SEL_58805,1.09,4.57,120.0,0.15,118.91,18.86,0.15,125.73333333333333,,0.0,190.8,63.5,False
2026-01-23T22:17:06Z,2026-01-23T17:17:06-05:00,2026-01-24 18:00 UTC,2026-01-24T13:00-05:00,Copa del Rey,1.253100933,35181830,Barcelona (W) v Real Madrid FC (W),AWAY,36683270,SEL_36683270,13.5,47.65,510.0,0.41,496.5,55.61,0.41,135.63414634146343,,0.0,190.8,63.5,False
2026-01-23T22:17:06Z,2026-01-23T17:17:06-05:00,2026-01-24 18:00 UTC,2026-01-24T13:00-05:00,Copa del Rey,1.253100933,35181830,Barcelona (W) v Real Madrid FC (W),HOME,5226501,SEL_5226501,1.09,4.22,1.6,6.35,0.51,1001.58,219.81,4.556571584550293,,0.0,190.8,63.5,False
2026-01-23T22:17:06Z,2026-01-23T17:17:06-05:00,2026-01-24 18:00 UTC,2026-01-24T13:00-05:00,Copa del Rey,1.253100933,35181830,Barcelona (W) v Real Madrid FC (W),DRAW,58805,SEL_58805,1.09,4.57,120.0,0.15,118.91,18.86,0.15,125.73333333333333,,0.0,190.8,63.5,False
2026-01-23T22:17:26Z,2026-01-23T17:17:26-05:00,2026-01-24 18:00 UTC,2026-01-24T13:00-05:00,Copa del Rey,1.253100933,35181830,Barcelona (W) v Real Madrid FC (W),AWAY,36683270,SEL_36683270,13.5,47.65,510.0,0.41,496.5,55.61,0.41,135.63414634146343,,0.0,190.8,63.5,False
2026-01-23T22:17:26Z,2026-01-23T17:17:26-05:00,2026-01-24 18:00 UTC,2026-01-24T13:00-05:00,Copa del Rey,1.253100933,35181830,Barcelona (W) v Real Madrid FC (W),HOME,5226501,SEL_5226501,1.09,4.22,1.6,6.35,0.51,1001.58,219.81,4.556571584550293,,0.0,190.8,63.5,False
2026-01-23T22:17:26Z,2026-01-23T17:17:26-05:00,2026-01-24 18:00 UTC,2026-01-24T13:00-05:00,Copa del Rey,1.253100933,35181830,Barcelona (W) v Real Madrid FC (W),DRAW,58805,SEL_58805,1.09,4.57,120.0,0.15,118.91,18.86,0.15,125.73333333333333,,0.0,190.8,63.5,False
2026-01-23T22:17:46Z,2026-01-23T17:17:46-05:00,2026-01-24 18:00 UTC,2026-01-24T13:00-05:00,Copa del Rey,1.253100933,35181830,Barcelona (W) v Real Madrid FC (W),AWAY,36683270,SEL_36683270,13.5,47.65,510.0,0.41,496.5,55.61,0.41,135.63414634146343,,0.0,190.8,63.5,False
2026-01-23T22:17:46Z,2026-01-23T17:17:46-05:00,2026-01-24 18:00 UTC,2026-01-24T13:00-05:00,Copa del Rey,1.253100933,35181830,Barcelona (W) v Real Madrid FC (W),HOME,5226501,SEL_5226501,1.09,4.22,1.6,6.35,0.51,1001.58,219.81,4.556571584550293,,0.0,190.8,63.5,False
2026-01-23T22:17:46Z,2026-01-23T17:17:46-05:00,2026-01-24 18:00 UTC,2026-01-24T13:00-05:00,Copa del Rey,1.253100933,35181830,Barcelona (W) v Real Madrid FC (W),DRAW,58805,SEL_58805,1.09,4.57,120.0,0.15,118.91,18.86,0.15,125.73333333333333,,0.0,190.8,63.5,False
2026-01-23T22:18:06Z,2026-01-23T17:18:06-05:00,2026-01-24 18:00 UTC,2026-01-24T13:00-05:00,Copa del Rey,1.253100933,35181830,Barcelona (W) v Real Madrid FC (W),AWAY,36683270,SEL_36683270,13.5,47.65,510.0,0.41,496.5,55.61,0.41,135.63414634146343,,0.0,190.8,63.5,False
2026-01-23T22:18:06Z,2026-01-23T17:18:06-05:00,2026-01-24 18:00 UTC,2026-01-24T13:00-05:00,Copa del Rey,1.253100933,35181830,Barcelona (W) v Real Madrid FC (W),HOME,5226501,SEL_5226501,1.09,4.22,1.6,6.35,0.51,1001.58,219.81,4.556571584550293,,0.0,190.8,63.5,False
2026-01-23T22:18:06Z,2026-01-23T17:18:06-05:00,2026-01-24 18:00 UTC,2026-01-24T13:00-05:00,Copa del Rey,1.253100933,35181830,Barcelona (W) v Real Madrid FC (W),DRAW,58805,SEL_58805,1.09,4.57,120.0,0.15,118.91,18.86,0.15,125.73333333333333,,0.0,190.8,63.5,False
2026-01-23T22:18:26Z,2026-01-23T17:18:26-05:00,2026-01-24 18:00 UTC,2026-01-24T13:00-05:00,Copa del Rey,1.253100933,35181830,Barcelona (W) v Real Madrid FC (W),AWAY,36683270,SEL_36683270,13.5,47.65,510.0,0.41,496.5,55.61,0.41,135.63414634146343,,0.0,190.8,63.5,False
2026-01-23T22:18:26Z,2026-01-23T17:18:26-05:00,2026-01-24 18:00 UTC,2026-01-24T13:00-05:00,Copa del Rey,1.253100933,35181830,Barcelona (W) v Real Madrid FC (W),HOME,5226501,SEL_5226501,1.09,4.22,1.6,6.35,0.51,1001.58,219.81,4.556571584550293,,0.0,190.8,63.5,False
2026-01-23T22:18:26Z,2026-01-23T17:18:26-05:00,2026-01-24 18:00 UTC,2026-01-24T13:00-05:00,Copa del Rey,1.253100933,35181830,Barcelona (W) v Real Madrid FC (W),DRAW,58805,SEL_58805,1.09,4.57,120.0,0.15,118.91,18.86,0.15,125.73333333333333,,0.0,190.8,63.5,False
2026-01-23T22:18:46Z,2026-01-23T17:18:46-05:00,2026-01-24 18:00 UTC,2026-01-24T13:00-05:00,Copa del Rey,1.253100933,35181830,Barcelona (W) v Real Madrid FC (W),AWAY,36683270,SEL_36683270,13.5,47.65,510.0,0.41,496.5,55.61,0.41,135.63414634146343,,0.0,190.8,63.5,False
2026-01-23T22:18:46Z,2026-01-23T17:18:46-05:00,2026-01-24 18:00 UTC,2026-01-24T13:00-05:00,Copa del Rey,1.253100933,35181830,Barcelona (W) v Real Madrid FC (W),HOME,5226501,SEL_5226501,1.09,4.22,1.6,6.35,0.51,1001.58,219.81,4.556571584550293,,0.0,190.8,63.5,False
2026-01-23T22:18:46Z,2026-01-23T17:18:46-05:00,2026-01-24 18:00 UTC,2026-01-24T13:00-05:00,Copa del Rey,1.253100933,35181830,Barcelona (W) v Real Madrid FC (W),DRAW,58805,SEL_58805,1.09,4.57,120.0,0.15,118.91,18.86,0.15,125.73333333333333,,0.0,190.8,63.5,False
2026-01-23T22:19:06Z,2026-01-23T17:19:06-05:00,2026-01-24 18:00 UTC,2026-01-24T13:00-05:00,Copa del Rey,1.253100933,35181830,Barcelona (W) v Real Madrid FC (W),AWAY,36683270,SEL_36683270,13.5,47.65,510.0,0.41,496.5,55.61,0.41,135.63414634146343,,0.0,190.8,63.5,False
2026-01-23T22:19:06Z,2026-01-23T17:19:06-05:00,2026-01-24 18:00 UTC,2026-01-24T13:00-05:00,Copa del Rey,1.253100933,35181830,Barcelona (W) v Real Madrid FC (W),HOME,5226501,SEL_5226501,1.09,4.22,1.6,6.35,0.51,1001.58,219.81,4.556571584550293,,0.0,190.8,63.5,False
2026-01-23T22:19:06Z,2026-01-23T17:19:06-05:00,2026-01-24 18:00 UTC,2026-01-24T13:00-05:00,Copa del Rey,1.253100933,35181830,Barcelona (W) v Real Madrid FC (W),DRAW,58805,SEL_58805,1.09,4.57,120.0,0.15,118.91,18.86,0.15,125.73333333333333,,0.0,190.8,63.5,False
2026-01-23T22:19:27Z,2026-01-23T17:19:27-05:00,2026-01-24 18:00 UTC,2026-01-24T13:00-05:00,Copa del Rey,1.253100933,35181830,Barcelona (W) v Real Madrid FC (W),AWAY,36683270,SEL_36683270,13.5,47.65,510.0,0.41,496.5,55.61,0.41,135.63414634146343,,0.0,190.8,63.5,False
2026-01-23T22:19:27Z,2026-01-23T17:19:27-05:00,2026-01-24 18:00 UTC,2026-01-24T13:00-05:00,Copa del Rey,1.253100933,35181830,Barcelona (W) v Real Madrid FC (W),HOME,5226501,SEL_5226501,1.09,4.22,1.6,6.35,0.51,1001.58,219.81,4.556571584550293,,0.0,190.8,63.5,False
2026-01-23T22:19:27Z,2026-01-23T17:19:27-05:00,2026-01-24 18:00 UTC,2026-01-24T13:00-05:00,Copa del Rey,1.253100933,35181830,Barcelona (W) v Real Madrid FC (W),DRAW,58805,SEL_58805,1.09,4.57,120.0,0.15,118.91,18.86,0.15,125.73333333333333,,0.0,190.8,63.5,False
2026-01-23T22:19:35Z,2026-01-23T17:19:35-05:00,2026-01-24 18:00 UTC,2026-01-24T13:00-05:00,Copa del Rey,1.253100933,35181830,Barcelona (W) v Real Madrid FC (W),AWAY,36683270,SEL_36683270,13.5,47.65,510.0,0.41,496.5,55.61,0.41,135.63414634146343,,0.0,190.8,63.5,False
2026-01-23T22:19:35Z,2026-01-23T17:19:35-05:00,2026-01-24 18:00 UTC,2026-01-24T13:00-05:00,Copa del Rey,1.253100933,35181830,Barcelona (W) v Real Madrid FC (W),HOME,5226501,SEL_5226501,1.09,4.22,1.6,6.35,0.51,1001.58,219.81,4.556571584550293,,0.0,190.8,63.5,False
2026-01-23T22:19:35Z,2026-01-23T17:19:35-05:00,2026-01-24 18:00 UTC,2026-01-24T13:00-05:00,Copa del Rey,1.253100933,35181830,Barcelona (W) v Real Madrid FC (W),DRAW,58805,SEL_58805,1.09,4.57,120.0,0.15,118.91,18.86,0.15,125.73333333333333,,0.0,190.8,63.5,False
2026-01-23T22:19:47Z,2026-01-23T17:19:47-05:00,2026-01-24 18:00 UTC,2026-01-24T13:00-05:00,Copa del Rey,1.253100933,35181830,Barcelona (W) v Real Madrid FC (W),AWAY,36683270,SEL_36683270,13.5,47.65,510.0,0.41,496.5,55.61,0.41,135.63414634146343,,0.0,190.8,63.5,False
2026-01-23T22:19:47Z,2026-01-23T17:19:47-05:00,2026-01-24 18:00 UTC,2026-01-24T13:00-05:00,Copa del Rey,1.253100933,35181830,Barcelona (W) v Real Madrid FC (W),HOME,5226501,SEL_5226501,1.09,4.22,1.6,6.35,0.51,1001.58,219.81,4.556571584550293,,0.0,190.8,63.5,False
2026-01-23T22:19:47Z,2026-01-23T17:19:47-05:00,2026-01-24 18:00 UTC,2026-01-24T13:00-05:00,Copa del Rey,1.253100933,35181830,Barcelona (W) v Real Madrid FC (W),DRAW,58805,SEL_58805,1.09,4.57,120.0,0.15,118.91,18.86,0.15,125.73333333333333,,0.0,190.8,63.5,False
2026-01-23T22:20:07Z,2026-01-23T17:20:07-05:00,2026-01-24 18:00 UTC,2026-01-24T13:00-05:00,Copa del Rey,1.253100933,35181830,Barcelona (W) v Real Madrid FC (W),AWAY,36683270,SEL_36683270,13.5,47.65,510.0,0.41,496.5,55.61,0.41,135.63414634146343,,0.0,190.8,63.5,False
2026-01-23T22:20:07Z,2026-01-23T17:20:07-05:00,2026-01-24 18:00 UTC,2026-01-24T13:00-05:00,Copa del Rey,1.253100933,35181830,Barcelona (W) v Real Madrid FC (W),HOME,5226501,SEL_5226501,1.09,4.22,1.6,6.35,0.51,1001.58,219.81,4.556571584550293,,0.0,190.8,63.5,False
2026-01-23T22:20:07Z,2026-01-23T17:20:07-05:00,2026-01-24 18:00 UTC,2026-01-24T13:00-05:00,Copa del Rey,1.253100933,35181830,Barcelona (W) v Real Madrid FC (W),DRAW,58805,SEL_58805,1.09,4.57,120.0,0.15,118.91,18.86,0.15,125.73333333333333,,0.0,190.8,63.5,False
2026-01-23T22:20:27Z,2026-01-23T17:20:27-05:00,2026-01-24 18:00 UTC,2026-01-24T13:00-05:00,Copa del Rey,1.253100933,35181830,Barcelona (W) v Real Madrid FC (W),AWAY,36683270,SEL_36683270,13.5,47.65,510.0,0.41,496.5,55.61,0.41,135.63414634146343,,0.0,190.8,63.5,False
2026-01-23T22:20:27Z,2026-01-23T17:20:27-05:00,2026-01-24 18:00 UTC,2026-01-24T13:00-05:00,Copa del Rey,1.253100933,35181830,Barcelona (W) v Real Madrid FC (W),HOME,5226501,SEL_5226501,1.09,4.22,1.6,6.35,0.51,1001.58,219.81,4.556571584550293,,0.0,190.8,63.5,False
2026-01-23T22:20:27Z,2026-01-23T17:20:27-05:00,2026-01-24 18:00 UTC,2026-01-24T13:00-05:00,Copa del Rey,1.253100933,35181830,Barcelona (W) v Real Madrid FC (W),DRAW,58805,SEL_58805,1.09,4.57,120.0,0.15,118.91,18.86,0.15,125.73333333333333,,0.0,190.8,63.5,False
2026-01-23T22:20:47Z,2026-01-23T17:20:47-05:00,2026-01-24 18:00 UTC,2026-01-24T13:00-05:00,Copa del Rey,1.253100933,35181830,Barcelona (W) v Real Madrid FC (W),AWAY,36683270,SEL_36683270,13.5,47.65,510.0,0.41,496.5,55.61,0.41,135.63414634146343,,0.0,190.8,63.5,False
2026-01-23T22:20:47Z,2026-01-23T17:20:47-05:00,2026-01-24 18:00 UTC,2026-01-24T13:00-05:00,Copa del Rey,1.253100933,35181830,Barcelona (W) v Real Madrid FC (W),HOME,5226501,SEL_5226501,1.09,4.22,1.6,6.35,0.51,1001.58,219.81,4.556571584550293,,0.0,190.8,63.5,False
2026-01-23T22:20:47Z,2026-01-23T17:20:47-05:00,2026-01-24 18:00 UTC,2026-01-24T13:00-05:00,Copa del Rey,1.253100933,35181830,Barcelona (W) v Real Madrid FC (W),DRAW,58805,SEL_58805,1.09,4.57,120.0,0.15,118.91,18.86,0.15,125.73333333333333,,0.0,190.8,63.5,False
2026-01-23T22:21:07Z,2026-01-23T17:21:07-05:00,2026-01-24 18:00 UTC,2026-01-24T13:00-05:00,Copa del Rey,1.253100933,35181830,Barcelona (W) v Real Madrid FC (W),AWAY,36683270,SEL_36683270,13.5,47.65,510.0,0.41,496.5,55.61,0.41,135.63414634146343,,0.0,190.8,63.5,False
2026-01-23T22:21:07Z,2026-01-23T17:21:07-05:00,2026-01-24 18:00 UTC,2026-01-24T13:00-05:00,Copa del Rey,1.253100933,35181830,Barcelona (W) v Real Madrid FC (W),HOME,5226501,SEL_5226501,1.09,4.22,1.6,6.35,0.51,1001.58,219.81,4.556571584550293,,0.0,190.8,63.5,False
2026-01-23T22:21:07Z,2026-01-23T17:21:07-05:00,2026-01-24 18:00 UTC,2026-01-24T13:00-05:00,Copa del Rey,1.253100933,35181830,Barcelona (W) v Real Madrid FC (W),DRAW,58805,SEL_58805,1.09,4.57,120.0,0.15,118.91,18.86,0.15,125.73333333333333,,0.0,190.8,63.5,False
2026-01-23T22:21:27Z,2026-01-23T17:21:27-05:00,2026-01-24 18:00 UTC,2026-01-24T13:00-05:00,Copa del Rey,1.253100933,35181830,Barcelona (W) v Real Madrid FC (W),AWAY,36683270,SEL_36683270,13.5,47.65,510.0,0.41,496.5,55.61,0.41,135.63414634146343,,0.0,190.8,63.5,False
2026-01-23T22:21:27Z,2026-01-23T17:21:27-05:00,2026-01-24 18:00 UTC,2026-01-24T13:00-05:00,Copa del Rey,1.253100933,35181830,Barcelona (W) v Real Madrid FC (W),HOME,5226501,SEL_5226501,1.09,4.22,1.6,6.35,0.51,1001.58,219.81,4.556571584550293,,0.0,190.8,63.5,False
2026-01-23T22:21:27Z,2026-01-23T17:21:27-05:00,2026-01-24 18:00 UTC,2026-01-24T13:00-05:00,Copa del Rey,1.253100933,35181830,Barcelona (W) v Real Madrid FC (W),DRAW,58805,SEL_58805,1.09,4.57,120.0,0.15,118.91,18.86,0.15,125.73333333333333,,0.0,190.8,63.5,False
2026-01-23T22:21:47Z,2026-01-23T17:21:47-05:00,2026-01-24 18:00 UTC,2026-01-24T13:00-05:00,Copa del Rey,1.253100933,35181830,Barcelona (W) v Real Madrid FC (W),AWAY,36683270,SEL_36683270,13.5,47.65,510.0,0.41,496.5,55.61,0.41,135.63414634146343,,0.0,190.8,63.5,False
2026-01-23T22:21:47Z,2026-01-23T17:21:47-05:00,2026-01-24 18:00 UTC,2026-01-24T13:00-05:00,Copa del Rey,1.253100933,35181830,Barcelona (W) v Real Madrid FC (W),HOME,5226501,SEL_5226501,1.09,4.22,1.6,6.35,0.51,1001.58,219.81,4.556571584550293,,0.0,190.8,63.5,False
2026-01-23T22:21:47Z,2026-01-23T17:21:47-05:00,2026-01-24 18:00 UTC,2026-01-24T13:00-05:00,Copa del Rey,1.253100933,35181830,Barcelona (W) v Real Madrid FC (W),DRAW,58805,SEL_58805,1.09,4.57,120.0,0.15,118.91,18.86,0.15,125.73333333333333,,0.0,190.8,63.5,False
2026-01-23T22:22:07Z,2026-01-23T17:22:07-05:00,2026-01-24 18:00 UTC,2026-01-24T13:00-05:00,Copa del Rey,1.253100933,35181830,Barcelona (W) v Real Madrid FC (W),AWAY,36683270,SEL_36683270,13.5,47.65,510.0,0.41,496.5,55.61,0.41,135.63414634146343,,0.0,190.8,63.5,False
2026-01-23T22:22:07Z,2026-01-23T17:22:07-05:00,2026-01-24 18:00 UTC,2026-01-24T13:00-05:00,Copa del Rey,1.253100933,35181830,Barcelona (W) v Real Madrid FC (W),HOME,5226501,SEL_5226501,1.09,4.22,1.6,6.35,0.51,1001.58,219.81,4.556571584550293,,0.0,190.8,63.5,False
2026-01-23T22:22:07Z,2026-01-23T17:22:07-05:00,2026-01-24 18:00 UTC,2026-01-24T13:00-05:00,Copa del Rey,1.253100933,35181830,Barcelona (W) v Real Madrid FC (W),DRAW,58805,SEL_58805,1.09,4.57,120.0,0.15,118.91,18.86,0.15,125.73333333333333,,0.0,190.8,63.5,False
2026-01-23T22:22:27Z,2026-01-23T17:22:27-05:00,2026-01-24 18:00 UTC,2026-01-24T13:00-05:00,Copa del Rey,1.253100933,35181830,Barcelona (W) v Real Madrid FC (W),AWAY,36683270,SEL_36683270,13.5,47.65,510.0,0.41,496.5,55.61,0.41,135.63414634146343,,0.0,190.8,63.5,False
2026-01-23T22:22:27Z,2026-01-23T17:22:27-05:00,2026-01-24 18:00 UTC,2026-01-24T13:00-05:00,Copa del Rey,1.253100933,35181830,Barcelona (W) v Real Madrid FC (W),HOME,5226501,SEL_5226501,1.09,4.22,1.6,6.35,0.51,1001.58,219.81,4.556571584550293,,0.0,190.8,63.5,False
2026-01-23T22:22:27Z,2026-01-23T17:22:27-05:00,2026-01-24 18:00 UTC,2026-01-24T13:00-05:00,Copa del Rey,1.253100933,35181830,Barcelona (W) v Real Madrid FC (W),DRAW,58805,SEL_58805,1.09,4.57,120.0,0.15,118.91,18.86,0.15,125.73333333333333,,0.0,190.8,63.5,False
2026-01-23T22:22:35Z,2026-01-23T17:22:35-05:00,2026-01-24 18:00 UTC,2026-01-24T13:00-05:00,Copa del Rey,1.253100933,35181830,Barcelona (W) v Real Madrid FC (W),AWAY,36683270,SEL_36683270,13.5,47.65,510.0,0.41,496.5,55.61,0.41,135.63414634146343,,0.0,190.8,63.5,False
2026-01-23T22:22:35Z,2026-01-23T17:22:35-05:00,2026-01-24 18:00 UTC,2026-01-24T13:00-05:00,Copa del Rey,1.253100933,35181830,Barcelona (W) v Real Madrid FC (W),HOME,5226501,SEL_5226501,1.09,4.22,1.6,6.35,0.51,1001.58,219.81,4.556571584550293,,0.0,190.8,63.5,False
2026-01-23T22:22:35Z,2026-01-23T17:22:35-05:00,2026-01-24 18:00 UTC,2026-01-24T13:00-05:00,Copa del Rey,1.253100933,35181830,Barcelona (W) v Real Madrid FC (W),DRAW,58805,SEL_58805,1.09,4.57,120.0,0.15,118.91,18.86,0.15,125.73333333333333,,0.0,190.8,63.5,False
2026-01-23T22:22:47Z,2026-01-23T17:22:47-05:00,2026-01-24 18:00 UTC,2026-01-24T13:00-05:00,Copa del Rey,1.253100933,35181830,Barcelona (W) v Real Madrid FC (W),AWAY,36683270,SEL_36683270,13.5,47.65,510.0,0.41,496.5,55.61,0.41,135.63414634146343,,0.0,190.8,63.5,False
2026-01-23T22:22:47Z,2026-01-23T17:22:47-05:00,2026-01-24 18:00 UTC,2026-01-24T13:00-05:00,Copa del Rey,1.253100933,35181830,Barcelona (W) v Real Madrid FC (W),HOME,5226501,SEL_5226501,1.09,4.22,1.6,6.35,0.51,1001.58,219.81,4.556571584550293,,0.0,190.8,63.5,False
2026-01-23T22:22:47Z,2026-01-23T17:22:47-05:00,2026-01-24 18:00 UTC,2026-01-24T13:00-05:00,Copa del Rey,1.253100933,35181830,Barcelona (W) v Real Madrid FC (W),DRAW,58805,SEL_58805,1.09,4.57,120.0,0.15,118.91,18.86,0.15,125.73333333333333,,0.0,190.8,63.5,False
2026-01-23T22:23:07Z,2026-01-23T17:23:07-05:00,2026-01-24 18:00 UTC,2026-01-24T13:00-05:00,Copa del Rey,1.253100933,35181830,Barcelona (W) v Real Madrid FC (W),AWAY,36683270,SEL_36683270,13.5,47.65,510.0,0.41,496.5,55.61,0.41,135.63414634146343,,0.0,190.8,63.5,False
2026-01-23T22:23:07Z,2026-01-23T17:23:07-05:00,2026-01-24 18:00 UTC,2026-01-24T13:00-05:00,Copa del Rey,1.253100933,35181830,Barcelona (W) v Real Madrid FC (W),HOME,5226501,SEL_5226501,1.09,4.22,1.6,6.35,0.51,1001.58,219.81,4.556571584550293,,0.0,190.8,63.5,False
2026-01-23T22:23:07Z,2026-01-23T17:23:07-05:00,2026-01-24 18:00 UTC,2026-01-24T13:00-05:00,Copa del Rey,1.253100933,35181830,Barcelona (W) v Real Madrid FC (W),DRAW,58805,SEL_58805,1.09,4.57,120.0,0.15,118.91,18.86,0.15,125.73333333333333,,0.0,190.8,63.5,False
2026-01-23T22:23:27Z,2026-01-23T17:23:27-05:00,2026-01-24 18:00 UTC,2026-01-24T13:00-05:00,Copa del Rey,1.253100933,35181830,Barcelona (W) v Real Madrid FC (W),AWAY,36683270,SEL_36683270,13.5,47.65,510.0,0.41,496.5,55.61,0.41,135.63414634146343,,0.0,190.8,63.5,False
2026-01-23T22:23:27Z,2026-01-23T17:23:27-05:00,2026-01-24 18:00 UTC,2026-01-24T13:00-05:00,Copa del Rey,1.253100933,35181830,Barcelona (W) v Real Madrid FC (W),HOME,5226501,SEL_5226501,1.09,4.22,1.6,6.35,0.51,1001.58,219.81,4.556571584550293,,0.0,190.8,63.5,False
2026-01-23T22:23:27Z,2026-01-23T17:23:27-05:00,2026-01-24 18:00 UTC,2026-01-24T13:00-05:00,Copa del Rey,1.253100933,35181830,Barcelona (W) v Real Madrid FC (W),DRAW,58805,SEL_58805,1.09,4.57,120.0,0.15,118.91,18.86,0.15,125.73333333333333,,0.0,190.8,63.5,False
2026-01-23T22:23:47Z,2026-01-23T17:23:47-05:00,2026-01-24 18:00 UTC,2026-01-24T13:00-05:00,Copa del Rey,1.253100933,35181830,Barcelona (W) v Real Madrid FC (W),AWAY,36683270,SEL_36683270,13.5,47.65,510.0,0.41,496.5,55.61,0.41,135.63414634146343,,0.0,190.8,63.5,False
2026-01-23T22:23:47Z,2026-01-23T17:23:47-05:00,2026-01-24 18:00 UTC,2026-01-24T13:00-05:00,Copa del Rey,1.253100933,35181830,Barcelona (W) v Real Madrid FC (W),HOME,5226501,SEL_5226501,1.09,4.22,1.6,6.35,0.51,1001.58,219.81,4.556571584550293,,0.0,190.8,63.5,False
2026-01-23T22:23:47Z,2026-01-23T17:23:47-05:00,2026-01-24 18:00 UTC,2026-01-24T13:00-05:00,Copa del Rey,1.253100933,35181830,Barcelona (W) v Real Madrid FC (W),DRAW,58805,SEL_58805,1.09,4.57,120.0,0.15,118.91,18.86,0.15,125.73333333333333,,0.0,190.8,63.5,False
2026-01-23T22:24:07Z,2026-01-23T17:24:07-05:00,2026-01-24 18:00 UTC,2026-01-24T13:00-05:00,Copa del Rey,1.253100933,35181830,Barcelona (W) v Real Madrid FC (W),AWAY,36683270,SEL_36683270,13.5,47.65,510.0,0.41,496.5,55.61,0.41,135.63414634146343,,0.0,190.8,63.5,False
2026-01-23T22:24:07Z,2026-01-23T17:24:07-05:00,2026-01-24 18:00 UTC,2026-01-24T13:00-05:00,Copa del Rey,1.253100933,35181830,Barcelona (W) v Real Madrid FC (W),HOME,5226501,SEL_5226501,1.09,4.22,1.6,6.35,0.51,1001.58,219.81,4.556571584550293,,0.0,190.8,63.5,False
2026-01-23T22:24:07Z,2026-01-23T17:24:07-05:00,2026-01-24 18:00 UTC,2026-01-24T13:00-05:00,Copa del Rey,1.253100933,35181830,Barcelona (W) v Real Madrid FC (W),DRAW,58805,SEL_58805,1.09,4.57,120.0,0.15,118.91,18.86,0.15,125.73333333333333,,0.0,190.8,63.5,False
2026-01-23T22:24:27Z,2026-01-23T17:24:27-05:00,2026-01-24 18:00 UTC,2026-01-24T13:00-05:00,Copa del Rey,1.253100933,35181830,Barcelona (W) v Real Madrid FC (W),AWAY,36683270,SEL_36683270,13.5,47.65,510.0,0.41,496.5,55.61,0.41,135.63414634146343,,0.0,190.8,63.5,False
2026-01-23T22:24:27Z,2026-01-23T17:24:27-05:00,2026-01-24 18:00 UTC,2026-01-24T13:00-05:00,Copa del Rey,1.253100933,35181830,Barcelona (W) v Real Madrid FC (W),HOME,5226501,SEL_5226501,1.09,4.22,1.6,6.35,0.51,1001.58,219.81,4.556571584550293,,0.0,190.8,63.5,False
2026-01-23T22:24:27Z,2026-01-23T17:24:27-05:00,2026-01-24 18:00 UTC,2026-01-24T13:00-05:00,Copa del Rey,1.253100933,35181830,Barcelona (W) v Real Madrid FC (W),DRAW,58805,SEL_58805,1.09,4.57,120.0,0.15,118.91,18.86,0.15,125.73333333333333,,0.0,190.8,63.5,False
2026-01-23T22:24:47Z,2026-01-23T17:24:47-05:00,2026-01-24 18:00 UTC,2026-01-24T13:00-05:00,Copa del Rey,1.253100933,35181830,Barcelona (W) v Real Madrid FC (W),AWAY,36683270,SEL_36683270,13.5,47.65,510.0,0.41,496.5,55.61,0.41,135.63414634146343,,0.0,190.8,63.5,False
2026-01-23T22:24:47Z,2026-01-23T17:24:47-05:00,2026-01-24 18:00 UTC,2026-01-24T13:00-05:00,Copa del Rey,1.253100933,35181830,Barcelona (W) v Real Madrid FC (W),HOME,5226501,SEL_5226501,1.09,4.22,1.6,6.35,0.51,1001.58,219.81,4.556571584550293,,0.0,190.8,63.5,False
2026-01-23T22:24:47Z,2026-01-23T17:24:47-05:00,2026-01-24 18:00 UTC,2026-01-24T13:00-05:00,Copa del Rey,1.253100933,35181830,Barcelona (W) v Real Madrid FC (W),DRAW,58805,SEL_58805,1.09,4.57,120.0,0.15,118.91,18.86,0.15,125.73333333333333,,0.0,190.8,63.5,False
2026-01-23T22:25:07Z,2026-01-23T17:25:07-05:00,2026-01-24 18:00 UTC,2026-01-24T13:00-05:00,Copa del Rey,1.253100933,35181830,Barcelona (W) v Real Madrid FC (W),AWAY,36683270,SEL_36683270,13.5,47.65,510.0,0.41,496.5,55.61,0.41,135.63414634146343,,0.0,190.8,63.5,False
2026-01-23T22:25:07Z,2026-01-23T17:25:07-05:00,2026-01-24 18:00 UTC,2026-01-24T13:00-05:00,Copa del Rey,1.253100933,35181830,Barcelona (W) v Real Madrid FC (W),HOME,5226501,SEL_5226501,1.09,4.22,1.6,6.35,0.51,1001.58,219.81,4.556571584550293,,0.0,190.8,63.5,False
2026-01-23T22:25:07Z,2026-01-23T17:25:07-05:00,2026-01-24 18:00 UTC,2026-01-24T13:00-05:00,Copa del Rey,1.253100933,35181830,Barcelona (W) v Real Madrid FC (W),DRAW,58805,SEL_58805,1.09,4.57,120.0,0.15,118.91,18.86,0.15,125.73333333333333,,0.0,190.8,63.5,False
2026-01-23T22:25:27Z,2026-01-23T17:25:27-05:00,2026-01-24 18:00 UTC,2026-01-24T13:00-05:00,Copa del Rey,1.253100933,35181830,Barcelona (W) v Real Madrid FC (W),AWAY,36683270,SEL_36683270,13.5,47.65,510.0,0.41,496.5,55.61,0.41,135.63414634146343,,0.0,190.8,63.5,False
2026-01-23T22:25:27Z,2026-01-23T17:25:27-05:00,2026-01-24 18:00 UTC,2026-01-24T13:00-05:00,Copa del Rey,1.253100933,35181830,Barcelona (W) v Real Madrid FC (W),HOME,5226501,SEL_5226501,1.09,4.22,1.6,6.35,0.51,1001.58,219.81,4.556571584550293,,0.0,190.8,63.5,False
2026-01-23T22:25:27Z,2026-01-23T17:25:27-05:00,2026-01-24 18:00 UTC,2026-01-24T13:00-05:00,Copa del Rey,1.253100933,35181830,Barcelona (W) v Real Madrid FC (W),DRAW,58805,SEL_58805,1.09,4.57,120.0,0.15,118.91,18.86,0.15,125.73333333333333,,0.0,190.8,63.5,False
2026-01-23T22:25:35Z,2026-01-23T17:25:35-05:00,2026-01-24 18:00 UTC,2026-01-24T13:00-05:00,Copa del Rey,1.253100933,35181830,Barcelona (W) v Real Madrid FC (W),AWAY,36683270,SEL_36683270,13.5,47.65,510.0,0.41,496.5,55.61,0.41,135.63414634146343,,0.0,190.8,63.5,False
2026-01-23T22:25:35Z,2026-01-23T17:25:35-05:00,2026-01-24 18:00 UTC,2026-01-24T13:00-05:00,Copa del Rey,1.253100933,35181830,Barcelona (W) v Real Madrid FC (W),HOME,5226501,SEL_5226501,1.09,4.22,1.6,6.35,0.51,1001.58,219.81,4.556571584550293,,0.0,190.8,63.5,False
2026-01-23T22:25:35Z,2026-01-23T17:25:35-05:00,2026-01-24 18:00 UTC,2026-01-24T13:00-05:00,Copa del Rey,1.253100933,35181830,Barcelona (W) v Real Madrid FC (W),DRAW,58805,SEL_58805,1.09,4.57,120.0,0.15,118.91,18.86,0.15,125.73333333333333,,0.0,190.8,63.5,False
2026-01-23T22:25:47Z,2026-01-23T17:25:47-05:00,2026-01-24 18:00 UTC,2026-01-24T13:00-05:00,Copa del Rey,1.253100933,35181830,Barcelona (W) v Real Madrid FC (W),AWAY,36683270,SEL_36683270,13.5,47.65,510.0,0.41,496.5,55.61,0.41,135.63414634146343,,0.0,190.8,63.5,False
2026-01-23T22:25:47Z,2026-01-23T17:25:47-05:00,2026-01-24 18:00 UTC,2026-01-24T13:00-05:00,Copa del Rey,1.253100933,35181830,Barcelona (W) v Real Madrid FC (W),HOME,5226501,SEL_5226501,1.09,4.22,1.6,6.35,0.51,1001.58,219.81,4.556571584550293,,0.0,190.8,63.5,False
2026-01-23T22:25:47Z,2026-01-23T17:25:47-05:00,2026-01-24 18:00 UTC,2026-01-24T13:00-05:00,Copa del Rey,1.253100933,35181830,Barcelona (W) v Real Madrid FC (W),DRAW,58805,SEL_58805,1.09,4.57,120.0,0.15,118.91,18.86,0.15,125.73333333333333,,0.0,190.8,63.5,False
2026-01-23T22:26:07Z,2026-01-23T17:26:07-05:00,2026-01-24 18:00 UTC,2026-01-24T13:00-05:00,Copa del Rey,1.253100933,35181830,Barcelona (W) v Real Madrid FC (W),AWAY,36683270,SEL_36683270,13.5,47.65,510.0,0.41,496.5,55.61,0.41,135.63414634146343,,0.0,190.8,63.5,False
2026-01-23T22:26:07Z,2026-01-23T17:26:07-05:00,2026-01-24 18:00 UTC,2026-01-24T13:00-05:00,Copa del Rey,1.253100933,35181830,Barcelona (W) v Real Madrid FC (W),HOME,5226501,SEL_5226501,1.09,4.22,1.6,6.35,0.51,1001.58,219.81,4.556571584550293,,0.0,190.8,63.5,False
2026-01-23T22:26:07Z,2026-01-23T17:26:07-05:00,2026-01-24 18:00 UTC,2026-01-24T13:00-05:00,Copa del Rey,1.253100933,35181830,Barcelona (W) v Real Madrid FC (W),DRAW,58805,SEL_58805,1.09,4.57,120.0,0.15,118.91,18.86,0.15,125.73333333333333,,0.0,190.8,63.5,False
2026-01-23T22:26:27Z,2026-01-23T17:26:27-05:00,2026-01-24 18:00 UTC,2026-01-24T13:00-05:00,Copa del Rey,1.253100933,35181830,Barcelona (W) v Real Madrid FC (W),AWAY,36683270,SEL_36683270,13.5,47.65,510.0,0.41,496.5,55.61,0.41,135.63414634146343,,0.0,190.8,63.5,False
2026-01-23T22:26:27Z,2026-01-23T17:26:27-05:00,2026-01-24 18:00 UTC,2026-01-24T13:00-05:00,Copa del Rey,1.253100933,35181830,Barcelona (W) v Real Madrid FC (W),HOME,5226501,SEL_5226501,1.09,4.22,1.6,6.35,0.51,1001.58,219.81,4.556571584550293,,0.0,190.8,63.5,False
2026-01-23T22:26:27Z,2026-01-23T17:26:27-05:00,2026-01-24 18:00 UTC,2026-01-24T13:00-05:00,Copa del Rey,1.253100933,35181830,Barcelona (W) v Real Madrid FC (W),DRAW,58805,SEL_58805,1.09,4.57,120.0,0.15,118.91,18.86,0.15,125.73333333333333,,0.0,190.8,63.5,False
2026-01-23T22:26:47Z,2026-01-23T17:26:47-05:00,2026-01-24 18:00 UTC,2026-01-24T13:00-05:00,Copa del Rey,1.253100933,35181830,Barcelona (W) v Real Madrid FC (W),AWAY,36683270,SEL_36683270,13.5,47.65,510.0,0.41,496.5,55.61,0.41,135.63414634146343,,0.0,190.8,63.5,False
2026-01-23T22:26:47Z,2026-01-23T17:26:47-05:00,2026-01-24 18:00 UTC,2026-01-24T13:00-05:00,Copa del Rey,1.253100933,35181830,Barcelona (W) v Real Madrid FC (W),HOME,5226501,SEL_5226501,1.09,4.22,1.6,6.35,0.51,1001.58,219.81,4.556571584550293,,0.0,190.8,63.5,False
2026-01-23T22:26:47Z,2026-01-23T17:26:47-05:00,2026-01-24 18:00 UTC,2026-01-24T13:00-05:00,Copa del Rey,1.253100933,35181830,Barcelona (W) v Real Madrid FC (W),DRAW,58805,SEL_58805,1.09,4.57,120.0,0.15,118.91,18.86,0.15,125.73333333333333,,0.0,190.8,63.5,False
2026-01-23T22:27:07Z,2026-01-23T17:27:07-05:00,2026-01-24 18:00 UTC,2026-01-24T13:00-05:00,Copa del Rey,1.253100933,35181830,Barcelona (W) v Real Madrid FC (W),AWAY,36683270,SEL_36683270,13.5,47.65,510.0,0.41,496.5,55.61,0.41,135.63414634146343,,0.0,190.8,63.5,False
2026-01-23T22:27:07Z,2026-01-23T17:27:07-05:00,2026-01-24 18:00 UTC,2026-01-24T13:00-05:00,Copa del Rey,1.253100933,35181830,Barcelona (W) v Real Madrid FC (W),HOME,5226501,SEL_5226501,1.09,4.22,1.6,6.35,0.51,1001.58,219.81,4.556571584550293,,0.0,190.8,63.5,False
2026-01-23T22:27:07Z,2026-01-23T17:27:07-05:00,2026-01-24 18:00 UTC,2026-01-24T13:00-05:00,Copa del Rey,1.253100933,35181830,Barcelona (W) v Real Madrid FC (W),DRAW,58805,SEL_58805,1.09,4.57,120.0,0.15,118.91,18.86,0.15,125.73333333333333,,0.0,190.8,63.5,False
2026-01-23T22:27:27Z,2026-01-23T17:27:27-05:00,2026-01-24 18:00 UTC,2026-01-24T13:00-05:00,Copa del Rey,1.253100933,35181830,Barcelona (W) v Real Madrid FC (W),AWAY,36683270,SEL_36683270,13.5,47.65,510.0,0.41,496.5,55.61,0.41,135.63414634146343,,0.0,190.8,63.5,False
2026-01-23T22:27:27Z,2026-01-23T17:27:27-05:00,2026-01-24 18:00 UTC,2026-01-24T13:00-05:00,Copa del Rey,1.253100933,35181830,Barcelona (W) v Real Madrid FC (W),HOME,5226501,SEL_5226501,1.09,4.22,1.6,6.35,0.51,1001.58,219.81,4.556571584550293,,0.0,190.8,63.5,False
2026-01-23T22:27:27Z,2026-01-23T17:27:27-05:00,2026-01-24 18:00 UTC,2026-01-24T13:00-05:00,Copa del Rey,1.253100933,35181830,Barcelona (W) v Real Madrid FC (W),DRAW,58805,SEL_58805,1.09,4.57,120.0,0.15,118.91,18.86,0.15,125.73333333333333,,0.0,190.8,63.5,False
2026-01-23T22:27:47Z,2026-01-23T17:27:47-05:00,2026-01-24 18:00 UTC,2026-01-24T13:00-05:00,Copa del Rey,1.253100933,35181830,Barcelona (W) v Real Madrid FC (W),AWAY,36683270,SEL_36683270,13.5,47.65,510.0,0.41,496.5,55.61,0.41,135.63414634146343,,0.0,190.8,63.5,False
2026-01-23T22:27:47Z,2026-01-23T17:27:47-05:00,2026-01-24 18:00 UTC,2026-01-24T13:00-05:00,Copa del Rey,1.253100933,35181830,Barcelona (W) v Real Madrid FC (W),HOME,5226501,SEL_5226501,1.09,4.22,1.6,6.35,0.51,1001.58,219.81,4.556571584550293,,0.0,190.8,63.5,False
2026-01-23T22:27:47Z,2026-01-23T17:27:47-05:00,2026-01-24 18:00 UTC,2026-01-24T13:00-05:00,Copa del Rey,1.253100933,35181830,Barcelona (W) v Real Madrid FC (W),DRAW,58805,SEL_58805,1.09,4.57,120.0,0.15,118.91,18.86,0.15,125.73333333333333,,0.0,190.8,63.5,False
2026-01-23T22:28:07Z,2026-01-23T17:28:07-05:00,2026-01-24 18:00 UTC,2026-01-24T13:00-05:00,Copa del Rey,1.253100933,35181830,Barcelona (W) v Real Madrid FC (W),AWAY,36683270,SEL_36683270,13.5,47.65,510.0,0.41,496.5,55.61,0.41,135.63414634146343,,0.0,190.8,63.5,False
2026-01-23T22:28:07Z,2026-01-23T17:28:07-05:00,2026-01-24 18:00 UTC,2026-01-24T13:00-05:00,Copa del Rey,1.253100933,35181830,Barcelona (W) v Real Madrid FC (W),HOME,5226501,SEL_5226501,1.09,4.22,1.6,6.35,0.51,1001.58,219.81,4.556571584550293,,0.0,190.8,63.5,False
2026-01-23T22:28:07Z,2026-01-23T17:28:07-05:00,2026-01-24 18:00 UTC,2026-01-24T13:00-05:00,Copa del Rey,1.253100933,35181830,Barcelona (W) v Real Madrid FC (W),DRAW,58805,SEL_58805,1.09,4.57,120.0,0.15,118.91,18.86,0.15,125.73333333333333,,0.0,190.8,63.5,False
2026-01-23T22:28:27Z,2026-01-23T17:28:27-05:00,2026-01-24 18:00 UTC,2026-01-24T13:00-05:00,Copa del Rey,1.253100933,35181830,Barcelona (W) v Real Madrid FC (W),AWAY,36683270,SEL_36683270,13.5,47.65,510.0,0.41,496.5,55.61,0.41,135.63414634146343,,0.0,190.8,63.5,False
2026-01-23T22:28:27Z,2026-01-23T17:28:27-05:00,2026-01-24 18:00 UTC,2026-01-24T13:00-05:00,Copa del Rey,1.253100933,35181830,Barcelona (W) v Real Madrid FC (W),HOME,5226501,SEL_5226501,1.09,4.22,1.6,6.35,0.51,1001.58,219.81,4.556571584550293,,0.0,190.8,63.5,False
2026-01-23T22:28:27Z,2026-01-23T17:28:27-05:00,2026-01-24 18:00 UTC,2026-01-24T13:00-05:00,Copa del Rey,1.253100933,35181830,Barcelona (W) v Real Madrid FC (W),DRAW,58805,SEL_58805,1.09,4.57,120.0,0.15,118.91,18.86,0.15,125.73333333333333,,0.0,190.8,63.5,False
2026-01-23T22:28:35Z,2026-01-23T17:28:35-05:00,2026-01-24 18:00 UTC,2026-01-24T13:00-05:00,Copa del Rey,1.253100933,35181830,Barcelona (W) v Real Madrid FC (W),AWAY,36683270,SEL_36683270,13.5,47.65,510.0,0.41,496.5,55.61,0.41,135.63414634146343,,0.0,190.8,63.5,False
2026-01-23T22:28:35Z,2026-01-23T17:28:35-05:00,2026-01-24 18:00 UTC,2026-01-24T13:00-05:00,Copa del Rey,1.253100933,35181830,Barcelona (W) v Real Madrid FC (W),HOME,5226501,SEL_5226501,1.09,4.22,1.6,6.35,0.51,1001.58,219.81,4.556571584550293,,0.0,190.8,63.5,False
2026-01-23T22:28:35Z,2026-01-23T17:28:35-05:00,2026-01-24 18:00 UTC,2026-01-24T13:00-05:00,Copa del Rey,1.253100933,35181830,Barcelona (W) v Real Madrid FC (W),DRAW,58805,SEL_58805,1.09,4.57,120.0,0.15,118.91,18.86,0.15,125.73333333333333,,0.0,190.8,63.5,False
2026-01-23T22:28:47Z,2026-01-23T17:28:47-05:00,2026-01-24 18:00 UTC,2026-01-24T13:00-05:00,Copa del Rey,1.253100933,35181830,Barcelona (W) v Real Madrid FC (W),AWAY,36683270,SEL_36683270,13.5,47.65,510.0,0.41,496.5,55.61,0.41,135.63414634146343,,0.0,190.8,63.5,False
2026-01-23T22:28:47Z,2026-01-23T17:28:47-05:00,2026-01-24 18:00 UTC,2026-01-24T13:00-05:00,Copa del Rey,1.253100933,35181830,Barcelona (W) v Real Madrid FC (W),HOME,5226501,SEL_5226501,1.09,4.22,1.6,6.35,0.51,1001.58,219.81,4.556571584550293,,0.0,190.8,63.5,False
2026-01-23T22:28:47Z,2026-01-23T17:28:47-05:00,2026-01-24 18:00 UTC,2026-01-24T13:00-05:00,Copa del Rey,1.253100933,35181830,Barcelona (W) v Real Madrid FC (W),DRAW,58805,SEL_58805,1.09,4.57,120.0,0.15,118.91,18.86,0.15,125.73333333333333,,0.0,190.8,63.5,False
2026-01-23T22:29:07Z,2026-01-23T17:29:07-05:00,2026-01-24 18:00 UTC,2026-01-24T13:00-05:00,Copa del Rey,1.253100933,35181830,Barcelona (W) v Real Madrid FC (W),AWAY,36683270,SEL_36683270,13.5,47.65,510.0,0.41,496.5,55.61,0.41,135.63414634146343,,0.0,190.8,63.5,False
2026-01-23T22:29:07Z,2026-01-23T17:29:07-05:00,2026-01-24 18:00 UTC,2026-01-24T13:00-05:00,Copa del Rey,1.253100933,35181830,Barcelona (W) v Real Madrid FC (W),HOME,5226501,SEL_5226501,1.09,4.22,1.6,6.35,0.51,1001.58,219.81,4.556571584550293,,0.0,190.8,63.5,False
2026-01-23T22:29:07Z,2026-01-23T17:29:07-05:00,2026-01-24 18:00 UTC,2026-01-24T13:00-05:00,Copa del Rey,1.253100933,35181830,Barcelona (W) v Real Madrid FC (W),DRAW,58805,SEL_58805,1.09,4.57,120.0,0.15,118.91,18.86,0.15,125.73333333333333,,0.0,190.8,63.5,False
2026-01-23T22:29:27Z,2026-01-23T17:29:27-05:00,2026-01-24 18:00 UTC,2026-01-24T13:00-05:00,Copa del Rey,1.253100933,35181830,Barcelona (W) v Real Madrid FC (W),AWAY,36683270,SEL_36683270,13.5,47.65,510.0,0.41,496.5,55.61,0.41,135.63414634146343,,0.0,190.8,63.5,False
2026-01-23T22:29:27Z,2026-01-23T17:29:27-05:00,2026-01-24 18:00 UTC,2026-01-24T13:00-05:00,Copa del Rey,1.253100933,35181830,Barcelona (W) v Real Madrid FC (W),HOME,5226501,SEL_5226501,1.09,4.22,1.6,6.35,0.51,1001.58,219.81,4.556571584550293,,0.0,190.8,63.5,False
2026-01-23T22:29:27Z,2026-01-23T17:29:27-05:00,2026-01-24 18:00 UTC,2026-01-24T13:00-05:00,Copa del Rey,1.253100933,35181830,Barcelona (W) v Real Madrid FC (W),DRAW,58805,SEL_58805,1.09,4.57,120.0,0.15,118.91,18.86,0.15,125.73333333333333,,0.0,190.8,63.5,False
2026-01-23T22:29:47Z,2026-01-23T17:29:47-05:00,2026-01-24 18:00 UTC,2026-01-24T13:00-05:00,Copa del Rey,1.253100933,35181830,Barcelona (W) v Real Madrid FC (W),AWAY,36683270,SEL_36683270,13.5,47.65,510.0,0.41,496.5,55.61,0.41,135.63414634146343,,0.0,190.8,63.5,False
2026-01-23T22:29:47Z,2026-01-23T17:29:47-05:00,2026-01-24 18:00 UTC,2026-01-24T13:00-05:00,Copa del Rey,1.253100933,35181830,Barcelona (W) v Real Madrid FC (W),HOME,5226501,SEL_5226501,1.09,4.22,1.6,6.35,0.51,1001.58,219.81,4.556571584550293,,0.0,190.8,63.5,False
2026-01-23T22:29:47Z,2026-01-23T17:29:47-05:00,2026-01-24 18:00 UTC,2026-01-24T13:00-05:00,Copa del Rey,1.253100933,35181830,Barcelona (W) v Real Madrid FC (W),DRAW,58805,SEL_58805,1.09,4.57,120.0,0.15,118.91,18.86,0.15,125.73333333333333,,0.0,190.8,63.5,False
2026-01-23T22:30:07Z,2026-01-23T17:30:07-05:00,2026-01-24 18:00 UTC,2026-01-24T13:00-05:00,Copa del Rey,1.253100933,35181830,Barcelona (W) v Real Madrid FC (W),AWAY,36683270,SEL_36683270,13.5,47.65,510.0,0.41,496.5,55.61,0.41,135.63414634146343,,0.0,190.8,63.5,False
2026-01-23T22:30:07Z,2026-01-23T17:30:07-05:00,2026-01-24 18:00 UTC,2026-01-24T13:00-05:00,Copa del Rey,1.253100933,35181830,Barcelona (W) v Real Madrid FC (W),HOME,5226501,SEL_5226501,1.09,4.22,1.6,6.35,0.51,1001.58,219.81,4.556571584550293,,0.0,190.8,63.5,False
2026-01-23T22:30:07Z,2026-01-23T17:30:07-05:00,2026-01-24 18:00 UTC,2026-01-24T13:00-05:00,Copa del Rey,1.253100933,35181830,Barcelona (W) v Real Madrid FC (W),DRAW,58805,SEL_58805,1.09,4.57,120.0,0.15,118.91,18.86,0.15,125.73333333333333,,0.0,190.8,63.5,False
2026-01-23T22:30:28Z,2026-01-23T17:30:28-05:00,2026-01-24 18:00 UTC,2026-01-24T13:00-05:00,Copa del Rey,1.253100933,35181830,Barcelona (W) v Real Madrid FC (W),AWAY,36683270,SEL_36683270,13.5,47.65,510.0,0.41,496.5,55.61,0.41,135.63414634146343,,0.0,190.8,63.5,False
2026-01-23T22:30:28Z,2026-01-23T17:30:28-05:00,2026-01-24 18:00 UTC,2026-01-24T13:00-05:00,Copa del Rey,1.253100933,35181830,Barcelona (W) v Real Madrid FC (W),HOME,5226501,SEL_5226501,1.09,4.22,1.6,6.35,0.51,1001.58,219.81,4.556571584550293,,0.0,190.8,63.5,False
2026-01-23T22:30:28Z,2026-01-23T17:30:28-05:00,2026-01-24 18:00 UTC,2026-01-24T13:00-05:00,Copa del Rey,1.253100933,35181830,Barcelona (W) v Real Madrid FC (W),DRAW,58805,SEL_58805,1.09,4.57,120.0,0.15,118.91,18.86,0.15,125.73333333333333,,0.0,190.8,63.5,False
2026-01-23T22:30:48Z,2026-01-23T17:30:48-05:00,2026-01-24 18:00 UTC,2026-01-24T13:00-05:00,Copa del Rey,1.253100933,35181830,Barcelona (W) v Real Madrid FC (W),AWAY,36683270,SEL_36683270,13.5,47.65,510.0,0.41,496.5,55.61,0.41,135.63414634146343,,0.0,190.8,63.5,False
2026-01-23T22:30:48Z,2026-01-23T17:30:48-05:00,2026-01-24 18:00 UTC,2026-01-24T13:00-05:00,Copa del Rey,1.253100933,35181830,Barcelona (W) v Real Madrid FC (W),HOME,5226501,SEL_5226501,1.09,4.22,1.6,6.35,0.51,1001.58,219.81,4.556571584550293,,0.0,190.8,63.5,False
2026-01-23T22:30:48Z,2026-01-23T17:30:48-05:00,2026-01-24 18:00 UTC,2026-01-24T13:00-05:00,Copa del Rey,1.253100933,35181830,Barcelona (W) v Real Madrid FC (W),DRAW,58805,SEL_58805,1.09,4.57,120.0,0.15,118.91,18.86,0.15,125.73333333333333,,0.0,190.8,63.5,False
2026-01-23T22:31:08Z,2026-01-23T17:31:08-05:00,2026-01-24 18:00 UTC,2026-01-24T13:00-05:00,Copa del Rey,1.253100933,35181830,Barcelona (W) v Real Madrid FC (W),AWAY,36683270,SEL_36683270,13.5,47.65,510.0,0.41,496.5,55.61,0.41,135.63414634146343,,0.0,190.8,63.5,False
2026-01-23T22:31:08Z,2026-01-23T17:31:08-05:00,2026-01-24 18:00 UTC,2026-01-24T13:00-05:00,Copa del Rey,1.253100933,35181830,Barcelona (W) v Real Madrid FC (W),HOME,5226501,SEL_5226501,1.09,4.22,1.6,6.35,0.51,1001.58,219.81,4.556571584550293,,0.0,190.8,63.5,False
2026-01-23T22:31:08Z,2026-01-23T17:31:08-05:00,2026-01-24 18:00 UTC,2026-01-24T13:00-05:00,Copa del Rey,1.253100933,35181830,Barcelona (W) v Real Madrid FC (W),DRAW,58805,SEL_58805,1.09,4.57,120.0,0.15,118.91,18.86,0.15,125.73333333333333,,0.0,190.8,63.5,False
2026-01-23T22:31:28Z,2026-01-23T17:31:28-05:00,2026-01-24 18:00 UTC,2026-01-24T13:00-05:00,Copa del Rey,1.253100933,35181830,Barcelona (W) v Real Madrid FC (W),AWAY,36683270,SEL_36683270,13.5,47.65,510.0,0.41,496.5,55.61,0.41,135.63414634146343,,0.0,190.8,63.5,False
2026-01-23T22:31:28Z,2026-01-23T17:31:28-05:00,2026-01-24 18:00 UTC,2026-01-24T13:00-05:00,Copa del Rey,1.253100933,35181830,Barcelona (W) v Real Madrid FC (W),HOME,5226501,SEL_5226501,1.09,4.22,1.6,6.35,0.51,1001.58,219.81,4.556571584550293,,0.0,190.8,63.5,False
2026-01-23T22:31:28Z,2026-01-23T17:31:28-05:00,2026-01-24 18:00 UTC,2026-01-24T13:00-05:00,Copa del Rey,1.253100933,35181830,Barcelona (W) v Real Madrid FC (W),DRAW,58805,SEL_58805,1.09,4.57,120.0,0.15,118.91,18.86,0.15,125.73333333333333,,0.0,190.8,63.5,False
2026-01-23T22:31:35Z,2026-01-23T17:31:35-05:00,2026-01-24 18:00 UTC,2026-01-24T13:00-05:00,Copa del Rey,1.253100933,35181830,Barcelona (W) v Real Madrid FC (W),AWAY,36683270,SEL_36683270,13.5,47.65,510.0,0.41,496.5,55.61,0.41,135.63414634146343,,0.0,190.8,63.5,False
2026-01-23T22:31:35Z,2026-01-23T17:31:35-05:00,2026-01-24 18:00 UTC,2026-01-24T13:00-05:00,Copa del Rey,1.253100933,35181830,Barcelona (W) v Real Madrid FC (W),HOME,5226501,SEL_5226501,1.09,4.22,1.6,6.35,0.51,1001.58,219.81,4.556571584550293,,0.0,190.8,63.5,False
2026-01-23T22:31:35Z,2026-01-23T17:31:35-05:00,2026-01-24 18:00 UTC,2026-01-24T13:00-05:00,Copa del Rey,1.253100933,35181830,Barcelona (W) v Real Madrid FC (W),DRAW,58805,SEL_58805,1.09,4.57,120.0,0.15,118.91,18.86,0.15,125.73333333333333,,0.0,190.8,63.5,False
2026-01-23T22:31:48Z,2026-01-23T17:31:48-05:00,2026-01-24 18:00 UTC,2026-01-24T13:00-05:00,Copa del Rey,1.253100933,35181830,Barcelona (W) v Real Madrid FC (W),AWAY,36683270,SEL_36683270,13.5,47.65,510.0,0.41,496.5,55.61,0.41,135.63414634146343,,0.0,190.8,63.5,False
2026-01-23T22:31:48Z,2026-01-23T17:31:48-05:00,2026-01-24 18:00 UTC,2026-01-24T13:00-05:00,Copa del Rey,1.253100933,35181830,Barcelona (W) v Real Madrid FC (W),HOME,5226501,SEL_5226501,1.09,4.22,1.6,6.35,0.51,1001.58,219.81,4.556571584550293,,0.0,190.8,63.5,False
2026-01-23T22:31:48Z,2026-01-23T17:31:48-05:00,2026-01-24 18:00 UTC,2026-01-24T13:00-05:00,Copa del Rey,1.253100933,35181830,Barcelona (W) v Real Madrid FC (W),DRAW,58805,SEL_58805,1.09,4.57,120.0,0.15,118.91,18.86,0.15,125.73333333333333,,0.0,190.8,63.5,False
2026-01-23T22:32:08Z,2026-01-23T17:32:08-05:00,2026-01-24 18:00 UTC,2026-01-24T13:00-05:00,Copa del Rey,1.253100933,35181830,Barcelona (W) v Real Madrid FC (W),AWAY,36683270,SEL_36683270,13.5,47.65,510.0,0.41,496.5,55.61,0.41,135.63414634146343,,0.0,190.8,63.5,False
2026-01-23T22:32:08Z,2026-01-23T17:32:08-05:00,2026-01-24 18:00 UTC,2026-01-24T13:00-05:00,Copa del Rey,1.253100933,35181830,Barcelona (W) v Real Madrid FC (W),HOME,5226501,SEL_5226501,1.09,4.22,1.6,6.35,0.51,1001.58,219.81,4.556571584550293,,0.0,190.8,63.5,False
2026-01-23T22:32:08Z,2026-01-23T17:32:08-05:00,2026-01-24 18:00 UTC,2026-01-24T13:00-05:00,Copa del Rey,1.253100933,35181830,Barcelona (W) v Real Madrid FC (W),DRAW,58805,SEL_58805,1.09,4.57,120.0,0.15,118.91,18.86,0.15,125.73333333333333,,0.0,190.8,63.5,False
2026-01-23T22:32:28Z,2026-01-23T17:32:28-05:00,2026-01-24 18:00 UTC,2026-01-24T13:00-05:00,Copa del Rey,1.253100933,35181830,Barcelona (W) v Real Madrid FC (W),AWAY,36683270,SEL_36683270,13.5,47.65,510.0,0.41,496.5,55.61,0.41,135.63414634146343,,0.0,190.8,63.5,False
2026-01-23T22:32:28Z,2026-01-23T17:32:28-05:00,2026-01-24 18:00 UTC,2026-01-24T13:00-05:00,Copa del Rey,1.253100933,35181830,Barcelona (W) v Real Madrid FC (W),HOME,5226501,SEL_5226501,1.09,4.22,1.6,6.35,0.51,1001.58,219.81,4.556571584550293,,0.0,190.8,63.5,False
2026-01-23T22:32:28Z,2026-01-23T17:32:28-05:00,2026-01-24 18:00 UTC,2026-01-24T13:00-05:00,Copa del Rey,1.253100933,35181830,Barcelona (W) v Real Madrid FC (W),DRAW,58805,SEL_58805,1.09,4.57,120.0,0.15,118.91,18.86,0.15,125.73333333333333,,0.0,190.8,63.5,False
2026-01-23T22:32:48Z,2026-01-23T17:32:48-05:00,2026-01-24 18:00 UTC,2026-01-24T13:00-05:00,Copa del Rey,1.253100933,35181830,Barcelona (W) v Real Madrid FC (W),AWAY,36683270,SEL_36683270,13.5,47.65,510.0,0.41,496.5,55.61,0.41,135.63414634146343,,0.0,190.8,63.5,False
2026-01-23T22:32:48Z,2026-01-23T17:32:48-05:00,2026-01-24 18:00 UTC,2026-01-24T13:00-05:00,Copa del Rey,1.253100933,35181830,Barcelona (W) v Real Madrid FC (W),HOME,5226501,SEL_5226501,1.09,4.22,1.6,6.35,0.51,1001.58,219.81,4.556571584550293,,0.0,190.8,63.5,False
2026-01-23T22:32:48Z,2026-01-23T17:32:48-05:00,2026-01-24 18:00 UTC,2026-01-24T13:00-05:00,Copa del Rey,1.253100933,35181830,Barcelona (W) v Real Madrid FC (W),DRAW,58805,SEL_58805,1.09,4.57,120.0,0.15,118.91,18.86,0.15,125.73333333333333,,0.0,190.8,63.5,False
2026-01-23T22:33:08Z,2026-01-23T17:33:08-05:00,2026-01-24 18:00 UTC,2026-01-24T13:00-05:00,Copa del Rey,1.253100933,35181830,Barcelona (W) v Real Madrid FC (W),AWAY,36683270,SEL_36683270,13.5,47.65,510.0,0.41,496.5,55.61,0.41,135.63414634146343,,0.0,190.8,63.5,False
2026-01-23T22:33:08Z,2026-01-23T17:33:08-05:00,2026-01-24 18:00 UTC,2026-01-24T13:00-05:00,Copa del Rey,1.253100933,35181830,Barcelona (W) v Real Madrid FC (W),HOME,5226501,SEL_5226501,1.09,4.22,1.6,6.35,0.51,1001.58,219.81,4.556571584550293,,0.0,190.8,63.5,False
2026-01-23T22:33:08Z,2026-01-23T17:33:08-05:00,2026-01-24 18:00 UTC,2026-01-24T13:00-05:00,Copa del Rey,1.253100933,35181830,Barcelona (W) v Real Madrid FC (W),DRAW,58805,SEL_58805,1.09,4.57,120.0,0.15,118.91,18.86,0.15,125.73333333333333,,0.0,190.8,63.5,False
2026-01-23T22:33:28Z,2026-01-23T17:33:28-05:00,2026-01-24 18:00 UTC,2026-01-24T13:00-05:00,Copa del Rey,1.253100933,35181830,Barcelona (W) v Real Madrid FC (W),AWAY,36683270,SEL_36683270,13.5,47.65,510.0,0.41,496.5,55.61,0.41,135.63414634146343,,0.0,190.8,63.5,False
2026-01-23T22:33:28Z,2026-01-23T17:33:28-05:00,2026-01-24 18:00 UTC,2026-01-24T13:00-05:00,Copa del Rey,1.253100933,35181830,Barcelona (W) v Real Madrid FC (W),HOME,5226501,SEL_5226501,1.09,4.22,1.6,6.35,0.51,1001.58,219.81,4.556571584550293,,0.0,190.8,63.5,False
2026-01-23T22:33:28Z,2026-01-23T17:33:28-05:00,2026-01-24 18:00 UTC,2026-01-24T13:00-05:00,Copa del Rey,1.253100933,35181830,Barcelona (W) v Real Madrid FC (W),DRAW,58805,SEL_58805,1.09,4.57,120.0,0.15,118.91,18.86,0.15,125.73333333333333,,0.0,190.8,63.5,False
2026-01-23T22:33:48Z,2026-01-23T17:33:48-05:00,2026-01-24 18:00 UTC,2026-01-24T13:00-05:00,Copa del Rey,1.253100933,35181830,Barcelona (W) v Real Madrid FC (W),AWAY,36683270,SEL_36683270,13.5,47.65,510.0,0.41,496.5,55.61,0.41,135.63414634146343,,0.0,190.8,63.5,False
2026-01-23T22:33:48Z,2026-01-23T17:33:48-05:00,2026-01-24 18:00 UTC,2026-01-24T13:00-05:00,Copa del Rey,1.253100933,35181830,Barcelona (W) v Real Madrid FC (W),HOME,5226501,SEL_5226501,1.09,4.22,1.6,6.35,0.51,1001.58,219.81,4.556571584550293,,0.0,190.8,63.5,False
2026-01-23T22:33:48Z,2026-01-23T17:33:48-05:00,2026-01-24 18:00 UTC,2026-01-24T13:00-05:00,Copa del Rey,1.253100933,35181830,Barcelona (W) v Real Madrid FC (W),DRAW,58805,SEL_58805,1.09,4.57,120.0,0.15,118.91,18.86,0.15,125.73333333333333,,0.0,190.8,63.5,False
2026-01-23T22:34:08Z,2026-01-23T17:34:08-05:00,2026-01-24 18:00 UTC,2026-01-24T13:00-05:00,Copa del Rey,1.253100933,35181830,Barcelona (W) v Real Madrid FC (W),AWAY,36683270,SEL_36683270,13.5,47.65,510.0,0.41,496.5,55.61,0.41,135.63414634146343,,0.0,190.8,63.5,False
2026-01-23T22:34:08Z,2026-01-23T17:34:08-05:00,2026-01-24 18:00 UTC,2026-01-24T13:00-05:00,Copa del Rey,1.253100933,35181830,Barcelona (W) v Real Madrid FC (W),HOME,5226501,SEL_5226501,1.09,4.22,1.6,6.35,0.51,1001.58,219.81,4.556571584550293,,0.0,190.8,63.5,False
2026-01-23T22:34:08Z,2026-01-23T17:34:08-05:00,2026-01-24 18:00 UTC,2026-01-24T13:00-05:00,Copa del Rey,1.253100933,35181830,Barcelona (W) v Real Madrid FC (W),DRAW,58805,SEL_58805,1.09,4.57,120.0,0.15,118.91,18.86,0.15,125.73333333333333,,0.0,190.8,63.5,False
2026-01-23T22:34:28Z,2026-01-23T17:34:28-05:00,2026-01-24 18:00 UTC,2026-01-24T13:00-05:00,Copa del Rey,1.253100933,35181830,Barcelona (W) v Real Madrid FC (W),AWAY,36683270,SEL_36683270,13.5,47.65,510.0,0.41,496.5,55.61,0.41,135.63414634146343,,0.0,190.8,63.5,False
2026-01-23T22:34:28Z,2026-01-23T17:34:28-05:00,2026-01-24 18:00 UTC,2026-01-24T13:00-05:00,Copa del Rey,1.253100933,35181830,Barcelona (W) v Real Madrid FC (W),HOME,5226501,SEL_5226501,1.09,4.22,1.6,6.35,0.51,1001.58,219.81,4.556571584550293,,0.0,190.8,63.5,False
2026-01-23T22:34:28Z,2026-01-23T17:34:28-05:00,2026-01-24 18:00 UTC,2026-01-24T13:00-05:00,Copa del Rey,1.253100933,35181830,Barcelona (W) v Real Madrid FC (W),DRAW,58805,SEL_58805,1.09,4.57,120.0,0.15,118.91,18.86,0.15,125.73333333333333,,0.0,190.8,63.5,False
2026-01-23T22:34:35Z,2026-01-23T17:34:35-05:00,2026-01-24 18:00 UTC,2026-01-24T13:00-05:00,Copa del Rey,1.253100933,35181830,Barcelona (W) v Real Madrid FC (W),AWAY,36683270,SEL_36683270,13.5,47.65,510.0,0.41,496.5,55.61,0.41,135.63414634146343,,0.0,190.8,63.5,False
2026-01-23T22:34:35Z,2026-01-23T17:34:35-05:00,2026-01-24 18:00 UTC,2026-01-24T13:00-05:00,Copa del Rey,1.253100933,35181830,Barcelona (W) v Real Madrid FC (W),HOME,5226501,SEL_5226501,1.09,4.22,1.6,6.35,0.51,1001.58,219.81,4.556571584550293,,0.0,190.8,63.5,False
2026-01-23T22:34:35Z,2026-01-23T17:34:35-05:00,2026-01-24 18:00 UTC,2026-01-24T13:00-05:00,Copa del Rey,1.253100933,35181830,Barcelona (W) v Real Madrid FC (W),DRAW,58805,SEL_58805,1.09,4.57,120.0,0.15,118.91,18.86,0.15,125.73333333333333,,0.0,190.8,63.5,False
2026-01-23T22:34:48Z,2026-01-23T17:34:48-05:00,2026-01-24 18:00 UTC,2026-01-24T13:00-05:00,Copa del Rey,1.253100933,35181830,Barcelona (W) v Real Madrid FC (W),AWAY,36683270,SEL_36683270,13.5,47.65,510.0,0.41,496.5,55.61,0.41,135.63414634146343,,0.0,190.8,63.5,False
2026-01-23T22:34:48Z,2026-01-23T17:34:48-05:00,2026-01-24 18:00 UTC,2026-01-24T13:00-05:00,Copa del Rey,1.253100933,35181830,Barcelona (W) v Real Madrid FC (W),HOME,5226501,SEL_5226501,1.09,4.22,1.6,6.35,0.51,1001.58,219.81,4.556571584550293,,0.0,190.8,63.5,False
2026-01-23T22:34:48Z,2026-01-23T17:34:48-05:00,2026-01-24 18:00 UTC,2026-01-24T13:00-05:00,Copa del Rey,1.253100933,35181830,Barcelona (W) v Real Madrid FC (W),DRAW,58805,SEL_58805,1.09,4.57,120.0,0.15,118.91,18.86,0.15,125.73333333333333,,0.0,190.8,63.5,False
2026-01-23T22:35:08Z,2026-01-23T17:35:08-05:00,2026-01-24 18:00 UTC,2026-01-24T13:00-05:00,Copa del Rey,1.253100933,35181830,Barcelona (W) v Real Madrid FC (W),AWAY,36683270,SEL_36683270,13.5,47.65,510.0,0.41,496.5,55.61,0.41,135.63414634146343,,0.0,190.8,63.5,False
2026-01-23T22:35:08Z,2026-01-23T17:35:08-05:00,2026-01-24 18:00 UTC,2026-01-24T13:00-05:00,Copa del Rey,1.253100933,35181830,Barcelona (W) v Real Madrid FC (W),HOME,5226501,SEL_5226501,1.09,4.22,1.6,6.35,0.51,1001.58,219.81,4.556571584550293,,0.0,190.8,63.5,False
2026-01-23T22:35:08Z,2026-01-23T17:35:08-05:00,2026-01-24 18:00 UTC,2026-01-24T13:00-05:00,Copa del Rey,1.253100933,35181830,Barcelona (W) v Real Madrid FC (W),DRAW,58805,SEL_58805,1.09,4.57,120.0,0.15,118.91,18.86,0.15,125.73333333333333,,0.0,190.8,63.5,False
2026-01-23T22:35:28Z,2026-01-23T17:35:28-05:00,2026-01-24 18:00 UTC,2026-01-24T13:00-05:00,Copa del Rey,1.253100933,35181830,Barcelona (W) v Real Madrid FC (W),AWAY,36683270,SEL_36683270,13.5,47.65,510.0,0.41,496.5,55.61,0.41,135.63414634146343,,0.0,190.8,63.5,False
2026-01-23T22:35:28Z,2026-01-23T17:35:28-05:00,2026-01-24 18:00 UTC,2026-01-24T13:00-05:00,Copa del Rey,1.253100933,35181830,Barcelona (W) v Real Madrid FC (W),HOME,5226501,SEL_5226501,1.09,4.22,1.6,6.35,0.51,1001.58,219.81,4.556571584550293,,0.0,190.8,63.5,False
2026-01-23T22:35:28Z,2026-01-23T17:35:28-05:00,2026-01-24 18:00 UTC,2026-01-24T13:00-05:00,Copa del Rey,1.253100933,35181830,Barcelona (W) v Real Madrid FC (W),DRAW,58805,SEL_58805,1.09,4.57,120.0,0.15,118.91,18.86,0.15,125.73333333333333,,0.0,190.8,63.5,False
2026-01-23T22:35:48Z,2026-01-23T17:35:48-05:00,2026-01-24 18:00 UTC,2026-01-24T13:00-05:00,Copa del Rey,1.253100933,35181830,Barcelona (W) v Real Madrid FC (W),AWAY,36683270,SEL_36683270,13.5,47.65,510.0,0.41,496.5,55.61,0.41,135.63414634146343,,0.0,190.8,63.5,False
2026-01-23T22:35:48Z,2026-01-23T17:35:48-05:00,2026-01-24 18:00 UTC,2026-01-24T13:00-05:00,Copa del Rey,1.253100933,35181830,Barcelona (W) v Real Madrid FC (W),HOME,5226501,SEL_5226501,1.09,4.22,1.6,6.35,0.51,1001.58,219.81,4.556571584550293,,0.0,190.8,63.5,False
2026-01-23T22:35:48Z,2026-01-23T17:35:48-05:00,2026-01-24 18:00 UTC,2026-01-24T13:00-05:00,Copa del Rey,1.253100933,35181830,Barcelona (W) v Real Madrid FC (W),DRAW,58805,SEL_58805,1.09,4.57,120.0,0.15,118.91,18.86,0.15,125.73333333333333,,0.0,190.8,63.5,False
2026-01-23T22:36:08Z,2026-01-23T17:36:08-05:00,2026-01-24 18:00 UTC,2026-01-24T13:00-05:00,Copa del Rey,1.253100933,35181830,Barcelona (W) v Real Madrid FC (W),AWAY,36683270,SEL_36683270,13.5,47.65,510.0,0.41,496.5,55.61,0.41,135.63414634146343,,0.0,190.8,63.5,False
2026-01-23T22:36:08Z,2026-01-23T17:36:08-05:00,2026-01-24 18:00 UTC,2026-01-24T13:00-05:00,Copa del Rey,1.253100933,35181830,Barcelona (W) v Real Madrid FC (W),HOME,5226501,SEL_5226501,1.09,4.22,1.6,6.35,0.51,1001.58,219.81,4.556571584550293,,0.0,190.8,63.5,False
2026-01-23T22:36:08Z,2026-01-23T17:36:08-05:00,2026-01-24 18:00 UTC,2026-01-24T13:00-05:00,Copa del Rey,1.253100933,35181830,Barcelona (W) v Real Madrid FC (W),DRAW,58805,SEL_58805,1.09,4.57,120.0,0.15,118.91,18.86,0.15,125.73333333333333,,0.0,190.8,63.5,False
2026-01-23T22:36:28Z,2026-01-23T17:36:28-05:00,2026-01-24 18:00 UTC,2026-01-24T13:00-05:00,Copa del Rey,1.253100933,35181830,Barcelona (W) v Real Madrid FC (W),AWAY,36683270,SEL_36683270,13.5,47.65,510.0,0.41,496.5,55.61,0.41,135.63414634146343,,0.0,190.8,63.5,False
2026-01-23T22:36:28Z,2026-01-23T17:36:28-05:00,2026-01-24 18:00 UTC,2026-01-24T13:00-05:00,Copa del Rey,1.253100933,35181830,Barcelona (W) v Real Madrid FC (W),HOME,5226501,SEL_5226501,1.09,4.22,1.6,6.35,0.51,1001.58,219.81,4.556571584550293,,0.0,190.8,63.5,False
2026-01-23T22:36:28Z,2026-01-23T17:36:28-05:00,2026-01-24 18:00 UTC,2026-01-24T13:00-05:00,Copa del Rey,1.253100933,35181830,Barcelona (W) v Real Madrid FC (W),DRAW,58805,SEL_58805,1.09,4.57,120.0,0.15,118.91,18.86,0.15,125.73333333333333,,0.0,190.8,63.5,False
2026-01-23T22:36:48Z,2026-01-23T17:36:48-05:00,2026-01-24 18:00 UTC,2026-01-24T13:00-05:00,Copa del Rey,1.253100933,35181830,Barcelona (W) v Real Madrid FC (W),AWAY,36683270,SEL_36683270,13.5,47.65,510.0,0.41,496.5,55.61,0.41,135.63414634146343,,0.0,190.8,63.5,False
2026-01-23T22:36:48Z,2026-01-23T17:36:48-05:00,2026-01-24 18:00 UTC,2026-01-24T13:00-05:00,Copa del Rey,1.253100933,35181830,Barcelona (W) v Real Madrid FC (W),HOME,5226501,SEL_5226501,1.09,4.22,1.6,6.35,0.51,1001.58,219.81,4.556571584550293,,0.0,190.8,63.5,False
2026-01-23T22:36:48Z,2026-01-23T17:36:48-05:00,2026-01-24 18:00 UTC,2026-01-24T13:00-05:00,Copa del Rey,1.253100933,35181830,Barcelona (W) v Real Madrid FC (W),DRAW,58805,SEL_58805,1.09,4.57,120.0,0.15,118.91,18.86,0.15,125.73333333333333,,0.0,190.8,63.5,False
2026-01-23T22:37:08Z,2026-01-23T17:37:08-05:00,2026-01-24 18:00 UTC,2026-01-24T13:00-05:00,Copa del Rey,1.253100933,35181830,Barcelona (W) v Real Madrid FC (W),AWAY,36683270,SEL_36683270,13.5,47.65,510.0,0.41,496.5,55.61,0.41,135.63414634146343,,0.0,190.8,63.5,False
2026-01-23T22:37:08Z,2026-01-23T17:37:08-05:00,2026-01-24 18:00 UTC,2026-01-24T13:00-05:00,Copa del Rey,1.253100933,35181830,Barcelona (W) v Real Madrid FC (W),HOME,5226501,SEL_5226501,1.09,4.22,1.6,6.35,0.51,1001.58,219.81,4.556571584550293,,0.0,190.8,63.5,False
2026-01-23T22:37:08Z,2026-01-23T17:37:08-05:00,2026-01-24 18:00 UTC,2026-01-24T13:00-05:00,Copa del Rey,1.253100933,35181830,Barcelona (W) v Real Madrid FC (W),DRAW,58805,SEL_58805,1.09,4.57,120.0,0.15,118.91,18.86,0.15,125.73333333333333,,0.0,190.8,63.5,False
2026-01-23T22:37:28Z,2026-01-23T17:37:28-05:00,2026-01-24 18:00 UTC,2026-01-24T13:00-05:00,Copa del Rey,1.253100933,35181830,Barcelona (W) v Real Madrid FC (W),AWAY,36683270,SEL_36683270,13.5,47.65,510.0,0.41,496.5,55.61,0.41,135.63414634146343,,0.0,190.8,63.5,False
2026-01-23T22:37:28Z,2026-01-23T17:37:28-05:00,2026-01-24 18:00 UTC,2026-01-24T13:00-05:00,Copa del Rey,1.253100933,35181830,Barcelona (W) v Real Madrid FC (W),HOME,5226501,SEL_5226501,1.09,4.22,1.6,6.35,0.51,1001.58,219.81,4.556571584550293,,0.0,190.8,63.5,False
2026-01-23T22:37:28Z,2026-01-23T17:37:28-05:00,2026-01-24 18:00 UTC,2026-01-24T13:00-05:00,Copa del Rey,1.253100933,35181830,Barcelona (W) v Real Madrid FC (W),DRAW,58805,SEL_58805,1.09,4.57,120.0,0.15,118.91,18.86,0.15,125.73333333333333,,0.0,190.8,63.5,False
2026-01-23T22:37:35Z,2026-01-23T17:37:35-05:00,2026-01-24 18:00 UTC,2026-01-24T13:00-05:00,Copa del Rey,1.253100933,35181830,Barcelona (W) v Real Madrid FC (W),AWAY,36683270,SEL_36683270,13.5,47.65,510.0,0.41,496.5,55.61,0.41,135.63414634146343,,0.0,135.9,63.5,False
2026-01-23T22:37:35Z,2026-01-23T17:37:35-05:00,2026-01-24 18:00 UTC,2026-01-24T13:00-05:00,Copa del Rey,1.253100933,35181830,Barcelona (W) v Real Madrid FC (W),HOME,5226501,SEL_5226501,1.09,4.22,1.6,6.35,0.51,1001.58,220.37,4.544992512592458,,0.0,135.9,63.5,False
2026-01-23T22:37:35Z,2026-01-23T17:37:35-05:00,2026-01-24 18:00 UTC,2026-01-24T13:00-05:00,Copa del Rey,1.253100933,35181830,Barcelona (W) v Real Madrid FC (W),DRAW,58805,SEL_58805,2.72,3.74,120.0,0.15,117.28,11.56,0.15,77.06666666666668,,0.0,135.9,63.5,False
2026-01-23T22:37:49Z,2026-01-23T17:37:49-05:00,2026-01-24 18:00 UTC,2026-01-24T13:00-05:00,Copa del Rey,1.253100933,35181830,Barcelona (W) v Real Madrid FC (W),AWAY,36683270,SEL_36683270,13.5,47.65,510.0,0.41,496.5,55.61,0.41,135.63414634146343,,0.0,135.9,63.5,False
2026-01-23T22:37:49Z,2026-01-23T17:37:49-05:00,2026-01-24 18:00 UTC,2026-01-24T13:00-05:00,Copa del Rey,1.253100933,35181830,Barcelona (W) v Real Madrid FC (W),HOME,5226501,SEL_5226501,1.09,4.22,1.6,6.35,0.51,1001.58,220.37,4.544992512592458,,0.0,135.9,63.5,False
2026-01-23T22:37:49Z,2026-01-23T17:37:49-05:00,2026-01-24 18:00 UTC,2026-01-24T13:00-05:00,Copa del Rey,1.253100933,35181830,Barcelona (W) v Real Madrid FC (W),DRAW,58805,SEL_58805,2.72,3.74,120.0,0.15,117.28,11.56,0.15,77.06666666666668,,0.0,135.9,63.5,False
2026-01-23T22:38:09Z,2026-01-23T17:38:09-05:00,2026-01-24 18:00 UTC,2026-01-24T13:00-05:00,Copa del Rey,1.253100933,35181830,Barcelona (W) v Real Madrid FC (W),AWAY,36683270,SEL_36683270,13.5,47.65,510.0,0.41,496.5,55.61,0.41,135.63414634146343,,0.0,135.9,63.5,False
2026-01-23T22:38:09Z,2026-01-23T17:38:09-05:00,2026-01-24 18:00 UTC,2026-01-24T13:00-05:00,Copa del Rey,1.253100933,35181830,Barcelona (W) v Real Madrid FC (W),HOME,5226501,SEL_5226501,1.09,4.22,1.6,6.35,0.51,1001.58,220.37,4.544992512592458,,0.0,135.9,63.5,False
2026-01-23T22:38:09Z,2026-01-23T17:38:09-05:00,2026-01-24 18:00 UTC,2026-01-24T13:00-05:00,Copa del Rey,1.253100933,35181830,Barcelona (W) v Real Madrid FC (W),DRAW,58805,SEL_58805,2.72,3.74,120.0,0.15,117.28,11.56,0.15,77.06666666666668,,0.0,135.9,63.5,False
2026-01-23T22:38:29Z,2026-01-23T17:38:29-05:00,2026-01-24 18:00 UTC,2026-01-24T13:00-05:00,Copa del Rey,1.253100933,35181830,Barcelona (W) v Real Madrid FC (W),AWAY,36683270,SEL_36683270,13.5,47.65,510.0,0.41,496.5,55.61,0.41,135.63414634146343,,0.0,135.9,63.5,False
2026-01-23T22:38:29Z,2026-01-23T17:38:29-05:00,2026-01-24 18:00 UTC,2026-01-24T13:00-05:00,Copa del Rey,1.253100933,35181830,Barcelona (W) v Real Madrid FC (W),HOME,5226501,SEL_5226501,1.09,4.22,1.6,6.35,0.51,1001.58,220.37,4.544992512592458,,0.0,135.9,63.5,False
2026-01-23T22:38:29Z,2026-01-23T17:38:29-05:00,2026-01-24 18:00 UTC,2026-01-24T13:00-05:00,Copa del Rey,1.253100933,35181830,Barcelona (W) v Real Madrid FC (W),DRAW,58805,SEL_58805,2.72,3.74,120.0,0.15,117.28,11.56,0.15,77.06666666666668,,0.0,135.9,63.5,False
2026-01-23T22:38:49Z,2026-01-23T17:38:49-05:00,2026-01-24 18:00 UTC,2026-01-24T13:00-05:00,Copa del Rey,1.253100933,35181830,Barcelona (W) v Real Madrid FC (W),AWAY,36683270,SEL_36683270,13.5,47.65,510.0,0.41,496.5,55.61,0.41,135.63414634146343,,0.0,135.9,63.5,False
2026-01-23T22:38:49Z,2026-01-23T17:38:49-05:00,2026-01-24 18:00 UTC,2026-01-24T13:00-05:00,Copa del Rey,1.253100933,35181830,Barcelona (W) v Real Madrid FC (W),HOME,5226501,SEL_5226501,1.09,4.22,1.6,6.35,0.51,1001.58,220.37,4.544992512592458,,0.0,135.9,63.5,False
2026-01-23T22:38:49Z,2026-01-23T17:38:49-05:00,2026-01-24 18:00 UTC,2026-01-24T13:00-05:00,Copa del Rey,1.253100933,35181830,Barcelona (W) v Real Madrid FC (W),DRAW,58805,SEL_58805,2.72,3.74,120.0,0.15,117.28,11.56,0.15,77.06666666666668,,0.0,135.9,63.5,False
2026-01-23T22:39:09Z,2026-01-23T17:39:09-05:00,2026-01-24 18:00 UTC,2026-01-24T13:00-05:00,Copa del Rey,1.253100933,35181830,Barcelona (W) v Real Madrid FC (W),AWAY,36683270,SEL_36683270,13.5,47.65,510.0,0.41,496.5,55.61,0.41,135.63414634146343,,0.0,135.9,63.5,False
2026-01-23T22:39:09Z,2026-01-23T17:39:09-05:00,2026-01-24 18:00 UTC,2026-01-24T13:00-05:00,Copa del Rey,1.253100933,35181830,Barcelona (W) v Real Madrid FC (W),HOME,5226501,SEL_5226501,1.09,4.22,1.6,6.35,0.51,1001.58,220.37,4.544992512592458,,0.0,135.9,63.5,False
2026-01-23T22:39:09Z,2026-01-23T17:39:09-05:00,2026-01-24 18:00 UTC,2026-01-24T13:00-05:00,Copa del Rey,1.253100933,35181830,Barcelona (W) v Real Madrid FC (W),DRAW,58805,SEL_58805,2.72,3.74,120.0,0.15,117.28,11.56,0.15,77.06666666666668,,0.0,135.9,63.5,False
2026-01-23T22:39:18Z,2026-01-23T17:39:18-05:00,2026-01-24 18:00 UTC,2026-01-24T13:00-05:00,Copa del Rey,1.253100933,35181830,Barcelona (W) v Real Madrid FC (W),AWAY,36683270,SEL_36683270,13.5,47.65,510.0,0.41,496.5,55.61,0.41,135.63414634146343,,0.0,190.8,63.5,False
2026-01-23T22:39:18Z,2026-01-23T17:39:18-05:00,2026-01-24 18:00 UTC,2026-01-24T13:00-05:00,Copa del Rey,1.253100933,35181830,Barcelona (W) v Real Madrid FC (W),HOME,5226501,SEL_5226501,1.09,4.22,1.6,6.35,0.51,1001.58,219.81,4.556571584550293,,0.0,190.8,63.5,False
2026-01-23T22:39:18Z,2026-01-23T17:39:18-05:00,2026-01-24 18:00 UTC,2026-01-24T13:00-05:00,Copa del Rey,1.253100933,35181830,Barcelona (W) v Real Madrid FC (W),DRAW,58805,SEL_58805,1.09,4.57,120.0,0.15,118.91,18.86,0.15,125.73333333333333,,0.0,190.8,63.5,False
2026-01-23T22:39:29Z,2026-01-23T17:39:29-05:00,2026-01-24 18:00 UTC,2026-01-24T13:00-05:00,Copa del Rey,1.253100933,35181830,Barcelona (W) v Real Madrid FC (W),AWAY,36683270,SEL_36683270,13.5,47.65,510.0,0.41,496.5,55.61,0.41,135.63414634146343,,0.0,190.8,63.5,False
2026-01-23T22:39:29Z,2026-01-23T17:39:29-05:00,2026-01-24 18:00 UTC,2026-01-24T13:00-05:00,Copa del Rey,1.253100933,35181830,Barcelona (W) v Real Madrid FC (W),HOME,5226501,SEL_5226501,1.09,4.22,1.6,6.35,0.51,1001.58,219.81,4.556571584550293,,0.0,190.8,63.5,False
2026-01-23T22:39:29Z,2026-01-23T17:39:29-05:00,2026-01-24 18:00 UTC,2026-01-24T13:00-05:00,Copa del Rey,1.253100933,35181830,Barcelona (W) v Real Madrid FC (W),DRAW,58805,SEL_58805,1.09,4.57,120.0,0.15,118.91,18.86,0.15,125.73333333333333,,0.0,190.8,63.5,False
2026-01-23T22:39:49Z,2026-01-23T17:39:49-05:00,2026-01-24 18:00 UTC,2026-01-24T13:00-05:00,Copa del Rey,1.253100933,35181830,Barcelona (W) v Real Madrid FC (W),AWAY,36683270,SEL_36683270,13.5,47.65,510.0,0.41,496.5,55.61,0.41,135.63414634146343,,0.0,190.8,63.5,False
2026-01-23T22:39:49Z,2026-01-23T17:39:49-05:00,2026-01-24 18:00 UTC,2026-01-24T13:00-05:00,Copa del Rey,1.253100933,35181830,Barcelona (W) v Real Madrid FC (W),HOME,5226501,SEL_5226501,1.09,4.22,1.6,6.35,0.51,1001.58,219.81,4.556571584550293,,0.0,190.8,63.5,False
2026-01-23T22:39:49Z,2026-01-23T17:39:49-05:00,2026-01-24 18:00 UTC,2026-01-24T13:00-05:00,Copa del Rey,1.253100933,35181830,Barcelona (W) v Real Madrid FC (W),DRAW,58805,SEL_58805,1.09,4.57,120.0,0.15,118.91,18.86,0.15,125.73333333333333,,0.0,190.8,63.5,False
2026-01-23T22:40:09Z,2026-01-23T17:40:09-05:00,2026-01-24 18:00 UTC,2026-01-24T13:00-05:00,Copa del Rey,1.253100933,35181830,Barcelona (W) v Real Madrid FC (W),AWAY,36683270,SEL_36683270,13.5,47.65,510.0,0.41,496.5,55.61,0.41,135.63414634146343,,0.0,190.8,63.5,False
2026-01-23T22:40:09Z,2026-01-23T17:40:09-05:00,2026-01-24 18:00 UTC,2026-01-24T13:00-05:00,Copa del Rey,1.253100933,35181830,Barcelona (W) v Real Madrid FC (W),HOME,5226501,SEL_5226501,1.09,4.22,1.6,6.35,0.51,1001.58,219.81,4.556571584550293,,0.0,190.8,63.5,False
2026-01-23T22:40:09Z,2026-01-23T17:40:09-05:00,2026-01-24 18:00 UTC,2026-01-24T13:00-05:00,Copa del Rey,1.253100933,35181830,Barcelona (W) v Real Madrid FC (W),DRAW,58805,SEL_58805,1.09,4.57,120.0,0.15,118.91,18.86,0.15,125.73333333333333,,0.0,190.8,63.5,False
2026-01-23T22:40:29Z,2026-01-23T17:40:29-05:00,2026-01-24 18:00 UTC,2026-01-24T13:00-05:00,Copa del Rey,1.253100933,35181830,Barcelona (W) v Real Madrid FC (W),AWAY,36683270,SEL_36683270,13.5,47.65,510.0,0.41,496.5,55.61,0.41,135.63414634146343,,0.0,190.8,63.5,False
2026-01-23T22:40:29Z,2026-01-23T17:40:29-05:00,2026-01-24 18:00 UTC,2026-01-24T13:00-05:00,Copa del Rey,1.253100933,35181830,Barcelona (W) v Real Madrid FC (W),HOME,5226501,SEL_5226501,1.09,4.22,1.6,6.35,0.51,1001.58,219.81,4.556571584550293,,0.0,190.8,63.5,False
2026-01-23T22:40:29Z,2026-01-23T17:40:29-05:00,2026-01-24 18:00 UTC,2026-01-24T13:00-05:00,Copa del Rey,1.253100933,35181830,Barcelona (W) v Real Madrid FC (W),DRAW,58805,SEL_58805,1.09,4.57,120.0,0.15,118.91,18.86,0.15,125.73333333333333,,0.0,190.8,63.5,False
2026-01-23T22:40:49Z,2026-01-23T17:40:49-05:00,2026-01-24 18:00 UTC,2026-01-24T13:00-05:00,Copa del Rey,1.253100933,35181830,Barcelona (W) v Real Madrid FC (W),AWAY,36683270,SEL_36683270,13.5,47.65,510.0,0.41,496.5,55.61,0.41,135.63414634146343,,0.0,190.8,63.5,False
2026-01-23T22:40:49Z,2026-01-23T17:40:49-05:00,2026-01-24 18:00 UTC,2026-01-24T13:00-05:00,Copa del Rey,1.253100933,35181830,Barcelona (W) v Real Madrid FC (W),HOME,5226501,SEL_5226501,1.09,4.22,1.6,6.35,0.51,1001.58,219.81,4.556571584550293,,0.0,190.8,63.5,False
2026-01-23T22:40:49Z,2026-01-23T17:40:49-05:00,2026-01-24 18:00 UTC,2026-01-24T13:00-05:00,Copa del Rey,1.253100933,35181830,Barcelona (W) v Real Madrid FC (W),DRAW,58805,SEL_58805,1.09,4.57,120.0,0.15,118.91,18.86,0.15,125.73333333333333,,0.0,190.8,63.5,False
2026-01-23T22:41:09Z,2026-01-23T17:41:09-05:00,2026-01-24 18:00 UTC,2026-01-24T13:00-05:00,Copa del Rey,1.253100933,35181830,Barcelona (W) v Real Madrid FC (W),AWAY,36683270,SEL_36683270,13.5,47.65,510.0,0.41,496.5,55.61,0.41,135.63414634146343,,0.0,190.8,63.5,False
2026-01-23T22:41:09Z,2026-01-23T17:41:09-05:00,2026-01-24 18:00 UTC,2026-01-24T13:00-05:00,Copa del Rey,1.253100933,35181830,Barcelona (W) v Real Madrid FC (W),HOME,5226501,SEL_5226501,1.09,4.22,1.6,6.35,0.51,1001.58,219.81,4.556571584550293,,0.0,190.8,63.5,False
2026-01-23T22:41:09Z,2026-01-23T17:41:09-05:00,2026-01-24 18:00 UTC,2026-01-24T13:00-05:00,Copa del Rey,1.253100933,35181830,Barcelona (W) v Real Madrid FC (W),DRAW,58805,SEL_58805,1.09,4.57,120.0,0.15,118.91,18.86,0.15,125.73333333333333,,0.0,190.8,63.5,False
2026-01-23T22:41:29Z,2026-01-23T17:41:29-05:00,2026-01-24 18:00 UTC,2026-01-24T13:00-05:00,Copa del Rey,1.253100933,35181830,Barcelona (W) v Real Madrid FC (W),AWAY,36683270,SEL_36683270,13.5,47.65,510.0,0.41,496.5,55.61,0.41,135.63414634146343,,0.0,190.8,63.5,False
2026-01-23T22:41:29Z,2026-01-23T17:41:29-05:00,2026-01-24 18:00 UTC,2026-01-24T13:00-05:00,Copa del Rey,1.253100933,35181830,Barcelona (W) v Real Madrid FC (W),HOME,5226501,SEL_5226501,1.09,4.22,1.6,6.35,0.51,1001.58,219.81,4.556571584550293,,0.0,190.8,63.5,False
2026-01-23T22:41:29Z,2026-01-23T17:41:29-05:00,2026-01-24 18:00 UTC,2026-01-24T13:00-05:00,Copa del Rey,1.253100933,35181830,Barcelona (W) v Real Madrid FC (W),DRAW,58805,SEL_58805,1.09,4.57,120.0,0.15,118.91,18.86,0.15,125.73333333333333,,0.0,190.8,63.5,False
2026-01-23T22:41:44Z,2026-01-23T17:41:44-05:00,2026-01-24 18:00 UTC,2026-01-24T13:00-05:00,Copa del Rey,1.253100933,35181830,Barcelona (W) v Real Madrid FC (W),AWAY,36683270,SEL_36683270,13.5,47.65,65.0,3.61,51.5,53.64,4.02,13.343283582089553,,0.0,131.4,74.7,False
2026-01-23T22:41:44Z,2026-01-23T17:41:44-05:00,2026-01-24 18:00 UTC,2026-01-24T13:00-05:00,Copa del Rey,1.253100933,35181830,Barcelona (W) v Real Madrid FC (W),HOME,5226501,SEL_5226501,1.09,4.22,1.5,3.61,0.4099999999999999,555.57,126.88,4.378704287515763,,0.0,131.4,74.7,False
2026-01-23T22:41:44Z,2026-01-23T17:41:44-05:00,2026-01-24 18:00 UTC,2026-01-24T13:00-05:00,Copa del Rey,1.253100933,35181830,Barcelona (W) v Real Madrid FC (W),DRAW,58805,SEL_58805,3.1,1.75,15.5,3.61,12.4,8.44,3.76,2.24468085106383,,0.0,131.4,74.7,False
2026-01-23T22:41:49Z,2026-01-23T17:41:49-05:00,2026-01-24 18:00 UTC,2026-01-24T13:00-05:00,Copa del Rey,1.253100933,35181830,Barcelona (W) v Real Madrid FC (W),AWAY,36683270,SEL_36683270,13.5,47.65,65.0,3.61,51.5,53.64,4.02,13.343283582089553,,0.0,131.4,74.7,False
2026-01-23T22:41:49Z,2026-01-23T17:41:49-05:00,2026-01-24 18:00 UTC,2026-01-24T13:00-05:00,Copa del Rey,1.253100933,35181830,Barcelona (W) v Real Madrid FC (W),HOME,5226501,SEL_5226501,1.09,4.22,1.5,3.61,0.4099999999999999,555.57,126.88,4.378704287515763,,0.0,131.4,74.7,False
2026-01-23T22:41:49Z,2026-01-23T17:41:49-05:00,2026-01-24 18:00 UTC,2026-01-24T13:00-05:00,Copa del Rey,1.253100933,35181830,Barcelona (W) v Real Madrid FC (W),DRAW,58805,SEL_58805,3.1,1.75,15.5,3.61,12.4,8.44,3.76,2.24468085106383,,0.0,131.4,74.7,False
