ts_utc,ts_pe,start_utc,start_pe,liga,market_id,event_id,event_name,selection,selection_id,selection_name,best_back_odds,best_back_amt,best_lay_odds,best_lay_amt,spread,sum_back_top3,sum_lay_top3,blpr,tv_runner,tv_market,overround,underround,locked
2026-01-21T06:18:07Z,2026-01-21T01:18:07-05:00,2026-01-28 22:00 UTC,,Brasileirao,1.251815071,35068990,Atletico MG v SE Palmeiras,DRAW,58805,SEL_58805,3.4,14.91,3.55,8.77,0.1499999999999999,44.7,25.23,1.7717003567181928,4.0,10.83,102.7,96.9,False
2026-01-21T06:18:07Z,2026-01-21T01:18:07-05:00,2026-01-28 22:00 UTC,,Brasileirao,1.251815071,35068990,Atletico MG v SE Palmeiras,HOME,361329,SEL_361329,2.74,7.04,2.92,15.06,0.17999999999999972,37.38,34.08,1.096830985915493,3.83,10.83,102.7,96.9,False
2026-01-21T06:18:07Z,2026-01-21T01:18:07-05:00,2026-01-28 22:00 UTC,,Brasileirao,1.251815071,35068990,Atletico MG v SE Palmeiras,AWAY,22498185,SEL_22498185,2.72,13.04,2.9,12.63,0.17999999999999972,30.34,28.67,1.0582490408092082,1.38,10.83,102.7,96.9,False
2026-01-21T06:18:07Z,2026-01-21T01:18:07-05:00,2026-01-28 22:00 UTC,,Brasileirao,1.251820266,35069721,Coritiba v Red Bull Bragantino,DRAW,58805,SEL_58805,3.2,2.35,3.55,23.4,0.34999999999999964,38.48,31.08,1.2380952380952381,,8.14,103.7,92.7,False
2026-01-21T06:18:07Z,2026-01-21T01:18:07-05:00,2026-01-28 22:00 UTC,,Brasileirao,1.251820266,35069721,Coritiba v Red Bull Bragantino,HOME,198141,SEL_198141,2.24,18.84,2.46,3.06,0.21999999999999975,62.93,11.21,5.613737734165923,1.38,8.14,103.7,92.7,False
2026-01-21T06:18:07Z,2026-01-21T01:18:07-05:00,2026-01-28 22:00 UTC,,Brasileirao,1.251820266,35069721,Coritiba v Red Bull Bragantino,AWAY,71387076,SEL_71387076,3.6,5.55,4.2,1.79,0.6000000000000001,28.95,32.76,0.8836996336996338,5.54,8.14,103.7,92.7,False
2026-01-21T06:18:07Z,2026-01-21T01:18:07-05:00,2026-01-28 22:00 UTC,,Brasileirao,1.251814855,35069015,EC Vitoria Salvador v Remo,HOME,5336581,SEL_5336581,1.76,2.35,1.81,23.42,0.050000000000000044,51.339999999999996,44.3,1.1589164785553048,61.27,74.09,102.5,96.8,False
2026-01-21T06:18:07Z,2026-01-21T01:18:07-05:00,2026-01-28 22:00 UTC,,Brasileirao,1.251814855,35069015,EC Vitoria Salvador v Remo,AWAY,376830,SEL_376830,5.7,4.96,6.4,16.04,0.7000000000000002,11.37,24.33,0.46732429099876693,1.74,74.09,102.5,96.8,False
2026-01-21T06:18:07Z,2026-01-21T01:18:07-05:00,2026-01-28 22:00 UTC,,Brasileirao,1.251814855,35069015,EC Vitoria Salvador v Remo,DRAW,58805,SEL_58805,3.55,17.1,3.85,5.59,0.30000000000000027,32.59,27.86,1.1697774587221825,,74.09,102.5,96.8,False
2026-01-21T06:18:07Z,2026-01-21T01:18:07-05:00,2026-01-28 22:00 UTC,,Brasileirao,1.251814747,35069022,Internacional v Athletico-PR,HOME,198137,SEL_198137,1.99,2.35,2.12,18.77,0.13000000000000012,25.78,35.59,0.7243607754987356,26.23,150.81,103.5,95.4,False
2026-01-21T06:18:07Z,2026-01-21T01:18:07-05:00,2026-01-28 22:00 UTC,,Brasileirao,1.251814747,35069022,Internacional v Athletico-PR,DRAW,58805,SEL_58805,3.35,5.59,3.6,15.47,0.25,18.11,28.71,0.6307906652734239,16.6,150.81,103.5,95.4,False
2026-01-21T06:18:07Z,2026-01-21T01:18:07-05:00,2026-01-28 22:00 UTC,,Brasileirao,1.251814747,35069022,Internacional v Athletico-PR,AWAY,36860494,SEL_36860494,4.3,13.6,4.9,13.64,0.6000000000000005,26.14,18.77,1.3926478423015451,85.43,150.81,103.5,95.4,False
2026-01-21T06:18:07Z,2026-01-21T01:18:07-05:00,2026-01-28 22:30 UTC,,Brasileirao,1.251815395,35068958,Fluminense v Gremio,HOME,198133,SEL_198133,1.83,7.05,1.93,15.71,0.09999999999999987,47.91,43.48,1.1018859245630175,12.22,89.0,102.8,96.7,False
2026-01-21T06:18:07Z,2026-01-21T01:18:07-05:00,2026-01-28 22:30 UTC,,Brasileirao,1.251815395,35068958,Fluminense v Gremio,AWAY,198134,SEL_198134,5.1,5.57,5.7,2.29,0.6000000000000005,11.01,33.5,0.32865671641791044,62.18,89.0,102.8,96.7,False
2026-01-21T06:18:07Z,2026-01-21T01:18:07-05:00,2026-01-28 22:30 UTC,,Brasileirao,1.251815395,35068958,Fluminense v Gremio,DRAW,58805,SEL_58805,3.5,5.59,3.65,7.05,0.1499999999999999,17.28,35.86,0.48187395426659235,1.29,89.0,102.8,96.7,False
2026-01-21T06:18:07Z,2026-01-21T01:18:07-05:00,2026-01-28 23:00 UTC,,Brasileirao,1.251820158,35069722,Chapecoense v Santos,DRAW,58805,SEL_58805,3.15,5.59,3.35,5.59,0.20000000000000018,23.72,20.549999999999997,1.1542579075425792,1.16,16.9,103.3,96.4,False
2026-01-21T06:18:07Z,2026-01-21T01:18:07-05:00,2026-01-28 23:00 UTC,,Brasileirao,1.251820158,35069722,Chapecoense v Santos,HOME,2909511,SEL_2909511,3.35,5.59,3.65,17.93,0.2999999999999998,22.380000000000003,26.28,0.8515981735159818,1.07,16.9,103.3,96.4,False
2026-01-21T06:18:07Z,2026-01-21T01:18:07-05:00,2026-01-28 23:00 UTC,,Brasileirao,1.251820158,35069722,Chapecoense v Santos,AWAY,198127,SEL_198127,2.4,13.3,2.56,5.59,0.16000000000000014,41.28,25.53,1.6169212690951822,12.14,16.9,103.3,96.4,False
2026-01-21T06:18:07Z,2026-01-21T01:18:07-05:00,2026-01-28 23:00 UTC,,Brasileirao,1.251815287,35068960,Corinthians v Bahia,HOME,198136,SEL_198136,1.11,5.59,2.62,2.87,1.51,17.86,3.7,4.827027027027027,17.51,24.85,151.7,38.4,False
2026-01-21T06:18:07Z,2026-01-21T01:18:07-05:00,2026-01-28 23:00 UTC,,Brasileirao,1.251815287,35068960,Corinthians v Bahia,DRAW,58805,SEL_58805,3.2,2.35,950.0,3.61,946.8,8.83,4.09,2.1589242053789732,,24.85,151.7,38.4,False
2026-01-21T06:18:07Z,2026-01-21T01:18:07-05:00,2026-01-28 23:00 UTC,,Brasileirao,1.251815287,35068960,Corinthians v Bahia,AWAY,198139,SEL_198139,3.3,2.35,980.0,1.33,976.7,12.07,1.3900000000000001,8.683453237410072,3.62,24.85,151.7,38.4,False
2026-01-21T06:18:07Z,2026-01-21T01:18:07-05:00,2026-01-28 23:00 UTC,,Brasileirao,1.251814963,35069005,Mirassol v Vasco Da Gama,HOME,2760854,SEL_2760854,1.84,6.98,1.86,35.86,0.020000000000000018,40.41,53.99,0.7484719392480088,62.19,195.39,100.4,98.2,False
2026-01-21T06:18:07Z,2026-01-21T01:18:07-05:00,2026-01-28 23:00 UTC,,Brasileirao,1.251814963,35069005,Mirassol v Vasco Da Gama,DRAW,58805,SEL_58805,3.95,10.18,4.1,1.48,0.14999999999999947,17.0,8.68,1.9585253456221199,25.03,195.39,100.4,98.2,False
2026-01-21T06:18:07Z,2026-01-21T01:18:07-05:00,2026-01-28 23:00 UTC,,Brasileirao,1.251814963,35069005,Mirassol v Vasco Da Gama,AWAY,198124,SEL_198124,4.8,1.27,5.0,2.58,0.20000000000000018,15.549999999999999,31.43,0.494750238625517,78.95,195.39,100.4,98.2,False
2026-01-21T06:18:07Z,2026-01-21T01:18:07-05:00,2026-01-29 00:30 UTC,,Brasileirao,1.251815179,35068964,Sao Paulo v Flamengo,DRAW,58805,SEL_58805,3.6,18.14,3.75,5.59,0.1499999999999999,24.03,9.58,2.508350730688935,2.86,83.44,103.7,97.2,False
2026-01-21T06:18:07Z,2026-01-21T01:18:07-05:00,2026-01-29 00:30 UTC,,Brasileirao,1.251815179,35068964,Sao Paulo v Flamengo,AWAY,198138,SEL_198138,1.99,10.52,2.12,5.59,0.13000000000000012,22.419999999999998,41.09,0.5456315405208079,53.08,83.44,103.7,97.2,False
2026-01-21T06:18:07Z,2026-01-21T01:18:07-05:00,2026-01-29 00:30 UTC,,Brasileirao,1.251815179,35068964,Sao Paulo v Flamengo,HOME,198126,SEL_198126,3.9,12.66,4.3,5.59,0.3999999999999999,18.2,9.129999999999999,1.9934282584884997,15.02,83.44,103.7,97.2,False
2026-01-21T06:18:07Z,2026-01-21T01:18:07-05:00,2026-01-30 00:30 UTC,,Brasileirao,1.251820375,35069717,Botafogo FR v Cruzeiro MG,DRAW,58805,SEL_58805,3.35,14.19,3.65,6.7,0.2999999999999998,24.47,33.62,0.7278405710886378,33.07,75.29,103.2,96.3,False
2026-01-21T06:18:07Z,2026-01-21T01:18:07-05:00,2026-01-30 00:30 UTC,,Brasileirao,1.251820375,35069717,Botafogo FR v Cruzeiro MG,AWAY,10901767,SEL_10901767,2.98,1.29,3.2,7.88,0.2200000000000002,18.74,35.410000000000004,0.529229031347077,23.04,75.29,103.2,96.3,False
2026-01-21T06:18:07Z,2026-01-21T01:18:07-05:00,2026-01-30 00:30 UTC,,Brasileirao,1.251820375,35069717,Botafogo FR v Cruzeiro MG,HOME,11302836,SEL_11302836,2.52,5.59,2.66,7.05,0.14000000000000012,16.54,36.03,0.4590618928670552,7.92,75.29,103.2,96.3,False
2026-01-21T06:21:42Z,2026-01-21T01:21:42-05:00,2026-01-29 00:30 UTC,,Brasileirao,1.251815179,35068964,Sao Paulo v Flamengo,DRAW,58805,SEL_58805,3.6,18.14,3.75,5.59,0.1499999999999999,31.03,39.95,0.776720901126408,2.86,83.44,103.4,97.7,False
2026-01-21T06:21:42Z,2026-01-21T01:21:42-05:00,2026-01-29 00:30 UTC,,Brasileirao,1.251815179,35068964,Sao Paulo v Flamengo,AWAY,198138,SEL_198138,2.0,48.84,2.12,5.59,0.1200000000000001,78.16000000000001,41.09,1.9021659771233879,53.08,83.44,103.4,97.7,False
2026-01-21T06:21:42Z,2026-01-21T01:21:42-05:00,2026-01-29 00:30 UTC,,Brasileirao,1.251815179,35068964,Sao Paulo v Flamengo,HOME,198126,SEL_198126,3.9,12.66,4.2,23.26,0.30000000000000027,26.34,39.0,0.6753846153846154,15.02,83.44,103.4,97.7,False
2026-01-21T06:24:41Z,2026-01-21T01:24:41-05:00,2026-01-28 22:00 UTC,,Brasileirao,1.251814747,35069022,Internacional v Athletico-PR,HOME,198137,SEL_198137,1.99,2.35,2.14,13.22,0.15000000000000013,16.32,18.560000000000002,0.8793103448275861,26.23,150.81,103.5,94.9,False
2026-01-21T06:24:41Z,2026-01-21T01:24:41-05:00,2026-01-28 22:00 UTC,,Brasileirao,1.251814747,35069022,Internacional v Athletico-PR,DRAW,58805,SEL_58805,3.35,5.59,3.6,4.47,0.25,11.129999999999999,8.57,1.2987164527421236,16.6,150.81,103.5,94.9,False
2026-01-21T06:24:41Z,2026-01-21T01:24:41-05:00,2026-01-28 22:00 UTC,,Brasileirao,1.251814747,35069022,Internacional v Athletico-PR,AWAY,36860494,SEL_36860494,4.3,6.69,4.9,5.59,0.6000000000000005,13.56,10.15,1.335960591133005,85.43,150.81,103.5,94.9,False
2026-01-21T06:24:41Z,2026-01-21T01:24:41-05:00,2026-01-28 22:00 UTC,,Brasileirao,1.251820266,35069721,Coritiba v Red Bull Bragantino,DRAW,58805,SEL_58805,3.2,2.35,3.8,1.38,0.5999999999999996,53.809999999999995,6.02,8.938538205980066,,8.14,104.9,89.6,False
2026-01-21T06:24:41Z,2026-01-21T01:24:41-05:00,2026-01-28 22:00 UTC,,Brasileirao,1.251820266,35069721,Coritiba v Red Bull Bragantino,HOME,198141,SEL_198141,2.22,2.35,2.5,3.01,0.2799999999999998,34.809999999999995,4.52,7.701327433628318,1.38,8.14,104.9,89.6,False
2026-01-21T06:24:41Z,2026-01-21T01:24:41-05:00,2026-01-28 22:00 UTC,,Brasileirao,1.251820266,35069721,Coritiba v Red Bull Bragantino,AWAY,71387076,SEL_71387076,3.5,2.35,4.3,1.21,0.7999999999999998,34.809999999999995,2.7199999999999998,12.797794117647058,5.54,8.14,104.9,89.6,False
2026-01-21T06:24:42Z,2026-01-21T01:24:42-05:00,2026-01-28 22:30 UTC,,Brasileirao,1.251815395,35068958,Fluminense v Gremio,HOME,198133,SEL_198133,1.83,7.05,1.93,15.71,0.09999999999999987,47.91,43.48,1.1018859245630175,12.22,89.0,102.8,96.7,False
2026-01-21T06:24:42Z,2026-01-21T01:24:42-05:00,2026-01-28 22:30 UTC,,Brasileirao,1.251815395,35068958,Fluminense v Gremio,AWAY,198134,SEL_198134,5.1,5.57,5.7,2.29,0.6000000000000005,10.11,33.5,0.3017910447761194,62.18,89.0,102.8,96.7,False
2026-01-21T06:24:42Z,2026-01-21T01:24:42-05:00,2026-01-28 22:30 UTC,,Brasileirao,1.251815395,35068958,Fluminense v Gremio,DRAW,58805,SEL_58805,3.5,5.59,3.65,7.05,0.1499999999999999,17.28,35.86,0.48187395426659235,1.29,89.0,102.8,96.7,False
2026-01-21T06:24:42Z,2026-01-21T01:24:42-05:00,2026-01-29 00:30 UTC,,Brasileirao,1.251815179,35068964,Sao Paulo v Flamengo,DRAW,58805,SEL_58805,3.6,18.14,3.75,5.59,0.1499999999999999,24.03,9.58,2.508350730688935,2.86,83.44,103.7,97.2,False
2026-01-21T06:24:42Z,2026-01-21T01:24:42-05:00,2026-01-29 00:30 UTC,,Brasileirao,1.251815179,35068964,Sao Paulo v Flamengo,AWAY,198138,SEL_198138,1.99,10.52,2.12,5.59,0.13000000000000012,22.419999999999998,41.09,0.5456315405208079,53.08,83.44,103.7,97.2,False
2026-01-21T06:24:42Z,2026-01-21T01:24:42-05:00,2026-01-29 00:30 UTC,,Brasileirao,1.251815179,35068964,Sao Paulo v Flamengo,HOME,198126,SEL_198126,3.9,12.66,4.3,5.59,0.3999999999999999,18.2,9.129999999999999,1.9934282584884997,15.02,83.44,103.7,97.2,False
2026-01-21T06:26:15Z,2026-01-21T01:26:15-05:00,2026-01-28 22:00 UTC,,Brasileirao,1.251815071,35068990,Atletico MG v SE Palmeiras,DRAW,58805,SEL_58805,3.4,14.91,3.55,8.77,0.1499999999999999,44.7,25.23,1.7717003567181928,4.0,10.83,102.7,96.9,False
2026-01-21T06:26:15Z,2026-01-21T01:26:15-05:00,2026-01-28 22:00 UTC,,Brasileirao,1.251815071,35068990,Atletico MG v SE Palmeiras,HOME,361329,SEL_361329,2.74,7.04,2.92,15.06,0.17999999999999972,37.38,34.08,1.096830985915493,3.83,10.83,102.7,96.9,False
2026-01-21T06:26:15Z,2026-01-21T01:26:15-05:00,2026-01-28 22:00 UTC,,Brasileirao,1.251815071,35068990,Atletico MG v SE Palmeiras,AWAY,22498185,SEL_22498185,2.72,13.04,2.9,12.63,0.17999999999999972,30.34,28.67,1.0582490408092082,1.38,10.83,102.7,96.9,False
2026-01-21T06:26:15Z,2026-01-21T01:26:15-05:00,2026-01-28 22:00 UTC,,Brasileirao,1.251820266,35069721,Coritiba v Red Bull Bragantino,DRAW,58805,SEL_58805,3.2,2.35,3.8,1.38,0.5999999999999996,53.809999999999995,6.02,8.938538205980066,,8.14,104.9,89.6,False
2026-01-21T06:26:15Z,2026-01-21T01:26:15-05:00,2026-01-28 22:00 UTC,,Brasileirao,1.251820266,35069721,Coritiba v Red Bull Bragantino,HOME,198141,SEL_198141,2.22,2.35,2.5,3.01,0.2799999999999998,34.809999999999995,4.52,7.701327433628318,1.38,8.14,104.9,89.6,False
2026-01-21T06:26:15Z,2026-01-21T01:26:15-05:00,2026-01-28 22:00 UTC,,Brasileirao,1.251820266,35069721,Coritiba v Red Bull Bragantino,AWAY,71387076,SEL_71387076,3.5,2.35,4.3,1.21,0.7999999999999998,34.809999999999995,2.7199999999999998,12.797794117647058,5.54,8.14,104.9,89.6,False
2026-01-21T06:26:15Z,2026-01-21T01:26:15-05:00,2026-01-28 22:00 UTC,,Brasileirao,1.251814855,35069015,EC Vitoria Salvador v Remo,HOME,5336581,SEL_5336581,1.76,2.35,1.81,23.42,0.050000000000000044,51.339999999999996,44.3,1.1589164785553048,61.27,74.09,102.5,96.8,False
2026-01-21T06:26:15Z,2026-01-21T01:26:15-05:00,2026-01-28 22:00 UTC,,Brasileirao,1.251814855,35069015,EC Vitoria Salvador v Remo,AWAY,376830,SEL_376830,5.7,4.96,6.4,16.04,0.7000000000000002,11.37,24.33,0.46732429099876693,1.74,74.09,102.5,96.8,False
2026-01-21T06:26:15Z,2026-01-21T01:26:15-05:00,2026-01-28 22:00 UTC,,Brasileirao,1.251814855,35069015,EC Vitoria Salvador v Remo,DRAW,58805,SEL_58805,3.55,17.1,3.85,5.59,0.30000000000000027,32.59,27.86,1.1697774587221825,,74.09,102.5,96.8,False
2026-01-21T06:26:15Z,2026-01-21T01:26:15-05:00,2026-01-28 22:00 UTC,,Brasileirao,1.251814747,35069022,Internacional v Athletico-PR,HOME,198137,SEL_198137,1.99,2.35,2.14,13.22,0.15000000000000013,16.32,18.560000000000002,0.8793103448275861,26.23,150.81,103.5,94.9,False
2026-01-21T06:26:15Z,2026-01-21T01:26:15-05:00,2026-01-28 22:00 UTC,,Brasileirao,1.251814747,35069022,Internacional v Athletico-PR,DRAW,58805,SEL_58805,3.35,5.59,3.6,4.47,0.25,11.129999999999999,8.57,1.2987164527421236,16.6,150.81,103.5,94.9,False
2026-01-21T06:26:15Z,2026-01-21T01:26:15-05:00,2026-01-28 22:00 UTC,,Brasileirao,1.251814747,35069022,Internacional v Athletico-PR,AWAY,36860494,SEL_36860494,4.3,6.69,4.9,5.59,0.6000000000000005,13.56,10.15,1.335960591133005,85.43,150.81,103.5,94.9,False
2026-01-21T06:26:15Z,2026-01-21T01:26:15-05:00,2026-01-28 22:30 UTC,,Brasileirao,1.251815395,35068958,Fluminense v Gremio,HOME,198133,SEL_198133,1.83,7.05,1.93,15.71,0.09999999999999987,47.91,43.48,1.1018859245630175,12.22,89.0,102.8,96.7,False
2026-01-21T06:26:15Z,2026-01-21T01:26:15-05:00,2026-01-28 22:30 UTC,,Brasileirao,1.251815395,35068958,Fluminense v Gremio,AWAY,198134,SEL_198134,5.1,5.57,5.7,2.29,0.6000000000000005,10.11,33.5,0.3017910447761194,62.18,89.0,102.8,96.7,False
2026-01-21T06:26:15Z,2026-01-21T01:26:15-05:00,2026-01-28 22:30 UTC,,Brasileirao,1.251815395,35068958,Fluminense v Gremio,DRAW,58805,SEL_58805,3.5,5.59,3.65,7.05,0.1499999999999999,17.28,35.86,0.48187395426659235,1.29,89.0,102.8,96.7,False
2026-01-21T06:26:15Z,2026-01-21T01:26:15-05:00,2026-01-28 23:00 UTC,,Brasileirao,1.251820158,35069722,Chapecoense v Santos,DRAW,58805,SEL_58805,3.15,5.59,3.35,5.59,0.20000000000000018,23.72,20.549999999999997,1.1542579075425792,1.16,16.9,103.3,96.4,False
2026-01-21T06:26:15Z,2026-01-21T01:26:15-05:00,2026-01-28 23:00 UTC,,Brasileirao,1.251820158,35069722,Chapecoense v Santos,HOME,2909511,SEL_2909511,3.35,5.59,3.65,17.93,0.2999999999999998,22.380000000000003,26.28,0.8515981735159818,1.07,16.9,103.3,96.4,False
2026-01-21T06:26:15Z,2026-01-21T01:26:15-05:00,2026-01-28 23:00 UTC,,Brasileirao,1.251820158,35069722,Chapecoense v Santos,AWAY,198127,SEL_198127,2.4,13.3,2.56,5.59,0.16000000000000014,41.28,25.53,1.6169212690951822,12.14,16.9,103.3,96.4,False
2026-01-21T06:26:15Z,2026-01-21T01:26:15-05:00,2026-01-28 23:00 UTC,,Brasileirao,1.251815287,35068960,Corinthians v Bahia,HOME,198136,SEL_198136,1.11,5.59,2.62,2.87,1.51,17.86,3.7,4.827027027027027,17.51,24.85,151.7,38.4,False
2026-01-21T06:26:15Z,2026-01-21T01:26:15-05:00,2026-01-28 23:00 UTC,,Brasileirao,1.251815287,35068960,Corinthians v Bahia,DRAW,58805,SEL_58805,3.2,2.35,950.0,3.61,946.8,8.83,4.09,2.1589242053789732,,24.85,151.7,38.4,False
2026-01-21T06:26:15Z,2026-01-21T01:26:15-05:00,2026-01-28 23:00 UTC,,Brasileirao,1.251815287,35068960,Corinthians v Bahia,AWAY,198139,SEL_198139,3.3,2.35,980.0,1.33,976.7,12.07,1.3900000000000001,8.683453237410072,3.62,24.85,151.7,38.4,False
2026-01-21T06:26:15Z,2026-01-21T01:26:15-05:00,2026-01-28 23:00 UTC,,Brasileirao,1.251814963,35069005,Mirassol v Vasco Da Gama,HOME,2760854,SEL_2760854,1.84,6.98,1.86,35.86,0.020000000000000018,40.41,53.99,0.7484719392480088,62.19,195.39,100.4,98.2,False
2026-01-21T06:26:15Z,2026-01-21T01:26:15-05:00,2026-01-28 23:00 UTC,,Brasileirao,1.251814963,35069005,Mirassol v Vasco Da Gama,DRAW,58805,SEL_58805,3.95,10.18,4.1,1.48,0.14999999999999947,17.0,8.68,1.9585253456221199,25.03,195.39,100.4,98.2,False
2026-01-21T06:26:15Z,2026-01-21T01:26:15-05:00,2026-01-28 23:00 UTC,,Brasileirao,1.251814963,35069005,Mirassol v Vasco Da Gama,AWAY,198124,SEL_198124,4.8,1.27,5.0,2.58,0.20000000000000018,15.549999999999999,31.43,0.494750238625517,78.95,195.39,100.4,98.2,False
2026-01-21T06:26:15Z,2026-01-21T01:26:15-05:00,2026-01-29 00:30 UTC,,Brasileirao,1.251815179,35068964,Sao Paulo v Flamengo,DRAW,58805,SEL_58805,3.6,18.14,3.75,5.59,0.1499999999999999,24.03,9.58,2.508350730688935,2.86,83.44,103.7,97.2,False
2026-01-21T06:26:15Z,2026-01-21T01:26:15-05:00,2026-01-29 00:30 UTC,,Brasileirao,1.251815179,35068964,Sao Paulo v Flamengo,AWAY,198138,SEL_198138,1.99,10.52,2.12,5.59,0.13000000000000012,22.419999999999998,41.09,0.5456315405208079,53.08,83.44,103.7,97.2,False
2026-01-21T06:26:15Z,2026-01-21T01:26:15-05:00,2026-01-29 00:30 UTC,,Brasileirao,1.251815179,35068964,Sao Paulo v Flamengo,HOME,198126,SEL_198126,3.9,12.66,4.3,5.59,0.3999999999999999,18.2,9.129999999999999,1.9934282584884997,15.02,83.44,103.7,97.2,False
2026-01-21T06:26:15Z,2026-01-21T01:26:15-05:00,2026-01-30 00:30 UTC,,Brasileirao,1.251820375,35069717,Botafogo FR v Cruzeiro MG,DRAW,58805,SEL_58805,3.35,14.19,3.65,6.7,0.2999999999999998,24.47,33.62,0.7278405710886378,33.07,75.29,103.2,96.3,False
2026-01-21T06:26:15Z,2026-01-21T01:26:15-05:00,2026-01-30 00:30 UTC,,Brasileirao,1.251820375,35069717,Botafogo FR v Cruzeiro MG,AWAY,10901767,SEL_10901767,2.98,1.29,3.2,7.88,0.2200000000000002,18.74,35.410000000000004,0.529229031347077,23.04,75.29,103.2,96.3,False
2026-01-21T06:26:15Z,2026-01-21T01:26:15-05:00,2026-01-30 00:30 UTC,,Brasileirao,1.251820375,35069717,Botafogo FR v Cruzeiro MG,HOME,11302836,SEL_11302836,2.52,5.59,2.66,7.05,0.14000000000000012,16.54,36.03,0.4590618928670552,7.92,75.29,103.2,96.3,False
2026-01-21T06:27:41Z,2026-01-21T01:27:41-05:00,2026-01-28 22:00 UTC,,Brasileirao,1.251814747,35069022,Internacional v Athletico-PR,HOME,198137,SEL_198137,1.99,2.35,2.12,18.77,0.13000000000000012,25.78,35.59,0.7243607754987356,26.23,150.81,103.5,95.4,False
2026-01-21T06:27:41Z,2026-01-21T01:27:41-05:00,2026-01-28 22:00 UTC,,Brasileirao,1.251814747,35069022,Internacional v Athletico-PR,DRAW,58805,SEL_58805,3.35,5.59,3.6,15.47,0.25,18.11,28.71,0.6307906652734239,16.6,150.81,103.5,95.4,False
2026-01-21T06:27:41Z,2026-01-21T01:27:41-05:00,2026-01-28 22:00 UTC,,Brasileirao,1.251814747,35069022,Internacional v Athletico-PR,AWAY,36860494,SEL_36860494,4.3,13.6,4.9,13.64,0.6000000000000005,26.14,18.77,1.3926478423015451,85.43,150.81,103.5,95.4,False
2026-01-21T06:27:41Z,2026-01-21T01:27:41-05:00,2026-01-28 22:00 UTC,,Brasileirao,1.251820266,35069721,Coritiba v Red Bull Bragantino,DRAW,58805,SEL_58805,3.2,2.35,3.55,23.4,0.34999999999999964,40.68,34.379999999999995,1.1832460732984296,,8.14,104.1,92.3,False
2026-01-21T06:27:41Z,2026-01-21T01:27:41-05:00,2026-01-28 22:00 UTC,,Brasileirao,1.251820266,35069721,Coritiba v Red Bull Bragantino,HOME,198141,SEL_198141,2.24,18.84,2.48,3.03,0.23999999999999977,62.93,16.08,3.9135572139303485,1.38,8.14,104.1,92.3,False
2026-01-21T06:27:41Z,2026-01-21T01:27:41-05:00,2026-01-28 22:00 UTC,,Brasileirao,1.251820266,35069721,Coritiba v Red Bull Bragantino,AWAY,71387076,SEL_71387076,3.55,9.16,4.2,1.79,0.6500000000000004,34.73,32.76,1.0601343101343101,5.54,8.14,104.1,92.3,False
2026-01-21T06:27:42Z,2026-01-21T01:27:42-05:00,2026-01-28 23:00 UTC,,Brasileirao,1.251815287,35068960,Corinthians v Bahia,HOME,198136,SEL_198136,1.11,5.59,2.62,2.87,1.51,17.86,3.2800000000000002,5.4451219512195115,17.51,24.85,151.7,38.4,False
2026-01-21T06:27:42Z,2026-01-21T01:27:42-05:00,2026-01-28 23:00 UTC,,Brasileirao,1.251815287,35068960,Corinthians v Bahia,DRAW,58805,SEL_58805,3.2,2.35,950.0,3.61,946.8,8.83,4.09,2.1589242053789732,,24.85,151.7,38.4,False
2026-01-21T06:27:42Z,2026-01-21T01:27:42-05:00,2026-01-28 23:00 UTC,,Brasileirao,1.251815287,35068960,Corinthians v Bahia,AWAY,198139,SEL_198139,3.3,2.35,1000.0,0.41,996.7,12.07,0.41,29.439024390243905,3.62,24.85,151.7,38.4,False
2026-01-21T06:27:42Z,2026-01-21T01:27:42-05:00,2026-01-29 00:30 UTC,,Brasileirao,1.251815179,35068964,Sao Paulo v Flamengo,DRAW,58805,SEL_58805,3.6,18.14,3.75,5.59,0.1499999999999999,31.03,39.95,0.776720901126408,2.86,83.44,103.4,97.7,False
2026-01-21T06:27:42Z,2026-01-21T01:27:42-05:00,2026-01-29 00:30 UTC,,Brasileirao,1.251815179,35068964,Sao Paulo v Flamengo,AWAY,198138,SEL_198138,2.0,48.84,2.12,5.59,0.1200000000000001,78.16000000000001,41.09,1.9021659771233879,53.08,83.44,103.4,97.7,False
2026-01-21T06:27:42Z,2026-01-21T01:27:42-05:00,2026-01-29 00:30 UTC,,Brasileirao,1.251815179,35068964,Sao Paulo v Flamengo,HOME,198126,SEL_198126,3.9,12.66,4.2,23.26,0.30000000000000027,26.34,39.0,0.6753846153846154,15.02,83.44,103.4,97.7,False
2026-01-21T06:30:42Z,2026-01-21T01:30:42-05:00,2026-01-28 22:00 UTC,,Brasileirao,1.251820266,35069721,Coritiba v Red Bull Bragantino,DRAW,58805,SEL_58805,3.2,2.35,3.8,1.38,0.5999999999999996,53.809999999999995,6.02,8.938538205980066,,8.14,104.9,89.6,False
2026-01-21T06:30:42Z,2026-01-21T01:30:42-05:00,2026-01-28 22:00 UTC,,Brasileirao,1.251820266,35069721,Coritiba v Red Bull Bragantino,HOME,198141,SEL_198141,2.22,2.35,2.5,3.01,0.2799999999999998,34.809999999999995,4.52,7.701327433628318,1.38,8.14,104.9,89.6,False
2026-01-21T06:30:42Z,2026-01-21T01:30:42-05:00,2026-01-28 22:00 UTC,,Brasileirao,1.251820266,35069721,Coritiba v Red Bull Bragantino,AWAY,71387076,SEL_71387076,3.5,2.35,4.3,1.21,0.7999999999999998,34.809999999999995,2.7199999999999998,12.797794117647058,5.54,8.14,104.9,89.6,False
2026-01-21T06:30:42Z,2026-01-21T01:30:42-05:00,2026-01-30 00:30 UTC,,Brasileirao,1.251820375,35069717,Botafogo FR v Cruzeiro MG,DRAW,58805,SEL_58805,3.35,4.47,3.65,6.7,0.2999999999999998,14.75,13.73,1.0742898761835398,33.08,75.3,103.2,96.3,False
2026-01-21T06:30:42Z,2026-01-21T01:30:42-05:00,2026-01-30 00:30 UTC,,Brasileirao,1.251820375,35069717,Botafogo FR v Cruzeiro MG,AWAY,10901767,SEL_10901767,2.98,1.29,3.2,7.88,0.2200000000000002,12.120000000000001,14.7,0.8244897959183675,23.04,75.3,103.2,96.3,False
2026-01-21T06:30:42Z,2026-01-21T01:30:42-05:00,2026-01-30 00:30 UTC,,Brasileirao,1.251820375,35069717,Botafogo FR v Cruzeiro MG,HOME,11302836,SEL_11302836,2.52,5.59,2.66,7.05,0.14000000000000012,16.54,18.06,0.9158361018826136,7.92,75.3,103.2,96.3,False
2026-01-21T06:30:42Z,2026-01-21T01:30:42-05:00,2026-01-28 22:00 UTC,,Brasileirao,1.251814855,35069015,EC Vitoria Salvador v Remo,HOME,5336581,SEL_5336581,1.76,2.35,1.82,5.59,0.06000000000000005,18.89,12.82,1.4734789391575662,61.28,74.1,103.5,96.5,False
2026-01-21T06:30:42Z,2026-01-21T01:30:42-05:00,2026-01-28 22:00 UTC,,Brasileirao,1.251814855,35069015,EC Vitoria Salvador v Remo,AWAY,376830,SEL_376830,5.4,2.35,6.4,5.59,1.0,12.700000000000001,9.48,1.339662447257384,1.74,74.1,103.5,96.5,False
2026-01-21T06:30:42Z,2026-01-21T01:30:42-05:00,2026-01-28 22:00 UTC,,Brasileirao,1.251814855,35069015,EC Vitoria Salvador v Remo,DRAW,58805,SEL_58805,3.55,7.94,3.85,5.59,0.30000000000000027,32.65,12.2,2.6762295081967213,,74.1,103.5,96.5,False
2026-01-21T06:33:42Z,2026-01-21T01:33:42-05:00,2026-01-28 22:00 UTC,,Brasileirao,1.251820266,35069721,Coritiba v Red Bull Bragantino,DRAW,58805,SEL_58805,3.2,2.35,3.55,23.4,0.34999999999999964,40.68,34.379999999999995,1.1832460732984296,,8.14,104.1,92.3,False
2026-01-21T06:33:42Z,2026-01-21T01:33:42-05:00,2026-01-28 22:00 UTC,,Brasileirao,1.251820266,35069721,Coritiba v Red Bull Bragantino,HOME,198141,SEL_198141,2.24,18.84,2.48,3.03,0.23999999999999977,62.93,16.08,3.9135572139303485,1.38,8.14,104.1,92.3,False
2026-01-21T06:33:42Z,2026-01-21T01:33:42-05:00,2026-01-28 22:00 UTC,,Brasileirao,1.251820266,35069721,Coritiba v Red Bull Bragantino,AWAY,71387076,SEL_71387076,3.55,9.16,4.2,1.79,0.6500000000000004,34.73,32.76,1.0601343101343101,5.54,8.14,104.1,92.3,False
2026-01-21T06:33:42Z,2026-01-21T01:33:42-05:00,2026-01-30 00:30 UTC,,Brasileirao,1.251820375,35069717,Botafogo FR v Cruzeiro MG,DRAW,58805,SEL_58805,3.35,14.19,3.65,6.7,0.2999999999999998,24.47,33.62,0.7278405710886378,33.08,75.3,103.2,96.3,False
2026-01-21T06:33:42Z,2026-01-21T01:33:42-05:00,2026-01-30 00:30 UTC,,Brasileirao,1.251820375,35069717,Botafogo FR v Cruzeiro MG,AWAY,10901767,SEL_10901767,2.98,1.29,3.2,7.88,0.2200000000000002,18.74,35.410000000000004,0.529229031347077,23.04,75.3,103.2,96.3,False
2026-01-21T06:33:42Z,2026-01-21T01:33:42-05:00,2026-01-30 00:30 UTC,,Brasileirao,1.251820375,35069717,Botafogo FR v Cruzeiro MG,HOME,11302836,SEL_11302836,2.52,5.59,2.66,7.05,0.14000000000000012,16.54,36.03,0.4590618928670552,7.92,75.3,103.2,96.3,False
2026-01-21T06:33:42Z,2026-01-21T01:33:42-05:00,2026-01-28 22:00 UTC,,Brasileirao,1.251815071,35068990,Atletico MG v SE Palmeiras,DRAW,58805,SEL_58805,3.4,14.91,3.55,8.77,0.1499999999999999,44.7,25.23,1.7717003567181928,4.0,10.83,102.4,96.9,False
2026-01-21T06:33:42Z,2026-01-21T01:33:42-05:00,2026-01-28 22:00 UTC,,Brasileirao,1.251815071,35068990,Atletico MG v SE Palmeiras,HOME,361329,SEL_361329,2.76,3.76,2.92,15.06,0.16000000000000014,29.43,34.08,0.863556338028169,3.83,10.83,102.4,96.9,False
2026-01-21T06:33:42Z,2026-01-21T01:33:42-05:00,2026-01-28 22:00 UTC,,Brasileirao,1.251815071,35068990,Atletico MG v SE Palmeiras,AWAY,22498185,SEL_22498185,2.72,13.04,2.9,12.63,0.17999999999999972,30.34,32.22,0.941651148355059,1.38,10.83,102.4,96.9,False
2026-01-21T06:36:42Z,2026-01-21T01:36:42-05:00,2026-01-28 22:00 UTC,,Brasileirao,1.251814747,35069022,Internacional v Athletico-PR,HOME,198137,SEL_198137,1.99,2.35,2.12,18.77,0.13000000000000012,25.78,35.36,0.7290723981900453,26.23,150.81,103.9,95.4,False
2026-01-21T06:36:42Z,2026-01-21T01:36:42-05:00,2026-01-28 22:00 UTC,,Brasileirao,1.251814747,35069022,Internacional v Athletico-PR,DRAW,58805,SEL_58805,3.3,7.94,3.6,15.47,0.30000000000000027,31.15,28.71,1.08498780912574,16.6,150.81,103.9,95.4,False
2026-01-21T06:36:42Z,2026-01-21T01:36:42-05:00,2026-01-28 22:00 UTC,,Brasileirao,1.251814747,35069022,Internacional v Athletico-PR,AWAY,36860494,SEL_36860494,4.3,13.6,4.9,13.64,0.6000000000000005,26.14,23.09,1.1320918146383716,85.43,150.81,103.9,95.4,False
2026-01-21T06:36:42Z,2026-01-21T01:36:42-05:00,2026-01-28 22:00 UTC,,Brasileirao,1.251815071,35068990,Atletico MG v SE Palmeiras,DRAW,58805,SEL_58805,3.4,14.91,3.55,8.77,0.1499999999999999,44.7,25.23,1.7717003567181928,4.0,10.83,102.4,96.9,False
2026-01-21T06:36:42Z,2026-01-21T01:36:42-05:00,2026-01-28 22:00 UTC,,Brasileirao,1.251815071,35068990,Atletico MG v SE Palmeiras,HOME,361329,SEL_361329,2.76,3.76,2.92,15.06,0.16000000000000014,23.84,34.08,0.6995305164319249,3.83,10.83,102.4,96.9,False
2026-01-21T06:36:42Z,2026-01-21T01:36:42-05:00,2026-01-28 22:00 UTC,,Brasileirao,1.251815071,35068990,Atletico MG v SE Palmeiras,AWAY,22498185,SEL_22498185,2.72,13.04,2.9,12.63,0.17999999999999972,30.34,32.22,0.941651148355059,1.38,10.83,102.4,96.9,False
2026-01-21T06:36:42Z,2026-01-21T01:36:42-05:00,2026-01-28 22:00 UTC,,Brasileirao,1.251814855,35069015,EC Vitoria Salvador v Remo,HOME,5336581,SEL_5336581,1.76,2.35,1.81,23.42,0.050000000000000044,51.33,44.3,1.1586907449209933,61.28,74.1,102.5,96.8,False
2026-01-21T06:36:42Z,2026-01-21T01:36:42-05:00,2026-01-28 22:00 UTC,,Brasileirao,1.251814855,35069015,EC Vitoria Salvador v Remo,AWAY,376830,SEL_376830,5.7,4.96,6.4,16.04,0.7000000000000002,11.37,24.33,0.46732429099876693,1.74,74.1,102.5,96.8,False
2026-01-21T06:36:42Z,2026-01-21T01:36:42-05:00,2026-01-28 22:00 UTC,,Brasileirao,1.251814855,35069015,EC Vitoria Salvador v Remo,DRAW,58805,SEL_58805,3.55,17.1,3.85,5.59,0.30000000000000027,32.59,27.86,1.1697774587221825,,74.1,102.5,96.8,False
2026-01-21T06:39:42Z,2026-01-21T01:39:42-05:00,2026-01-28 22:00 UTC,,Brasileirao,1.251815071,35068990,Atletico MG v SE Palmeiras,DRAW,58805,SEL_58805,3.4,9.32,3.55,8.77,0.1499999999999999,24.29,25.23,0.9627427665477606,4.0,10.83,102.4,96.9,False
2026-01-21T06:39:42Z,2026-01-21T01:39:42-05:00,2026-01-28 22:00 UTC,,Brasileirao,1.251815071,35068990,Atletico MG v SE Palmeiras,HOME,361329,SEL_361329,2.76,3.76,2.92,15.06,0.16000000000000014,29.43,32.81,0.8969826272477902,3.83,10.83,102.4,96.9,False
2026-01-21T06:39:42Z,2026-01-21T01:39:42-05:00,2026-01-28 22:00 UTC,,Brasileirao,1.251815071,35068990,Atletico MG v SE Palmeiras,AWAY,22498185,SEL_22498185,2.72,13.04,2.9,12.63,0.17999999999999972,30.34,32.91,0.9219082345791554,1.38,10.83,102.4,96.9,False
2026-01-21T06:42:42Z,2026-01-21T01:42:42-05:00,2026-01-28 23:00 UTC,,Brasileirao,1.251814963,35069005,Mirassol v Vasco Da Gama,HOME,2760854,SEL_2760854,1.84,6.98,1.86,35.86,0.020000000000000018,40.41,54.0,0.7483333333333333,62.19,195.39,100.4,98.2,False
2026-01-21T06:42:42Z,2026-01-21T01:42:42-05:00,2026-01-28 23:00 UTC,,Brasileirao,1.251814963,35069005,Mirassol v Vasco Da Gama,DRAW,58805,SEL_58805,3.95,10.18,4.1,1.48,0.14999999999999947,17.0,8.68,1.9585253456221199,25.03,195.39,100.4,98.2,False
2026-01-21T06:42:42Z,2026-01-21T01:42:42-05:00,2026-01-28 23:00 UTC,,Brasileirao,1.251814963,35069005,Mirassol v Vasco Da Gama,AWAY,198124,SEL_198124,4.8,1.27,5.0,2.58,0.20000000000000018,15.549999999999999,31.43,0.494750238625517,78.95,195.39,100.4,98.2,False
2026-01-21T07:12:43Z,2026-01-21T02:12:43-05:00,2026-01-28 22:00 UTC,,Brasileirao,1.251814747,35069022,Internacional v Athletico-PR,HOME,198137,SEL_198137,1.99,2.35,2.12,18.77,0.13000000000000012,25.78,35.59,0.7243607754987356,26.23,150.81,103.5,95.4,False
2026-01-21T07:12:43Z,2026-01-21T02:12:43-05:00,2026-01-28 22:00 UTC,,Brasileirao,1.251814747,35069022,Internacional v Athletico-PR,DRAW,58805,SEL_58805,3.35,5.59,3.6,15.47,0.25,18.11,28.71,0.6307906652734239,16.6,150.81,103.5,95.4,False
2026-01-21T07:12:43Z,2026-01-21T02:12:43-05:00,2026-01-28 22:00 UTC,,Brasileirao,1.251814747,35069022,Internacional v Athletico-PR,AWAY,36860494,SEL_36860494,4.3,13.6,4.9,13.64,0.6000000000000005,26.14,18.77,1.3926478423015451,85.43,150.81,103.5,95.4,False
2026-01-21T07:15:43Z,2026-01-21T02:15:43-05:00,2026-01-28 22:00 UTC,,Brasileirao,1.251814747,35069022,Internacional v Athletico-PR,HOME,198137,SEL_198137,1.99,2.35,2.12,18.77,0.13000000000000012,16.32,35.59,0.45855577409384657,26.23,150.81,103.5,95.4,False
2026-01-21T07:15:43Z,2026-01-21T02:15:43-05:00,2026-01-28 22:00 UTC,,Brasileirao,1.251814747,35069022,Internacional v Athletico-PR,DRAW,58805,SEL_58805,3.35,5.59,3.6,4.47,0.25,16.91,8.57,1.9731621936989499,16.6,150.81,103.5,95.4,False
2026-01-21T07:15:43Z,2026-01-21T02:15:43-05:00,2026-01-28 22:00 UTC,,Brasileirao,1.251814747,35069022,Internacional v Athletico-PR,AWAY,36860494,SEL_36860494,4.3,13.6,4.9,5.59,0.6000000000000005,29.7,10.15,2.926108374384236,85.43,150.81,103.5,95.4,False
2026-01-21T07:15:43Z,2026-01-21T02:15:43-05:00,2026-01-28 22:00 UTC,,Brasileirao,1.251820266,35069721,Coritiba v Red Bull Bragantino,DRAW,58805,SEL_58805,3.2,2.35,3.8,1.38,0.5999999999999996,53.84,6.02,8.943521594684386,,8.14,104.9,89.6,False
2026-01-21T07:15:43Z,2026-01-21T02:15:43-05:00,2026-01-28 22:00 UTC,,Brasileirao,1.251820266,35069721,Coritiba v Red Bull Bragantino,HOME,198141,SEL_198141,2.22,2.35,2.5,3.01,0.2799999999999998,34.83,4.52,7.705752212389381,1.38,8.14,104.9,89.6,False
2026-01-21T07:15:43Z,2026-01-21T02:15:43-05:00,2026-01-28 22:00 UTC,,Brasileirao,1.251820266,35069721,Coritiba v Red Bull Bragantino,AWAY,71387076,SEL_71387076,3.5,2.35,4.3,1.21,0.7999999999999998,34.83,2.7199999999999998,12.80514705882353,5.54,8.14,104.9,89.6,False
2026-01-21T07:15:43Z,2026-01-21T02:15:43-05:00,2026-01-28 23:00 UTC,,Brasileirao,1.251820158,35069722,Chapecoense v Santos,DRAW,58805,SEL_58805,3.15,5.59,3.35,5.59,0.20000000000000018,12.74,12.62,1.0095087163232965,1.16,16.9,104.7,96.4,False
2026-01-21T07:15:43Z,2026-01-21T02:15:43-05:00,2026-01-28 23:00 UTC,,Brasileirao,1.251820158,35069722,Chapecoense v Santos,HOME,2909511,SEL_2909511,3.35,5.59,3.65,5.59,0.2999999999999998,15.43,10.1,1.5277227722772277,1.07,16.9,104.7,96.4,False
2026-01-21T07:15:43Z,2026-01-21T02:15:43-05:00,2026-01-28 23:00 UTC,,Brasileirao,1.251820158,35069722,Chapecoense v Santos,AWAY,198127,SEL_198127,2.32,8.07,2.56,5.59,0.2400000000000002,14.85,14.96,0.9926470588235293,12.14,16.9,104.7,96.4,False
2026-01-21T07:15:43Z,2026-01-21T02:15:43-05:00,2026-01-28 23:00 UTC,,Brasileirao,1.251814963,35069005,Mirassol v Vasco Da Gama,HOME,2760854,SEL_2760854,1.84,6.98,1.86,12.64,0.020000000000000018,23.3,23.44,0.9940273037542662,62.2,195.4,100.4,98.2,False
2026-01-21T07:15:43Z,2026-01-21T02:15:43-05:00,2026-01-28 23:00 UTC,,Brasileirao,1.251814963,35069005,Mirassol v Vasco Da Gama,DRAW,58805,SEL_58805,3.95,2.29,4.1,1.48,0.14999999999999947,9.11,8.68,1.0495391705069124,25.03,195.4,100.4,98.2,False
2026-01-21T07:15:43Z,2026-01-21T02:15:43-05:00,2026-01-28 23:00 UTC,,Brasileirao,1.251814963,35069005,Mirassol v Vasco Da Gama,AWAY,198124,SEL_198124,4.8,1.27,5.0,2.58,0.20000000000000018,9.21,9.91,0.9293642785065591,78.95,195.4,100.4,98.2,False
2026-01-21T07:15:43Z,2026-01-21T02:15:43-05:00,2026-01-28 22:00 UTC,,Brasileirao,1.251815071,35068990,Atletico MG v SE Palmeiras,DRAW,58805,SEL_58805,3.4,9.32,3.55,8.77,0.1499999999999999,17.26,17.509999999999998,0.9857224443175331,4.0,10.83,102.7,96.9,False
2026-01-21T07:15:43Z,2026-01-21T02:15:43-05:00,2026-01-28 22:00 UTC,,Brasileirao,1.251815071,35068990,Atletico MG v SE Palmeiras,HOME,361329,SEL_361329,2.74,12.63,2.92,5.59,0.17999999999999972,26.69,14.79,1.8045977011494254,3.83,10.83,102.7,96.9,False
2026-01-21T07:15:43Z,2026-01-21T02:15:43-05:00,2026-01-28 22:00 UTC,,Brasileirao,1.251815071,35068990,Atletico MG v SE Palmeiras,AWAY,22498185,SEL_22498185,2.72,2.35,2.9,12.63,0.17999999999999972,14.07,26.51,0.5307431158053565,1.38,10.83,102.7,96.9,False
2026-01-21T07:15:44Z,2026-01-21T02:15:44-05:00,2026-01-30 00:30 UTC,,Brasileirao,1.251820375,35069717,Botafogo FR v Cruzeiro MG,DRAW,58805,SEL_58805,3.35,4.47,3.65,6.7,0.2999999999999998,14.76,13.73,1.0750182083029862,33.09,75.31,103.2,96.3,False
2026-01-21T07:15:44Z,2026-01-21T02:15:44-05:00,2026-01-30 00:30 UTC,,Brasileirao,1.251820375,35069717,Botafogo FR v Cruzeiro MG,AWAY,10901767,SEL_10901767,2.98,1.29,3.2,7.88,0.2200000000000002,12.120000000000001,14.7,0.8244897959183675,23.04,75.31,103.2,96.3,False
2026-01-21T07:15:44Z,2026-01-21T02:15:44-05:00,2026-01-30 00:30 UTC,,Brasileirao,1.251820375,35069717,Botafogo FR v Cruzeiro MG,HOME,11302836,SEL_11302836,2.52,5.59,2.66,7.05,0.14000000000000012,16.54,18.06,0.9158361018826136,7.92,75.31,103.2,96.3,False
2026-01-21T07:15:44Z,2026-01-21T02:15:44-05:00,2026-01-28 22:30 UTC,,Brasileirao,1.251815395,35068958,Fluminense v Gremio,HOME,198133,SEL_198133,1.83,7.05,1.93,5.59,0.09999999999999987,18.91,11.81,1.6011854360711262,12.22,89.0,103.6,96.7,False
2026-01-21T07:15:44Z,2026-01-21T02:15:44-05:00,2026-01-28 22:30 UTC,,Brasileirao,1.251815395,35068958,Fluminense v Gremio,AWAY,198134,SEL_198134,4.9,2.29,5.7,2.29,0.7999999999999998,15.46,9.98,1.5490981963927857,62.18,89.0,103.6,96.7,False
2026-01-21T07:15:44Z,2026-01-21T02:15:44-05:00,2026-01-28 22:30 UTC,,Brasileirao,1.251815395,35068958,Fluminense v Gremio,DRAW,58805,SEL_58805,3.5,5.59,3.65,7.05,0.1499999999999999,17.28,15.379999999999999,1.1235370611183357,1.29,89.0,103.6,96.7,False
2026-01-21T07:15:44Z,2026-01-21T02:15:44-05:00,2026-01-29 00:30 UTC,,Brasileirao,1.251815179,35068964,Sao Paulo v Flamengo,DRAW,58805,SEL_58805,3.6,18.14,3.75,5.59,0.1499999999999999,24.03,9.58,2.508350730688935,2.86,83.44,103.7,97.2,False
2026-01-21T07:15:44Z,2026-01-21T02:15:44-05:00,2026-01-29 00:30 UTC,,Brasileirao,1.251815179,35068964,Sao Paulo v Flamengo,AWAY,198138,SEL_198138,1.99,10.52,2.12,5.59,0.13000000000000012,22.419999999999998,41.09,0.5456315405208079,53.08,83.44,103.7,97.2,False
2026-01-21T07:15:44Z,2026-01-21T02:15:44-05:00,2026-01-29 00:30 UTC,,Brasileirao,1.251815179,35068964,Sao Paulo v Flamengo,HOME,198126,SEL_198126,3.9,12.66,4.3,5.59,0.3999999999999999,18.2,9.129999999999999,1.9934282584884997,15.02,83.44,103.7,97.2,False
2026-01-21T07:15:44Z,2026-01-21T02:15:44-05:00,2026-01-28 22:00 UTC,,Brasileirao,1.251814855,35069015,EC Vitoria Salvador v Remo,HOME,5336581,SEL_5336581,1.76,2.35,1.82,5.59,0.06000000000000005,18.900000000000002,12.82,1.4742589703588145,61.3,74.12,103.5,96.5,False
2026-01-21T07:15:44Z,2026-01-21T02:15:44-05:00,2026-01-28 22:00 UTC,,Brasileirao,1.251814855,35069015,EC Vitoria Salvador v Remo,AWAY,376830,SEL_376830,5.4,2.35,6.4,5.59,1.0,12.700000000000001,9.48,1.339662447257384,1.74,74.12,103.5,96.5,False
2026-01-21T07:15:44Z,2026-01-21T02:15:44-05:00,2026-01-28 22:00 UTC,,Brasileirao,1.251814855,35069015,EC Vitoria Salvador v Remo,DRAW,58805,SEL_58805,3.55,7.94,3.85,5.59,0.30000000000000027,32.65,12.2,2.6762295081967213,,74.12,103.5,96.5,False
2026-01-21T07:18:15Z,2026-01-21T02:18:15-05:00,2026-01-28 22:00 UTC,,Brasileirao,1.251820266,35069721,Coritiba v Red Bull Bragantino,DRAW,58805,SEL_58805,3.2,2.35,3.55,23.4,0.34999999999999964,40.68,34.379999999999995,1.1832460732984296,,8.14,104.1,92.3,False
2026-01-21T07:18:15Z,2026-01-21T02:18:15-05:00,2026-01-28 22:00 UTC,,Brasileirao,1.251820266,35069721,Coritiba v Red Bull Bragantino,HOME,198141,SEL_198141,2.24,18.84,2.48,3.03,0.23999999999999977,62.93,16.08,3.9135572139303485,1.38,8.14,104.1,92.3,False
2026-01-21T07:18:15Z,2026-01-21T02:18:15-05:00,2026-01-28 22:00 UTC,,Brasileirao,1.251820266,35069721,Coritiba v Red Bull Bragantino,AWAY,71387076,SEL_71387076,3.55,9.16,4.2,1.79,0.6500000000000004,34.73,32.76,1.0601343101343101,5.54,8.14,104.1,92.3,False
2026-01-21T07:18:15Z,2026-01-21T02:18:15-05:00,2026-01-28 22:00 UTC,,Brasileirao,1.251814747,35069022,Internacional v Athletico-PR,HOME,198137,SEL_198137,1.99,2.35,2.12,18.77,0.13000000000000012,16.32,35.59,0.45855577409384657,26.23,150.81,103.5,95.4,False
2026-01-21T07:18:15Z,2026-01-21T02:18:15-05:00,2026-01-28 22:00 UTC,,Brasileirao,1.251814747,35069022,Internacional v Athletico-PR,DRAW,58805,SEL_58805,3.35,5.59,3.6,4.47,0.25,16.91,8.57,1.9731621936989499,16.6,150.81,103.5,95.4,False
2026-01-21T07:18:15Z,2026-01-21T02:18:15-05:00,2026-01-28 22:00 UTC,,Brasileirao,1.251814747,35069022,Internacional v Athletico-PR,AWAY,36860494,SEL_36860494,4.3,13.6,4.9,5.59,0.6000000000000005,29.7,10.15,2.926108374384236,85.43,150.81,103.5,95.4,False
2026-01-21T07:18:15Z,2026-01-21T02:18:15-05:00,2026-01-28 23:00 UTC,,Brasileirao,1.251814963,35069005,Mirassol v Vasco Da Gama,HOME,2760854,SEL_2760854,1.84,6.98,1.86,12.64,0.020000000000000018,40.41,50.08,0.806908945686901,62.2,195.4,100.4,98.2,False
2026-01-21T07:18:15Z,2026-01-21T02:18:15-05:00,2026-01-28 23:00 UTC,,Brasileirao,1.251814963,35069005,Mirassol v Vasco Da Gama,DRAW,58805,SEL_58805,3.95,10.18,4.1,1.48,0.14999999999999947,17.0,8.68,1.9585253456221199,25.03,195.4,100.4,98.2,False
2026-01-21T07:18:15Z,2026-01-21T02:18:15-05:00,2026-01-28 23:00 UTC,,Brasileirao,1.251814963,35069005,Mirassol v Vasco Da Gama,AWAY,198124,SEL_198124,4.8,1.27,5.0,2.58,0.20000000000000018,15.549999999999999,31.43,0.494750238625517,78.95,195.4,100.4,98.2,False
2026-01-21T07:18:15Z,2026-01-21T02:18:15-05:00,2026-01-28 22:00 UTC,,Brasileirao,1.251815071,35068990,Atletico MG v SE Palmeiras,DRAW,58805,SEL_58805,3.4,9.32,3.55,8.77,0.1499999999999999,17.26,17.509999999999998,0.9857224443175331,4.0,10.83,102.7,96.9,False
2026-01-21T07:18:15Z,2026-01-21T02:18:15-05:00,2026-01-28 22:00 UTC,,Brasileirao,1.251815071,35068990,Atletico MG v SE Palmeiras,HOME,361329,SEL_361329,2.74,12.63,2.92,5.59,0.17999999999999972,26.69,14.79,1.8045977011494254,3.83,10.83,102.7,96.9,False
2026-01-21T07:18:15Z,2026-01-21T02:18:15-05:00,2026-01-28 22:00 UTC,,Brasileirao,1.251815071,35068990,Atletico MG v SE Palmeiras,AWAY,22498185,SEL_22498185,2.72,2.35,2.9,12.63,0.17999999999999972,14.07,26.51,0.5307431158053565,1.38,10.83,102.7,96.9,False
2026-01-21T07:18:16Z,2026-01-21T02:18:16-05:00,2026-01-28 23:00 UTC,,Brasileirao,1.251820158,35069722,Chapecoense v Santos,DRAW,58805,SEL_58805,3.15,5.59,3.35,5.59,0.20000000000000018,12.74,12.62,1.0095087163232965,1.16,16.9,104.7,96.4,False
2026-01-21T07:18:16Z,2026-01-21T02:18:16-05:00,2026-01-28 23:00 UTC,,Brasileirao,1.251820158,35069722,Chapecoense v Santos,HOME,2909511,SEL_2909511,3.35,5.59,3.65,5.59,0.2999999999999998,15.43,10.1,1.5277227722772277,1.07,16.9,104.7,96.4,False
2026-01-21T07:18:16Z,2026-01-21T02:18:16-05:00,2026-01-28 23:00 UTC,,Brasileirao,1.251820158,35069722,Chapecoense v Santos,AWAY,198127,SEL_198127,2.32,8.07,2.56,5.59,0.2400000000000002,14.85,14.96,0.9926470588235293,12.14,16.9,104.7,96.4,False
2026-01-21T07:18:16Z,2026-01-21T02:18:16-05:00,2026-01-28 23:00 UTC,,Brasileirao,1.251815287,35068960,Corinthians v Bahia,HOME,198136,SEL_198136,1.11,5.59,2.62,2.87,1.51,17.86,3.2800000000000002,5.4451219512195115,17.51,24.85,151.7,38.4,False
2026-01-21T07:18:16Z,2026-01-21T02:18:16-05:00,2026-01-28 23:00 UTC,,Brasileirao,1.251815287,35068960,Corinthians v Bahia,DRAW,58805,SEL_58805,3.2,2.35,950.0,3.61,946.8,8.83,4.09,2.1589242053789732,,24.85,151.7,38.4,False
2026-01-21T07:18:16Z,2026-01-21T02:18:16-05:00,2026-01-28 23:00 UTC,,Brasileirao,1.251815287,35068960,Corinthians v Bahia,AWAY,198139,SEL_198139,3.3,2.35,1000.0,0.41,996.7,12.07,0.41,29.439024390243905,3.62,24.85,151.7,38.4,False
2026-01-21T07:18:16Z,2026-01-21T02:18:16-05:00,2026-01-28 22:30 UTC,,Brasileirao,1.251815395,35068958,Fluminense v Gremio,HOME,198133,SEL_198133,1.83,7.05,1.93,15.71,0.09999999999999987,47.91,43.48,1.1018859245630175,12.22,89.0,102.8,96.7,False
2026-01-21T07:18:16Z,2026-01-21T02:18:16-05:00,2026-01-28 22:30 UTC,,Brasileirao,1.251815395,35068958,Fluminense v Gremio,AWAY,198134,SEL_198134,5.1,5.57,5.7,2.29,0.6000000000000005,10.11,33.5,0.3017910447761194,62.18,89.0,102.8,96.7,False
2026-01-21T07:18:16Z,2026-01-21T02:18:16-05:00,2026-01-28 22:30 UTC,,Brasileirao,1.251815395,35068958,Fluminense v Gremio,DRAW,58805,SEL_58805,3.5,5.59,3.65,7.05,0.1499999999999999,17.28,35.86,0.48187395426659235,1.29,89.0,102.8,96.7,False
2026-01-21T07:18:16Z,2026-01-21T02:18:16-05:00,2026-01-30 00:30 UTC,,Brasileirao,1.251820375,35069717,Botafogo FR v Cruzeiro MG,DRAW,58805,SEL_58805,3.35,4.47,3.65,6.7,0.2999999999999998,14.76,13.73,1.0750182083029862,33.09,75.31,103.2,96.3,False
2026-01-21T07:18:16Z,2026-01-21T02:18:16-05:00,2026-01-30 00:30 UTC,,Brasileirao,1.251820375,35069717,Botafogo FR v Cruzeiro MG,AWAY,10901767,SEL_10901767,2.98,1.29,3.2,7.88,0.2200000000000002,12.120000000000001,14.7,0.8244897959183675,23.04,75.31,103.2,96.3,False
2026-01-21T07:18:16Z,2026-01-21T02:18:16-05:00,2026-01-30 00:30 UTC,,Brasileirao,1.251820375,35069717,Botafogo FR v Cruzeiro MG,HOME,11302836,SEL_11302836,2.52,5.59,2.66,7.05,0.14000000000000012,16.54,18.06,0.9158361018826136,7.92,75.31,103.2,96.3,False
2026-01-21T07:18:16Z,2026-01-21T02:18:16-05:00,2026-01-29 00:30 UTC,,Brasileirao,1.251815179,35068964,Sao Paulo v Flamengo,DRAW,58805,SEL_58805,3.6,18.14,3.75,5.59,0.1499999999999999,31.03,39.95,0.776720901126408,2.86,83.44,103.4,97.7,False
2026-01-21T07:18:16Z,2026-01-21T02:18:16-05:00,2026-01-29 00:30 UTC,,Brasileirao,1.251815179,35068964,Sao Paulo v Flamengo,AWAY,198138,SEL_198138,2.0,48.84,2.12,5.59,0.1200000000000001,78.16000000000001,41.09,1.9021659771233879,53.08,83.44,103.4,97.7,False
2026-01-21T07:18:16Z,2026-01-21T02:18:16-05:00,2026-01-29 00:30 UTC,,Brasileirao,1.251815179,35068964,Sao Paulo v Flamengo,HOME,198126,SEL_198126,3.9,12.66,4.2,23.26,0.30000000000000027,26.34,39.0,0.6753846153846154,15.02,83.44,103.4,97.7,False
2026-01-21T07:18:16Z,2026-01-21T02:18:16-05:00,2026-01-28 22:00 UTC,,Brasileirao,1.251814855,35069015,EC Vitoria Salvador v Remo,HOME,5336581,SEL_5336581,1.76,2.35,1.81,23.42,0.050000000000000044,51.339999999999996,44.3,1.1589164785553048,61.3,74.12,102.5,96.8,False
2026-01-21T07:18:16Z,2026-01-21T02:18:16-05:00,2026-01-28 22:00 UTC,,Brasileirao,1.251814855,35069015,EC Vitoria Salvador v Remo,AWAY,376830,SEL_376830,5.7,4.96,6.4,16.04,0.7000000000000002,11.37,24.33,0.46732429099876693,1.74,74.12,102.5,96.8,False
2026-01-21T07:18:16Z,2026-01-21T02:18:16-05:00,2026-01-28 22:00 UTC,,Brasileirao,1.251814855,35069015,EC Vitoria Salvador v Remo,DRAW,58805,SEL_58805,3.55,17.1,3.85,5.59,0.30000000000000027,32.59,27.86,1.1697774587221825,,74.12,102.5,96.8,False
2026-01-21T07:21:15Z,2026-01-21T02:21:15-05:00,2026-01-28 22:00 UTC,,Brasileirao,1.251814747,35069022,Internacional v Athletico-PR,HOME,198137,SEL_198137,1.99,2.35,2.12,18.77,0.13000000000000012,25.78,35.59,0.7243607754987356,26.23,150.81,103.5,95.4,False
2026-01-21T07:21:15Z,2026-01-21T02:21:15-05:00,2026-01-28 22:00 UTC,,Brasileirao,1.251814747,35069022,Internacional v Athletico-PR,DRAW,58805,SEL_58805,3.35,5.59,3.6,15.47,0.25,18.11,28.71,0.6307906652734239,16.6,150.81,103.5,95.4,False
2026-01-21T07:21:15Z,2026-01-21T02:21:15-05:00,2026-01-28 22:00 UTC,,Brasileirao,1.251814747,35069022,Internacional v Athletico-PR,AWAY,36860494,SEL_36860494,4.3,13.6,4.9,13.64,0.6000000000000005,26.14,18.77,1.3926478423015451,85.43,150.81,103.5,95.4,False
2026-01-21T07:21:15Z,2026-01-21T02:21:15-05:00,2026-01-28 22:00 UTC,,Brasileirao,1.251815071,35068990,Atletico MG v SE Palmeiras,DRAW,58805,SEL_58805,3.4,9.32,3.55,8.77,0.1499999999999999,24.29,25.23,0.9627427665477606,4.0,10.83,102.4,96.9,False
2026-01-21T07:21:15Z,2026-01-21T02:21:15-05:00,2026-01-28 22:00 UTC,,Brasileirao,1.251815071,35068990,Atletico MG v SE Palmeiras,HOME,361329,SEL_361329,2.76,3.76,2.92,15.06,0.16000000000000014,29.43,32.81,0.8969826272477902,3.83,10.83,102.4,96.9,False
2026-01-21T07:21:15Z,2026-01-21T02:21:15-05:00,2026-01-28 22:00 UTC,,Brasileirao,1.251815071,35068990,Atletico MG v SE Palmeiras,AWAY,22498185,SEL_22498185,2.72,13.04,2.9,12.63,0.17999999999999972,30.34,32.91,0.9219082345791554,1.38,10.83,102.4,96.9,False
2026-01-21T07:21:15Z,2026-01-21T02:21:15-05:00,2026-01-30 00:30 UTC,,Brasileirao,1.251820375,35069717,Botafogo FR v Cruzeiro MG,DRAW,58805,SEL_58805,3.35,14.19,3.65,6.7,0.2999999999999998,24.48,33.62,0.728138013087448,33.09,75.31,103.2,96.3,False
2026-01-21T07:21:15Z,2026-01-21T02:21:15-05:00,2026-01-30 00:30 UTC,,Brasileirao,1.251820375,35069717,Botafogo FR v Cruzeiro MG,AWAY,10901767,SEL_10901767,2.98,1.29,3.2,7.88,0.2200000000000002,18.74,35.410000000000004,0.529229031347077,23.04,75.31,103.2,96.3,False
2026-01-21T07:21:15Z,2026-01-21T02:21:15-05:00,2026-01-30 00:30 UTC,,Brasileirao,1.251820375,35069717,Botafogo FR v Cruzeiro MG,HOME,11302836,SEL_11302836,2.52,5.59,2.66,7.05,0.14000000000000012,16.54,36.03,0.4590618928670552,7.92,75.31,103.2,96.3,False
2026-01-21T07:24:16Z,2026-01-21T02:24:16-05:00,2026-01-28 23:00 UTC,,Brasileirao,1.251814963,35069005,Mirassol v Vasco Da Gama,HOME,2760854,SEL_2760854,1.84,6.98,1.85,7.04,0.010000000000000009,40.41,33.78,1.1962699822380105,62.2,195.4,100.4,98.5,False
2026-01-21T07:24:16Z,2026-01-21T02:24:16-05:00,2026-01-28 23:00 UTC,,Brasileirao,1.251814963,35069005,Mirassol v Vasco Da Gama,DRAW,58805,SEL_58805,3.95,7.89,4.1,1.48,0.14999999999999947,14.709999999999999,8.68,1.694700460829493,25.03,195.4,100.4,98.5,False
2026-01-21T07:24:16Z,2026-01-21T02:24:16-05:00,2026-01-28 23:00 UTC,,Brasileirao,1.251814963,35069005,Mirassol v Vasco Da Gama,AWAY,198124,SEL_198124,4.8,1.27,5.0,2.58,0.20000000000000018,15.549999999999999,31.43,0.494750238625517,78.95,195.4,100.4,98.5,False
2026-01-21T07:24:16Z,2026-01-21T02:24:16-05:00,2026-01-30 00:30 UTC,,Brasileirao,1.251820375,35069717,Botafogo FR v Cruzeiro MG,DRAW,58805,SEL_58805,3.35,14.19,3.65,6.7,0.2999999999999998,26.7,33.62,0.7941701368233195,33.09,75.31,102.9,96.7,False
2026-01-21T07:24:16Z,2026-01-21T02:24:16-05:00,2026-01-30 00:30 UTC,,Brasileirao,1.251820375,35069717,Botafogo FR v Cruzeiro MG,AWAY,10901767,SEL_10901767,2.98,1.29,3.15,2.29,0.16999999999999993,18.74,31.14,0.6017983301220294,23.04,75.31,102.9,96.7,False
2026-01-21T07:24:16Z,2026-01-21T02:24:16-05:00,2026-01-30 00:30 UTC,,Brasileirao,1.251820375,35069717,Botafogo FR v Cruzeiro MG,HOME,11302836,SEL_11302836,2.54,1.52,2.66,7.04,0.1200000000000001,9.46,36.02,0.2626318711826763,7.92,75.31,102.9,96.7,False
2026-01-21T07:24:16Z,2026-01-21T02:24:16-05:00,2026-01-28 22:30 UTC,,Brasileirao,1.251815395,35068958,Fluminense v Gremio,HOME,198133,SEL_198133,1.84,2.29,1.93,15.71,0.08999999999999986,47.9,42.99,1.1142126075831589,12.22,89.0,102.5,96.7,False
2026-01-21T07:24:16Z,2026-01-21T02:24:16-05:00,2026-01-28 22:30 UTC,,Brasileirao,1.251815395,35068958,Fluminense v Gremio,AWAY,198134,SEL_198134,5.1,5.57,5.7,2.29,0.6000000000000005,10.99,33.54,0.32766845557543234,62.18,89.0,102.5,96.7,False
2026-01-21T07:24:16Z,2026-01-21T02:24:16-05:00,2026-01-28 22:30 UTC,,Brasileirao,1.251815395,35068958,Fluminense v Gremio,DRAW,58805,SEL_58805,3.5,5.59,3.65,7.04,0.1499999999999999,17.91,35.85,0.499581589958159,1.29,89.0,102.5,96.7,False
2026-01-21T07:24:16Z,2026-01-21T02:24:16-05:00,2026-01-29 00:30 UTC,,Brasileirao,1.251815179,35068964,Sao Paulo v Flamengo,DRAW,58805,SEL_58805,3.65,7.04,3.75,5.59,0.10000000000000009,25.22,35.62,0.708029197080292,2.86,83.44,102.7,97.7,False
2026-01-21T07:24:16Z,2026-01-21T02:24:16-05:00,2026-01-29 00:30 UTC,,Brasileirao,1.251815179,35068964,Sao Paulo v Flamengo,AWAY,198138,SEL_198138,2.0,48.84,2.12,17.71,0.1200000000000001,78.16000000000001,32.04,2.439450686641698,53.08,83.44,102.7,97.7,False
2026-01-21T07:24:16Z,2026-01-21T02:24:16-05:00,2026-01-29 00:30 UTC,,Brasileirao,1.251815179,35068964,Sao Paulo v Flamengo,HOME,198126,SEL_198126,3.95,7.04,4.2,23.26,0.25,23.89,34.56,0.6912615740740741,15.02,83.44,102.7,97.7,False
2026-01-21T07:26:28Z,2026-01-21T02:26:28-05:00,2026-01-28 22:00 UTC,,Brasileirao,1.251814747,35069022,Internacional v Athletico-PR,HOME,198137,SEL_198137,1.99,2.35,2.12,18.77,0.13000000000000012,25.78,35.59,0.7243607754987356,26.23,150.81,103.5,95.4,False
2026-01-21T07:26:28Z,2026-01-21T02:26:28-05:00,2026-01-28 22:00 UTC,,Brasileirao,1.251814747,35069022,Internacional v Athletico-PR,DRAW,58805,SEL_58805,3.35,5.59,3.6,15.47,0.25,18.11,28.71,0.6307906652734239,16.6,150.81,103.5,95.4,False
2026-01-21T07:26:28Z,2026-01-21T02:26:28-05:00,2026-01-28 22:00 UTC,,Brasileirao,1.251814747,35069022,Internacional v Athletico-PR,AWAY,36860494,SEL_36860494,4.3,13.6,4.9,13.64,0.6000000000000005,26.14,18.77,1.3926478423015451,85.43,150.81,103.5,95.4,False
2026-01-21T07:26:29Z,2026-01-21T02:26:29-05:00,2026-01-28 22:00 UTC,,Brasileirao,1.251820266,35069721,Coritiba v Red Bull Bragantino,DRAW,58805,SEL_58805,3.2,2.35,3.55,23.4,0.34999999999999964,40.68,34.379999999999995,1.1832460732984296,,8.14,104.1,92.3,False
2026-01-21T07:26:29Z,2026-01-21T02:26:29-05:00,2026-01-28 22:00 UTC,,Brasileirao,1.251820266,35069721,Coritiba v Red Bull Bragantino,HOME,198141,SEL_198141,2.24,18.84,2.48,3.03,0.23999999999999977,62.93,16.08,3.9135572139303485,1.38,8.14,104.1,92.3,False
2026-01-21T07:26:29Z,2026-01-21T02:26:29-05:00,2026-01-28 22:00 UTC,,Brasileirao,1.251820266,35069721,Coritiba v Red Bull Bragantino,AWAY,71387076,SEL_71387076,3.55,9.16,4.2,1.79,0.6500000000000004,34.73,32.76,1.0601343101343101,5.54,8.14,104.1,92.3,False
2026-01-21T07:26:30Z,2026-01-21T02:26:30-05:00,2026-01-28 23:00 UTC,,Brasileirao,1.251814963,35069005,Mirassol v Vasco Da Gama,HOME,2760854,SEL_2760854,1.84,6.98,1.85,7.04,0.010000000000000009,40.41,33.78,1.1962699822380105,62.2,195.4,100.4,98.5,False
2026-01-21T07:26:30Z,2026-01-21T02:26:30-05:00,2026-01-28 23:00 UTC,,Brasileirao,1.251814963,35069005,Mirassol v Vasco Da Gama,DRAW,58805,SEL_58805,3.95,7.89,4.1,1.48,0.14999999999999947,14.709999999999999,8.68,1.694700460829493,25.03,195.4,100.4,98.5,False
2026-01-21T07:26:30Z,2026-01-21T02:26:30-05:00,2026-01-28 23:00 UTC,,Brasileirao,1.251814963,35069005,Mirassol v Vasco Da Gama,AWAY,198124,SEL_198124,4.8,1.27,5.0,2.58,0.20000000000000018,15.549999999999999,31.43,0.494750238625517,78.95,195.4,100.4,98.5,False
2026-01-21T07:26:30Z,2026-01-21T02:26:30-05:00,2026-01-28 22:00 UTC,,Brasileirao,1.251815071,35068990,Atletico MG v SE Palmeiras,DRAW,58805,SEL_58805,3.4,9.32,3.55,8.77,0.1499999999999999,24.29,25.23,0.9627427665477606,4.0,10.83,102.4,96.9,False
2026-01-21T07:26:30Z,2026-01-21T02:26:30-05:00,2026-01-28 22:00 UTC,,Brasileirao,1.251815071,35068990,Atletico MG v SE Palmeiras,HOME,361329,SEL_361329,2.76,3.76,2.92,15.06,0.16000000000000014,29.43,32.81,0.8969826272477902,3.83,10.83,102.4,96.9,False
2026-01-21T07:26:30Z,2026-01-21T02:26:30-05:00,2026-01-28 22:00 UTC,,Brasileirao,1.251815071,35068990,Atletico MG v SE Palmeiras,AWAY,22498185,SEL_22498185,2.72,13.04,2.9,12.63,0.17999999999999972,30.34,32.91,0.9219082345791554,1.38,10.83,102.4,96.9,False
2026-01-21T07:26:30Z,2026-01-21T02:26:30-05:00,2026-01-28 23:00 UTC,,Brasileirao,1.251820158,35069722,Chapecoense v Santos,DRAW,58805,SEL_58805,3.15,5.59,3.35,5.59,0.20000000000000018,12.74,12.62,1.0095087163232965,1.16,16.9,104.7,96.4,False
2026-01-21T07:26:30Z,2026-01-21T02:26:30-05:00,2026-01-28 23:00 UTC,,Brasileirao,1.251820158,35069722,Chapecoense v Santos,HOME,2909511,SEL_2909511,3.35,5.59,3.65,5.59,0.2999999999999998,15.43,10.1,1.5277227722772277,1.07,16.9,104.7,96.4,False
2026-01-21T07:26:30Z,2026-01-21T02:26:30-05:00,2026-01-28 23:00 UTC,,Brasileirao,1.251820158,35069722,Chapecoense v Santos,AWAY,198127,SEL_198127,2.32,8.07,2.56,5.59,0.2400000000000002,14.85,14.96,0.9926470588235293,12.14,16.9,104.7,96.4,False
2026-01-21T07:26:31Z,2026-01-21T02:26:31-05:00,2026-01-28 23:00 UTC,,Brasileirao,1.251815287,35068960,Corinthians v Bahia,HOME,198136,SEL_198136,1.11,5.59,2.62,2.87,1.51,17.86,3.75,4.762666666666666,17.51,24.85,151.7,38.4,False
2026-01-21T07:26:31Z,2026-01-21T02:26:31-05:00,2026-01-28 23:00 UTC,,Brasileirao,1.251815287,35068960,Corinthians v Bahia,DRAW,58805,SEL_58805,3.2,2.35,950.0,3.61,946.8,8.83,4.09,2.1589242053789732,,24.85,151.7,38.4,False
2026-01-21T07:26:31Z,2026-01-21T02:26:31-05:00,2026-01-28 23:00 UTC,,Brasileirao,1.251815287,35068960,Corinthians v Bahia,AWAY,198139,SEL_198139,3.3,2.35,980.0,1.33,976.7,12.07,1.3900000000000001,8.683453237410072,3.62,24.85,151.7,38.4,False
2026-01-21T07:26:32Z,2026-01-21T02:26:32-05:00,2026-01-30 00:30 UTC,,Brasileirao,1.251820375,35069717,Botafogo FR v Cruzeiro MG,DRAW,58805,SEL_58805,3.35,14.19,3.65,6.7,0.2999999999999998,26.7,33.62,0.7941701368233195,33.09,75.31,102.9,96.7,False
2026-01-21T07:26:32Z,2026-01-21T02:26:32-05:00,2026-01-30 00:30 UTC,,Brasileirao,1.251820375,35069717,Botafogo FR v Cruzeiro MG,AWAY,10901767,SEL_10901767,2.98,1.29,3.15,2.29,0.16999999999999993,18.74,31.14,0.6017983301220294,23.04,75.31,102.9,96.7,False
2026-01-21T07:26:32Z,2026-01-21T02:26:32-05:00,2026-01-30 00:30 UTC,,Brasileirao,1.251820375,35069717,Botafogo FR v Cruzeiro MG,HOME,11302836,SEL_11302836,2.54,1.52,2.66,7.04,0.1200000000000001,9.46,36.02,0.2626318711826763,7.92,75.31,102.9,96.7,False
2026-01-21T07:26:32Z,2026-01-21T02:26:32-05:00,2026-01-28 22:30 UTC,,Brasileirao,1.251815395,35068958,Fluminense v Gremio,HOME,198133,SEL_198133,1.84,2.29,1.93,15.71,0.08999999999999986,47.9,42.99,1.1142126075831589,12.22,89.0,102.5,96.7,False
2026-01-21T07:26:32Z,2026-01-21T02:26:32-05:00,2026-01-28 22:30 UTC,,Brasileirao,1.251815395,35068958,Fluminense v Gremio,AWAY,198134,SEL_198134,5.1,5.57,5.7,2.29,0.6000000000000005,10.99,33.54,0.32766845557543234,62.18,89.0,102.5,96.7,False
2026-01-21T07:26:32Z,2026-01-21T02:26:32-05:00,2026-01-28 22:30 UTC,,Brasileirao,1.251815395,35068958,Fluminense v Gremio,DRAW,58805,SEL_58805,3.5,5.59,3.65,7.04,0.1499999999999999,17.91,35.85,0.499581589958159,1.29,89.0,102.5,96.7,False
2026-01-21T07:26:32Z,2026-01-21T02:26:32-05:00,2026-01-29 00:30 UTC,,Brasileirao,1.251815179,35068964,Sao Paulo v Flamengo,DRAW,58805,SEL_58805,3.65,7.04,3.75,5.59,0.10000000000000009,25.22,35.62,0.708029197080292,2.86,83.44,102.7,97.7,False
2026-01-21T07:26:32Z,2026-01-21T02:26:32-05:00,2026-01-29 00:30 UTC,,Brasileirao,1.251815179,35068964,Sao Paulo v Flamengo,AWAY,198138,SEL_198138,2.0,48.84,2.12,17.71,0.1200000000000001,78.16000000000001,32.04,2.439450686641698,53.08,83.44,102.7,97.7,False
2026-01-21T07:26:32Z,2026-01-21T02:26:32-05:00,2026-01-29 00:30 UTC,,Brasileirao,1.251815179,35068964,Sao Paulo v Flamengo,HOME,198126,SEL_198126,3.95,7.04,4.2,23.26,0.25,23.89,34.56,0.6912615740740741,15.02,83.44,102.7,97.7,False
2026-01-21T07:26:32Z,2026-01-21T02:26:32-05:00,2026-01-28 22:00 UTC,,Brasileirao,1.251814855,35069015,EC Vitoria Salvador v Remo,HOME,5336581,SEL_5336581,1.76,2.35,1.81,23.42,0.050000000000000044,51.339999999999996,44.3,1.1589164785553048,61.3,74.12,102.5,96.8,False
2026-01-21T07:26:32Z,2026-01-21T02:26:32-05:00,2026-01-28 22:00 UTC,,Brasileirao,1.251814855,35069015,EC Vitoria Salvador v Remo,AWAY,376830,SEL_376830,5.7,4.96,6.4,16.04,0.7000000000000002,11.37,24.33,0.46732429099876693,1.74,74.12,102.5,96.8,False
2026-01-21T07:26:32Z,2026-01-21T02:26:32-05:00,2026-01-28 22:00 UTC,,Brasileirao,1.251814855,35069015,EC Vitoria Salvador v Remo,DRAW,58805,SEL_58805,3.55,17.1,3.85,5.59,0.30000000000000027,32.59,27.86,1.1697774587221825,,74.12,102.5,96.8,False
2026-01-21T07:29:28Z,2026-01-21T02:29:28-05:00,2026-01-28 23:00 UTC,,Brasileirao,1.251820158,35069722,Chapecoense v Santos,DRAW,58805,SEL_58805,3.15,5.59,3.35,5.59,0.20000000000000018,23.68,21.3,1.1117370892018779,1.16,16.9,103.6,96.8,False
2026-01-21T07:29:28Z,2026-01-21T02:29:28-05:00,2026-01-28 23:00 UTC,,Brasileirao,1.251820158,35069722,Chapecoense v Santos,HOME,2909511,SEL_2909511,3.35,5.59,3.6,8.24,0.25,22.380000000000003,18.4,1.216304347826087,1.07,16.9,103.6,96.8,False
2026-01-21T07:29:28Z,2026-01-21T02:29:28-05:00,2026-01-28 23:00 UTC,,Brasileirao,1.251820158,35069722,Chapecoense v Santos,AWAY,198127,SEL_198127,2.38,16.91,2.56,5.59,0.18000000000000016,29.57,25.53,1.1582452017234626,12.14,16.9,103.6,96.8,False
2026-01-21T07:41:28Z,2026-01-21T02:41:28-05:00,2026-01-29 00:30 UTC,,Brasileirao,1.251815179,35068964,Sao Paulo v Flamengo,DRAW,58805,SEL_58805,3.65,7.04,3.75,7.04,0.10000000000000009,25.22,42.65,0.591324736225088,2.86,83.44,102.7,97.7,False
2026-01-21T07:41:28Z,2026-01-21T02:41:28-05:00,2026-01-29 00:30 UTC,,Brasileirao,1.251815179,35068964,Sao Paulo v Flamengo,AWAY,198138,SEL_198138,2.0,48.84,2.12,12.12,0.1200000000000001,84.43,32.03,2.63596628161099,53.08,83.44,102.7,97.7,False
2026-01-21T07:41:28Z,2026-01-21T02:41:28-05:00,2026-01-29 00:30 UTC,,Brasileirao,1.251815179,35068964,Sao Paulo v Flamengo,HOME,198126,SEL_198126,3.95,7.04,4.2,23.26,0.25,20.78,34.56,0.6012731481481481,15.02,83.44,102.7,97.7,False
2026-01-21T07:44:28Z,2026-01-21T02:44:28-05:00,2026-01-28 22:00 UTC,,Brasileirao,1.251814747,35069022,Internacional v Athletico-PR,HOME,198137,SEL_198137,1.99,2.35,2.12,18.77,0.13000000000000012,25.78,35.36,0.7290723981900453,26.23,150.81,103.9,95.4,False
2026-01-21T07:44:28Z,2026-01-21T02:44:28-05:00,2026-01-28 22:00 UTC,,Brasileirao,1.251814747,35069022,Internacional v Athletico-PR,DRAW,58805,SEL_58805,3.3,7.94,3.6,15.47,0.30000000000000027,31.15,28.71,1.08498780912574,16.6,150.81,103.9,95.4,False
2026-01-21T07:44:28Z,2026-01-21T02:44:28-05:00,2026-01-28 22:00 UTC,,Brasileirao,1.251814747,35069022,Internacional v Athletico-PR,AWAY,36860494,SEL_36860494,4.3,13.6,4.9,13.64,0.6000000000000005,26.14,23.09,1.1320918146383716,85.43,150.81,103.9,95.4,False
2026-01-21T07:44:28Z,2026-01-21T02:44:28-05:00,2026-01-30 00:30 UTC,,Brasileirao,1.251820375,35069717,Botafogo FR v Cruzeiro MG,DRAW,58805,SEL_58805,3.35,14.19,3.65,6.7,0.2999999999999998,26.7,31.41,0.8500477554918815,33.09,75.31,102.9,96.7,False
2026-01-21T07:44:28Z,2026-01-21T02:44:28-05:00,2026-01-30 00:30 UTC,,Brasileirao,1.251820375,35069717,Botafogo FR v Cruzeiro MG,AWAY,10901767,SEL_10901767,2.98,1.29,3.15,2.29,0.16999999999999993,18.74,31.14,0.6017983301220294,23.04,75.31,102.9,96.7,False
2026-01-21T07:44:28Z,2026-01-21T02:44:28-05:00,2026-01-30 00:30 UTC,,Brasileirao,1.251820375,35069717,Botafogo FR v Cruzeiro MG,HOME,11302836,SEL_11302836,2.54,1.52,2.66,7.04,0.1200000000000001,9.46,36.02,0.2626318711826763,7.92,75.31,102.9,96.7,False
2026-01-21T07:44:28Z,2026-01-21T02:44:28-05:00,2026-01-28 22:30 UTC,,Brasileirao,1.251815395,35068958,Fluminense v Gremio,HOME,198133,SEL_198133,1.84,2.29,1.93,18.35,0.08999999999999986,47.9,43.51,1.1008963456676626,12.22,89.0,102.5,96.7,False
2026-01-21T07:44:28Z,2026-01-21T02:44:28-05:00,2026-01-28 22:30 UTC,,Brasileirao,1.251815395,35068958,Fluminense v Gremio,AWAY,198134,SEL_198134,5.1,5.57,5.7,2.29,0.6000000000000005,10.99,34.36,0.319848661233993,62.18,89.0,102.5,96.7,False
2026-01-21T07:44:28Z,2026-01-21T02:44:28-05:00,2026-01-28 22:30 UTC,,Brasileirao,1.251815395,35068958,Fluminense v Gremio,DRAW,58805,SEL_58805,3.5,7.04,3.65,7.04,0.1499999999999999,11.68,35.85,0.32580195258019523,1.29,89.0,102.5,96.7,False
2026-01-21T08:14:29Z,2026-01-21T03:14:29-05:00,2026-01-28 22:00 UTC,,Brasileirao,1.251814747,35069022,Internacional v Athletico-PR,HOME,198137,SEL_198137,1.99,2.35,2.12,18.77,0.13000000000000012,25.78,35.59,0.7243607754987356,26.23,150.79,103.5,95.4,False
2026-01-21T08:14:29Z,2026-01-21T03:14:29-05:00,2026-01-28 22:00 UTC,,Brasileirao,1.251814747,35069022,Internacional v Athletico-PR,DRAW,58805,SEL_58805,3.35,5.59,3.6,15.47,0.25,18.11,28.71,0.6307906652734239,16.6,150.79,103.5,95.4,False
2026-01-21T08:14:29Z,2026-01-21T03:14:29-05:00,2026-01-28 22:00 UTC,,Brasileirao,1.251814747,35069022,Internacional v Athletico-PR,AWAY,36860494,SEL_36860494,4.3,13.6,4.9,13.64,0.6000000000000005,26.14,18.77,1.3926478423015451,85.41,150.79,103.5,95.4,False
2026-01-21T08:14:29Z,2026-01-21T03:14:29-05:00,2026-01-28 22:30 UTC,,Brasileirao,1.251815395,35068958,Fluminense v Gremio,HOME,198133,SEL_198133,1.84,2.29,1.92,10.32,0.07999999999999985,47.9,43.58,1.099128040385498,12.22,88.99,102.1,97.0,False
2026-01-21T08:14:29Z,2026-01-21T03:14:29-05:00,2026-01-28 22:30 UTC,,Brasileirao,1.251815395,35068958,Fluminense v Gremio,AWAY,198134,SEL_198134,5.1,5.57,5.7,2.29,0.6000000000000005,10.99,28.73,0.3825269752871563,62.17,88.99,102.1,97.0,False
2026-01-21T08:14:29Z,2026-01-21T03:14:29-05:00,2026-01-28 22:30 UTC,,Brasileirao,1.251815395,35068958,Fluminense v Gremio,DRAW,58805,SEL_58805,3.55,5.59,3.65,7.04,0.10000000000000009,14.92,35.85,0.4161785216178521,1.29,88.99,102.1,97.0,False
2026-01-21T08:14:29Z,2026-01-21T03:14:29-05:00,2026-01-29 00:30 UTC,,Brasileirao,1.251815179,35068964,Sao Paulo v Flamengo,DRAW,58805,SEL_58805,3.65,7.04,3.75,12.63,0.10000000000000009,25.22,42.660000000000004,0.5911861228316924,2.86,83.44,102.7,97.7,False
2026-01-21T08:14:29Z,2026-01-21T03:14:29-05:00,2026-01-29 00:30 UTC,,Brasileirao,1.251815179,35068964,Sao Paulo v Flamengo,AWAY,198138,SEL_198138,2.0,48.84,2.12,12.12,0.1200000000000001,84.43,32.03,2.63596628161099,53.08,83.44,102.7,97.7,False
2026-01-21T08:14:29Z,2026-01-21T03:14:29-05:00,2026-01-29 00:30 UTC,,Brasileirao,1.251815179,35068964,Sao Paulo v Flamengo,HOME,198126,SEL_198126,3.95,7.04,4.2,23.26,0.25,20.78,34.56,0.6012731481481481,15.02,83.44,102.7,97.7,False
2026-01-21T08:47:30Z,2026-01-21T03:47:30-05:00,2026-01-28 22:00 UTC,,Brasileirao,1.251814747,35069022,Internacional v Athletico-PR,HOME,198137,SEL_198137,1.99,2.35,2.12,18.77,0.13000000000000012,25.78,35.36,0.7290723981900453,26.23,150.79,103.9,95.4,False
2026-01-21T08:47:30Z,2026-01-21T03:47:30-05:00,2026-01-28 22:00 UTC,,Brasileirao,1.251814747,35069022,Internacional v Athletico-PR,DRAW,58805,SEL_58805,3.3,7.94,3.6,15.47,0.30000000000000027,31.15,28.71,1.08498780912574,16.6,150.79,103.9,95.4,False
2026-01-21T08:47:30Z,2026-01-21T03:47:30-05:00,2026-01-28 22:00 UTC,,Brasileirao,1.251814747,35069022,Internacional v Athletico-PR,AWAY,36860494,SEL_36860494,4.3,13.6,4.9,13.64,0.6000000000000005,26.14,23.09,1.1320918146383716,85.41,150.79,103.9,95.4,False
2026-01-21T08:50:30Z,2026-01-21T03:50:30-05:00,2026-01-28 22:00 UTC,,Brasileirao,1.251814747,35069022,Internacional v Athletico-PR,HOME,198137,SEL_198137,1.98,5.59,2.12,18.77,0.14000000000000012,52.45,31.779999999999998,1.6504090623033356,26.23,150.79,104.1,95.4,False
2026-01-21T08:50:30Z,2026-01-21T03:50:30-05:00,2026-01-28 22:00 UTC,,Brasileirao,1.251814747,35069022,Internacional v Athletico-PR,DRAW,58805,SEL_58805,3.3,5.59,3.6,15.47,0.30000000000000027,28.799999999999997,31.09,0.926342875522676,16.6,150.79,104.1,95.4,False
2026-01-21T08:50:30Z,2026-01-21T03:50:30-05:00,2026-01-28 22:00 UTC,,Brasileirao,1.251814747,35069022,Internacional v Athletico-PR,AWAY,36860494,SEL_36860494,4.3,13.6,4.9,13.64,0.6000000000000005,26.14,22.16,1.1796028880866427,85.41,150.79,104.1,95.4,False
2026-01-21T08:50:30Z,2026-01-21T03:50:30-05:00,2026-01-28 22:00 UTC,,Brasileirao,1.251820266,35069721,Coritiba v Red Bull Bragantino,DRAW,58805,SEL_58805,3.1,10.98,3.55,23.4,0.44999999999999973,70.63,34.23,2.063394683026585,,8.14,105.1,90.3,False
2026-01-21T08:50:30Z,2026-01-21T03:50:30-05:00,2026-01-28 22:00 UTC,,Brasileirao,1.251820266,35069721,Coritiba v Red Bull Bragantino,HOME,198141,SEL_198141,2.24,18.84,2.54,12.8,0.2999999999999998,78.49000000000001,37.4,2.0986631016042785,1.38,8.14,105.1,90.3,False
2026-01-21T08:50:30Z,2026-01-21T03:50:30-05:00,2026-01-28 22:00 UTC,,Brasileirao,1.251820266,35069721,Coritiba v Red Bull Bragantino,AWAY,71387076,SEL_71387076,3.55,9.16,4.4,7.74,0.8500000000000005,45.33,32.35,1.4012364760432765,5.54,8.14,105.1,90.3,False
2026-01-21T08:50:30Z,2026-01-21T03:50:30-05:00,2026-01-28 23:00 UTC,,Brasileirao,1.251820158,35069722,Chapecoense v Santos,DRAW,58805,SEL_58805,3.15,5.59,3.35,5.59,0.20000000000000018,21.33,21.3,1.0014084507042251,1.16,16.9,103.6,96.8,False
2026-01-21T08:50:30Z,2026-01-21T03:50:30-05:00,2026-01-28 23:00 UTC,,Brasileirao,1.251820158,35069722,Chapecoense v Santos,HOME,2909511,SEL_2909511,3.35,5.59,3.6,8.24,0.25,20.03,18.4,1.0885869565217392,1.07,16.9,103.6,96.8,False
2026-01-21T08:50:30Z,2026-01-21T03:50:30-05:00,2026-01-28 23:00 UTC,,Brasileirao,1.251820158,35069722,Chapecoense v Santos,AWAY,198127,SEL_198127,2.38,16.91,2.56,5.59,0.18000000000000016,29.57,25.53,1.1582452017234626,12.14,16.9,103.6,96.8,False
2026-01-21T08:50:30Z,2026-01-21T03:50:30-05:00,2026-01-28 23:00 UTC,,Brasileirao,1.251815287,35068960,Corinthians v Bahia,HOME,198136,SEL_198136,1.11,5.59,1000.0,1.02,998.89,17.87,1.02,17.519607843137255,17.52,24.86,273.5,0.3,False
2026-01-21T08:50:30Z,2026-01-21T03:50:30-05:00,2026-01-28 23:00 UTC,,Brasileirao,1.251815287,35068960,Corinthians v Bahia,DRAW,58805,SEL_58805,1.09,4.14,950.0,3.61,948.91,23.77,4.09,5.811735941320293,,24.86,273.5,0.3,False
2026-01-21T08:50:30Z,2026-01-21T03:50:30-05:00,2026-01-28 23:00 UTC,,Brasileirao,1.251815287,35068960,Corinthians v Bahia,AWAY,198139,SEL_198139,1.09,4.14,1000.0,0.98,998.91,214.81,0.98,219.19387755102042,3.62,24.86,273.5,0.3,False
2026-01-21T08:50:30Z,2026-01-21T03:50:30-05:00,2026-01-28 23:00 UTC,,Brasileirao,1.251814963,35069005,Mirassol v Vasco Da Gama,HOME,2760854,SEL_2760854,1.84,6.98,1.85,7.04,0.010000000000000009,51.95,33.78,1.5378922439313203,62.18,195.39,100.4,98.5,False
2026-01-21T08:50:30Z,2026-01-21T03:50:30-05:00,2026-01-28 23:00 UTC,,Brasileirao,1.251814963,35069005,Mirassol v Vasco Da Gama,DRAW,58805,SEL_58805,3.95,7.89,4.1,1.48,0.14999999999999947,15.889999999999999,8.68,1.8306451612903225,25.03,195.39,100.4,98.5,False
2026-01-21T08:50:30Z,2026-01-21T03:50:30-05:00,2026-01-28 23:00 UTC,,Brasileirao,1.251814963,35069005,Mirassol v Vasco Da Gama,AWAY,198124,SEL_198124,4.8,1.27,5.0,2.58,0.20000000000000018,13.2,31.43,0.41998090995863824,78.96,195.39,100.4,98.5,False
2026-01-21T08:50:30Z,2026-01-21T03:50:30-05:00,2026-01-28 22:00 UTC,,Brasileirao,1.251815071,35068990,Atletico MG v SE Palmeiras,DRAW,58805,SEL_58805,3.4,9.32,3.55,8.77,0.1499999999999999,24.29,25.23,0.9627427665477606,4.0,10.83,102.4,96.9,False
2026-01-21T08:50:30Z,2026-01-21T03:50:30-05:00,2026-01-28 22:00 UTC,,Brasileirao,1.251815071,35068990,Atletico MG v SE Palmeiras,HOME,361329,SEL_361329,2.76,3.76,2.92,15.06,0.16000000000000014,27.08,31.92,0.8483709273182957,3.83,10.83,102.4,96.9,False
2026-01-21T08:50:30Z,2026-01-21T03:50:30-05:00,2026-01-28 22:00 UTC,,Brasileirao,1.251815071,35068990,Atletico MG v SE Palmeiras,AWAY,22498185,SEL_22498185,2.72,10.69,2.9,12.63,0.17999999999999972,27.990000000000002,32.91,0.8505013673655425,1.38,10.83,102.4,96.9,False
2026-01-21T08:50:30Z,2026-01-21T03:50:30-05:00,2026-01-30 00:30 UTC,,Brasileirao,1.251820375,35069717,Botafogo FR v Cruzeiro MG,DRAW,58805,SEL_58805,3.35,14.19,3.65,6.7,0.2999999999999998,27.94,33.4,0.8365269461077846,33.07,75.29,102.9,96.7,False
2026-01-21T08:50:30Z,2026-01-21T03:50:30-05:00,2026-01-30 00:30 UTC,,Brasileirao,1.251820375,35069717,Botafogo FR v Cruzeiro MG,AWAY,10901767,SEL_10901767,2.98,1.29,3.15,2.29,0.16999999999999993,18.74,31.14,0.6017983301220294,23.04,75.29,102.9,96.7,False
2026-01-21T08:50:30Z,2026-01-21T03:50:30-05:00,2026-01-30 00:30 UTC,,Brasileirao,1.251820375,35069717,Botafogo FR v Cruzeiro MG,HOME,11302836,SEL_11302836,2.54,1.52,2.66,7.04,0.1200000000000001,24.56,36.02,0.6818434203220433,7.92,75.29,102.9,96.7,False
2026-01-21T08:50:30Z,2026-01-21T03:50:30-05:00,2026-01-28 22:30 UTC,,Brasileirao,1.251815395,35068958,Fluminense v Gremio,HOME,198133,SEL_198133,1.84,2.29,1.92,10.32,0.07999999999999985,45.55,43.58,1.0452042221202387,12.22,88.99,102.1,97.0,False
2026-01-21T08:50:30Z,2026-01-21T03:50:30-05:00,2026-01-28 22:30 UTC,,Brasileirao,1.251815395,35068958,Fluminense v Gremio,AWAY,198134,SEL_198134,5.1,5.57,5.7,2.29,0.6000000000000005,10.99,28.73,0.3825269752871563,62.17,88.99,102.1,97.0,False
2026-01-21T08:50:30Z,2026-01-21T03:50:30-05:00,2026-01-28 22:30 UTC,,Brasileirao,1.251815395,35068958,Fluminense v Gremio,DRAW,58805,SEL_58805,3.55,5.59,3.65,7.04,0.10000000000000009,14.92,35.85,0.4161785216178521,1.29,88.99,102.1,97.0,False
2026-01-21T08:50:30Z,2026-01-21T03:50:30-05:00,2026-01-28 22:00 UTC,,Brasileirao,1.251814855,35069015,EC Vitoria Salvador v Remo,HOME,5336581,SEL_5336581,1.73,5.59,1.81,23.42,0.08000000000000007,61.55,44.3,1.389390519187359,61.3,74.12,103.5,96.8,False
2026-01-21T08:50:30Z,2026-01-21T03:50:30-05:00,2026-01-28 22:00 UTC,,Brasileirao,1.251814855,35069015,EC Vitoria Salvador v Remo,AWAY,376830,SEL_376830,5.7,4.96,6.4,16.04,0.7000000000000002,13.04,23.15,0.5632829373650108,1.74,74.12,103.5,96.8,False
2026-01-21T08:50:30Z,2026-01-21T03:50:30-05:00,2026-01-28 22:00 UTC,,Brasileirao,1.251814855,35069015,EC Vitoria Salvador v Remo,DRAW,58805,SEL_58805,3.55,14.74,3.85,5.59,0.30000000000000027,30.23,26.810000000000002,1.1275643416635583,,74.12,103.5,96.8,False
2026-01-21T08:53:30Z,2026-01-21T03:53:30-05:00,2026-01-28 22:00 UTC,,Brasileirao,1.251814747,35069022,Internacional v Athletico-PR,HOME,198137,SEL_198137,1.99,2.35,2.12,18.77,0.13000000000000012,25.78,35.36,0.7290723981900453,26.23,150.79,103.9,95.4,False
2026-01-21T08:53:30Z,2026-01-21T03:53:30-05:00,2026-01-28 22:00 UTC,,Brasileirao,1.251814747,35069022,Internacional v Athletico-PR,DRAW,58805,SEL_58805,3.3,7.94,3.6,15.47,0.30000000000000027,31.15,28.71,1.08498780912574,16.6,150.79,103.9,95.4,False
2026-01-21T08:53:30Z,2026-01-21T03:53:30-05:00,2026-01-28 22:00 UTC,,Brasileirao,1.251814747,35069022,Internacional v Athletico-PR,AWAY,36860494,SEL_36860494,4.3,13.6,4.9,13.64,0.6000000000000005,26.14,23.09,1.1320918146383716,85.41,150.79,103.9,95.4,False
2026-01-21T08:53:30Z,2026-01-21T03:53:30-05:00,2026-01-28 22:00 UTC,,Brasileirao,1.251820266,35069721,Coritiba v Red Bull Bragantino,DRAW,58805,SEL_58805,3.2,2.35,3.55,23.4,0.34999999999999964,40.68,34.379999999999995,1.1832460732984296,,8.14,104.1,92.3,False
2026-01-21T08:53:30Z,2026-01-21T03:53:30-05:00,2026-01-28 22:00 UTC,,Brasileirao,1.251820266,35069721,Coritiba v Red Bull Bragantino,HOME,198141,SEL_198141,2.24,18.84,2.48,3.03,0.23999999999999977,62.93,16.08,3.9135572139303485,1.38,8.14,104.1,92.3,False
2026-01-21T08:53:30Z,2026-01-21T03:53:30-05:00,2026-01-28 22:00 UTC,,Brasileirao,1.251820266,35069721,Coritiba v Red Bull Bragantino,AWAY,71387076,SEL_71387076,3.55,9.16,4.2,1.79,0.6500000000000004,34.73,32.76,1.0601343101343101,5.54,8.14,104.1,92.3,False
2026-01-21T08:53:30Z,2026-01-21T03:53:30-05:00,2026-01-28 23:00 UTC,,Brasileirao,1.251820158,35069722,Chapecoense v Santos,DRAW,58805,SEL_58805,3.15,5.59,3.35,5.59,0.20000000000000018,23.68,21.3,1.1117370892018779,1.16,16.9,103.6,96.8,False
2026-01-21T08:53:30Z,2026-01-21T03:53:30-05:00,2026-01-28 23:00 UTC,,Brasileirao,1.251820158,35069722,Chapecoense v Santos,HOME,2909511,SEL_2909511,3.35,5.59,3.6,8.24,0.25,22.380000000000003,18.4,1.216304347826087,1.07,16.9,103.6,96.8,False
2026-01-21T08:53:30Z,2026-01-21T03:53:30-05:00,2026-01-28 23:00 UTC,,Brasileirao,1.251820158,35069722,Chapecoense v Santos,AWAY,198127,SEL_198127,2.38,16.91,2.56,5.59,0.18000000000000016,29.57,25.53,1.1582452017234626,12.14,16.9,103.6,96.8,False
2026-01-21T08:53:30Z,2026-01-21T03:53:30-05:00,2026-01-28 23:00 UTC,,Brasileirao,1.251815287,35068960,Corinthians v Bahia,HOME,198136,SEL_198136,1.11,5.59,2.62,2.87,1.51,17.87,3.75,4.765333333333333,17.52,24.86,151.7,38.4,False
2026-01-21T08:53:30Z,2026-01-21T03:53:30-05:00,2026-01-28 23:00 UTC,,Brasileirao,1.251815287,35068960,Corinthians v Bahia,DRAW,58805,SEL_58805,3.2,2.35,950.0,3.61,946.8,8.84,4.09,2.161369193154034,,24.86,151.7,38.4,False
2026-01-21T08:53:30Z,2026-01-21T03:53:30-05:00,2026-01-28 23:00 UTC,,Brasileirao,1.251815287,35068960,Corinthians v Bahia,AWAY,198139,SEL_198139,3.3,2.35,980.0,1.33,976.7,12.08,1.3900000000000001,8.690647482014388,3.62,24.86,151.7,38.4,False
2026-01-21T08:53:30Z,2026-01-21T03:53:30-05:00,2026-01-28 23:00 UTC,,Brasileirao,1.251814963,35069005,Mirassol v Vasco Da Gama,HOME,2760854,SEL_2760854,1.84,6.98,1.85,7.04,0.010000000000000009,40.41,33.78,1.1962699822380105,62.18,195.39,100.4,98.5,False
2026-01-21T08:53:30Z,2026-01-21T03:53:30-05:00,2026-01-28 23:00 UTC,,Brasileirao,1.251814963,35069005,Mirassol v Vasco Da Gama,DRAW,58805,SEL_58805,3.95,7.89,4.1,1.48,0.14999999999999947,14.709999999999999,8.68,1.694700460829493,25.03,195.39,100.4,98.5,False
2026-01-21T08:53:30Z,2026-01-21T03:53:30-05:00,2026-01-28 23:00 UTC,,Brasileirao,1.251814963,35069005,Mirassol v Vasco Da Gama,AWAY,198124,SEL_198124,4.8,1.27,5.0,2.58,0.20000000000000018,15.549999999999999,31.43,0.494750238625517,78.96,195.39,100.4,98.5,False
2026-01-21T08:53:30Z,2026-01-21T03:53:30-05:00,2026-01-28 22:00 UTC,,Brasileirao,1.251815071,35068990,Atletico MG v SE Palmeiras,DRAW,58805,SEL_58805,3.4,9.32,3.55,8.77,0.1499999999999999,24.29,25.23,0.9627427665477606,4.0,10.83,102.4,96.9,False
2026-01-21T08:53:30Z,2026-01-21T03:53:30-05:00,2026-01-28 22:00 UTC,,Brasileirao,1.251815071,35068990,Atletico MG v SE Palmeiras,HOME,361329,SEL_361329,2.76,3.76,2.92,15.06,0.16000000000000014,29.43,32.81,0.8969826272477902,3.83,10.83,102.4,96.9,False
2026-01-21T08:53:30Z,2026-01-21T03:53:30-05:00,2026-01-28 22:00 UTC,,Brasileirao,1.251815071,35068990,Atletico MG v SE Palmeiras,AWAY,22498185,SEL_22498185,2.72,13.04,2.9,12.63,0.17999999999999972,30.34,32.91,0.9219082345791554,1.38,10.83,102.4,96.9,False
2026-01-21T08:53:30Z,2026-01-21T03:53:30-05:00,2026-01-30 00:30 UTC,,Brasileirao,1.251820375,35069717,Botafogo FR v Cruzeiro MG,DRAW,58805,SEL_58805,3.35,14.19,3.65,6.7,0.2999999999999998,26.69,31.41,0.8497293855460045,33.07,75.29,102.9,96.7,False
2026-01-21T08:53:30Z,2026-01-21T03:53:30-05:00,2026-01-30 00:30 UTC,,Brasileirao,1.251820375,35069717,Botafogo FR v Cruzeiro MG,AWAY,10901767,SEL_10901767,2.98,1.29,3.15,2.29,0.16999999999999993,18.74,31.14,0.6017983301220294,23.04,75.29,102.9,96.7,False
2026-01-21T08:53:30Z,2026-01-21T03:53:30-05:00,2026-01-30 00:30 UTC,,Brasileirao,1.251820375,35069717,Botafogo FR v Cruzeiro MG,HOME,11302836,SEL_11302836,2.54,1.52,2.66,7.04,0.1200000000000001,9.46,36.02,0.2626318711826763,7.92,75.29,102.9,96.7,False
2026-01-21T08:53:30Z,2026-01-21T03:53:30-05:00,2026-01-28 22:30 UTC,,Brasileirao,1.251815395,35068958,Fluminense v Gremio,HOME,198133,SEL_198133,1.84,2.29,1.92,10.32,0.07999999999999985,47.9,43.58,1.099128040385498,12.22,88.99,102.1,97.0,False
2026-01-21T08:53:30Z,2026-01-21T03:53:30-05:00,2026-01-28 22:30 UTC,,Brasileirao,1.251815395,35068958,Fluminense v Gremio,AWAY,198134,SEL_198134,5.1,5.57,5.7,2.29,0.6000000000000005,10.99,28.73,0.3825269752871563,62.17,88.99,102.1,97.0,False
2026-01-21T08:53:30Z,2026-01-21T03:53:30-05:00,2026-01-28 22:30 UTC,,Brasileirao,1.251815395,35068958,Fluminense v Gremio,DRAW,58805,SEL_58805,3.55,5.59,3.65,7.04,0.10000000000000009,14.92,35.85,0.4161785216178521,1.29,88.99,102.1,97.0,False
2026-01-21T08:53:30Z,2026-01-21T03:53:30-05:00,2026-01-28 22:00 UTC,,Brasileirao,1.251814855,35069015,EC Vitoria Salvador v Remo,HOME,5336581,SEL_5336581,1.76,2.35,1.81,23.42,0.050000000000000044,51.33,44.3,1.1586907449209933,61.3,74.12,102.5,96.8,False
2026-01-21T08:53:30Z,2026-01-21T03:53:30-05:00,2026-01-28 22:00 UTC,,Brasileirao,1.251814855,35069015,EC Vitoria Salvador v Remo,AWAY,376830,SEL_376830,5.7,4.96,6.4,16.04,0.7000000000000002,11.37,24.33,0.46732429099876693,1.74,74.12,102.5,96.8,False
2026-01-21T08:53:30Z,2026-01-21T03:53:30-05:00,2026-01-28 22:00 UTC,,Brasileirao,1.251814855,35069015,EC Vitoria Salvador v Remo,DRAW,58805,SEL_58805,3.55,17.1,3.85,5.59,0.30000000000000027,32.59,27.86,1.1697774587221825,,74.12,102.5,96.8,False
2026-01-21T09:20:31Z,2026-01-21T04:20:31-05:00,2026-01-28 22:00 UTC,,Brasileirao,1.251814747,35069022,Internacional v Athletico-PR,HOME,198137,SEL_198137,1.99,2.35,2.12,18.77,0.13000000000000012,25.78,35.59,0.7243607754987356,26.23,150.81,103.5,95.4,False
2026-01-21T09:20:31Z,2026-01-21T04:20:31-05:00,2026-01-28 22:00 UTC,,Brasileirao,1.251814747,35069022,Internacional v Athletico-PR,DRAW,58805,SEL_58805,3.35,5.59,3.6,15.47,0.25,18.11,28.71,0.6307906652734239,16.6,150.81,103.5,95.4,False
2026-01-21T09:20:31Z,2026-01-21T04:20:31-05:00,2026-01-28 22:00 UTC,,Brasileirao,1.251814747,35069022,Internacional v Athletico-PR,AWAY,36860494,SEL_36860494,4.3,13.6,4.9,13.64,0.6000000000000005,26.14,18.77,1.3926478423015451,85.43,150.81,103.5,95.4,False
2026-01-21T14:25:00Z,2026-01-21T09:25:00-05:00,2026-01-28 22:00 UTC,,Brasileirao,1.251815071,35068990,Atletico MG v SE Palmeiras,DRAW,58805,SEL_58805,3.45,7.0,3.55,3.75,0.09999999999999964,24.23,26.63,0.909876079609463,4.0,10.84,102.0,97.9,False
2026-01-21T14:25:00Z,2026-01-21T09:25:00-05:00,2026-01-28 22:00 UTC,,Brasileirao,1.251815071,35068990,Atletico MG v SE Palmeiras,HOME,361329,SEL_361329,2.76,7.0,2.88,7.0,0.1200000000000001,29.35,30.310000000000002,0.9683272847245133,3.84,10.84,102.0,97.9,False
2026-01-21T14:25:00Z,2026-01-21T09:25:00-05:00,2026-01-28 22:00 UTC,,Brasileirao,1.251815071,35068990,Atletico MG v SE Palmeiras,AWAY,22498185,SEL_22498185,2.72,13.02,2.86,7.0,0.13999999999999968,23.57,20.96,1.1245229007633588,1.39,10.84,102.0,97.9,False
2026-01-21T14:25:01Z,2026-01-21T09:25:01-05:00,2026-01-28 22:00 UTC,,Brasileirao,1.251820266,35069721,Coritiba v Red Bull Bragantino,DRAW,58805,SEL_58805,3.2,2.35,3.55,23.37,0.34999999999999964,40.64,34.34,1.1834595224228304,,8.15,104.1,92.3,False
2026-01-21T14:25:01Z,2026-01-21T09:25:01-05:00,2026-01-28 22:00 UTC,,Brasileirao,1.251820266,35069721,Coritiba v Red Bull Bragantino,HOME,198141,SEL_198141,2.24,18.82,2.48,3.03,0.23999999999999977,62.86,16.07,3.911636589919104,1.39,8.15,104.1,92.3,False
2026-01-21T14:25:01Z,2026-01-21T09:25:01-05:00,2026-01-28 22:00 UTC,,Brasileirao,1.251820266,35069721,Coritiba v Red Bull Bragantino,AWAY,71387076,SEL_71387076,3.55,9.15,4.2,1.79,0.6500000000000004,34.7,32.730000000000004,1.0601894286587228,5.55,8.15,104.1,92.3,False
2026-01-21T14:25:01Z,2026-01-21T09:25:01-05:00,2026-01-28 22:00 UTC,,Brasileirao,1.251814855,35069015,EC Vitoria Salvador v Remo,HOME,5336581,SEL_5336581,1.76,2.35,1.81,23.4,0.050000000000000044,51.23,50.339999999999996,1.0176797775129123,61.42,74.18,102.5,95.1,False
2026-01-21T14:25:01Z,2026-01-21T09:25:01-05:00,2026-01-28 22:00 UTC,,Brasileirao,1.251814855,35069015,EC Vitoria Salvador v Remo,AWAY,376830,SEL_376830,5.7,4.96,7.2,8.81,1.5,11.36,37.62,0.30196703880914405,1.74,74.18,102.5,95.1,False
2026-01-21T14:25:01Z,2026-01-21T09:25:01-05:00,2026-01-28 22:00 UTC,,Brasileirao,1.251814855,35069015,EC Vitoria Salvador v Remo,DRAW,58805,SEL_58805,3.55,17.08,3.85,5.58,0.30000000000000027,34.47,30.189999999999998,1.1417687976151043,,74.18,102.5,95.1,False
2026-01-21T14:25:01Z,2026-01-21T09:25:01-05:00,2026-01-28 22:00 UTC,,Brasileirao,1.251814747,35069022,Internacional v Athletico-PR,HOME,198137,SEL_198137,1.99,2.35,2.14,4.46,0.15000000000000013,32.49,54.830000000000005,0.592558818165238,26.24,150.66,103.9,93.3,False
2026-01-21T14:25:01Z,2026-01-21T09:25:01-05:00,2026-01-28 22:00 UTC,,Brasileirao,1.251814747,35069022,Internacional v Athletico-PR,DRAW,58805,SEL_58805,3.3,7.93,3.7,17.79,0.40000000000000036,21.32,31.139999999999997,0.6846499678869622,16.6,150.66,103.9,93.3,False
2026-01-21T14:25:01Z,2026-01-21T09:25:01-05:00,2026-01-28 22:00 UTC,,Brasileirao,1.251814747,35069022,Internacional v Athletico-PR,AWAY,36860494,SEL_36860494,4.3,13.59,5.1,14.39,0.7999999999999998,29.79,23.92,1.245401337792642,85.44,150.66,103.9,93.3,False
2026-01-21T14:25:01Z,2026-01-21T09:25:01-05:00,2026-01-28 22:30 UTC,,Brasileirao,1.251815395,35068958,Fluminense v Gremio,HOME,198133,SEL_198133,1.85,7.0,1.92,15.89,0.06999999999999984,46.97,52.84,0.8889099167297501,12.23,88.95,101.9,97.0,False
2026-01-21T14:25:01Z,2026-01-21T09:25:01-05:00,2026-01-28 22:30 UTC,,Brasileirao,1.251815395,35068958,Fluminense v Gremio,AWAY,198134,SEL_198134,5.1,5.57,5.7,4.56,0.6000000000000005,10.280000000000001,34.13,0.30120128918839734,62.22,88.95,101.9,97.0,False
2026-01-21T14:25:01Z,2026-01-21T09:25:01-05:00,2026-01-28 22:30 UTC,,Brasileirao,1.251815395,35068958,Fluminense v Gremio,DRAW,58805,SEL_58805,3.55,5.58,3.65,3.16,0.10000000000000009,14.870000000000001,38.94,0.3818695428864921,1.29,88.95,101.9,97.0,False
2026-01-21T14:25:01Z,2026-01-21T09:25:01-05:00,2026-01-28 23:00 UTC,,Brasileirao,1.251820158,35069722,Chapecoense v Santos,DRAW,58805,SEL_58805,3.1,13.32,3.4,10.56,0.2999999999999998,64.13,21.58,2.9717330861909175,1.16,16.92,104.6,92.3,False
2026-01-21T14:25:01Z,2026-01-21T09:25:01-05:00,2026-01-28 23:00 UTC,,Brasileirao,1.251820158,35069722,Chapecoense v Santos,HOME,2909511,SEL_2909511,3.3,9.96,3.9,10.36,0.6000000000000001,25.51,34.96,0.7296910755148742,1.07,16.92,104.6,92.3,False
2026-01-21T14:25:01Z,2026-01-21T09:25:01-05:00,2026-01-28 23:00 UTC,,Brasileirao,1.251820158,35069722,Chapecoense v Santos,AWAY,198127,SEL_198127,2.38,16.98,2.68,12.26,0.30000000000000027,70.67,38.18,1.8509690937663699,12.18,16.92,104.6,92.3,False
2026-01-21T14:25:01Z,2026-01-21T09:25:01-05:00,2026-01-28 23:00 UTC,,Brasileirao,1.251815287,35068960,Corinthians v Bahia,HOME,198136,SEL_198136,1.11,5.58,2.62,2.87,1.51,17.84,3.75,4.757333333333333,17.52,24.83,151.7,38.4,False
2026-01-21T14:25:01Z,2026-01-21T09:25:01-05:00,2026-01-28 23:00 UTC,,Brasileirao,1.251815287,35068960,Corinthians v Bahia,DRAW,58805,SEL_58805,3.2,2.35,950.0,3.61,946.8,8.83,4.09,2.1589242053789732,,24.83,151.7,38.4,False
2026-01-21T14:25:01Z,2026-01-21T09:25:01-05:00,2026-01-28 23:00 UTC,,Brasileirao,1.251815287,35068960,Corinthians v Bahia,AWAY,198139,SEL_198139,3.3,2.35,980.0,1.33,976.7,12.06,1.3900000000000001,8.676258992805755,3.62,24.83,151.7,38.4,False
2026-01-21T14:25:01Z,2026-01-21T09:25:01-05:00,2026-01-28 23:00 UTC,,Brasileirao,1.251814963,35069005,Mirassol v Vasco Da Gama,HOME,2760854,SEL_2760854,1.78,6.98,1.87,23.44,0.09000000000000008,16.330000000000002,51.72,0.31573859242072705,62.23,198.12,103.2,96.2,False
2026-01-21T14:25:01Z,2026-01-21T09:25:01-05:00,2026-01-28 23:00 UTC,,Brasileirao,1.251814963,35069005,Mirassol v Vasco Da Gama,DRAW,58805,SEL_58805,3.95,10.18,4.4,27.34,0.4500000000000002,24.22,38.31,0.6322109109892977,25.04,198.12,103.2,96.2,False
2026-01-21T14:25:01Z,2026-01-21T09:25:01-05:00,2026-01-28 23:00 UTC,,Brasileirao,1.251814963,35069005,Mirassol v Vasco Da Gama,AWAY,198124,SEL_198124,4.6,14.26,5.0,13.62,0.40000000000000036,27.91,41.36,0.6748065764023211,81.42,198.12,103.2,96.2,False
2026-01-21T14:25:01Z,2026-01-21T09:25:01-05:00,2026-01-29 00:30 UTC,,Brasileirao,1.251815179,35068964,Sao Paulo v Flamengo,DRAW,58805,SEL_58805,3.6,12.37,3.8,35.74,0.19999999999999973,27.35,48.71,0.5614863477725314,2.86,83.54,103.8,97.3,False
2026-01-21T14:25:01Z,2026-01-21T09:25:01-05:00,2026-01-29 00:30 UTC,,Brasileirao,1.251815179,35068964,Sao Paulo v Flamengo,AWAY,198138,SEL_198138,2.0,60.5,2.12,6.94,0.1200000000000001,90.24,15.790000000000001,5.715009499683343,53.22,83.54,103.8,97.3,False
2026-01-21T14:25:01Z,2026-01-21T09:25:01-05:00,2026-01-29 00:30 UTC,,Brasileirao,1.251815179,35068964,Sao Paulo v Flamengo,HOME,198126,SEL_198126,3.85,6.94,4.2,28.81,0.3500000000000001,24.580000000000002,40.85,0.6017135862913097,15.05,83.54,103.8,97.3,False
2026-01-21T14:25:01Z,2026-01-21T09:25:01-05:00,2026-01-30 00:30 UTC,,Brasileirao,1.251820375,35069717,Botafogo FR v Cruzeiro MG,DRAW,58805,SEL_58805,3.35,14.18,3.6,6.69,0.25,24.45,32.18,0.7597886886264761,33.1,75.28,103.2,95.9,False
2026-01-21T14:25:01Z,2026-01-21T09:25:01-05:00,2026-01-30 00:30 UTC,,Brasileirao,1.251820375,35069717,Botafogo FR v Cruzeiro MG,AWAY,10901767,SEL_10901767,2.98,5.58,3.25,31.11,0.27,21.04,40.6,0.5182266009852217,23.08,75.28,103.2,95.9,False
2026-01-21T14:25:01Z,2026-01-21T09:25:01-05:00,2026-01-30 00:30 UTC,,Brasileirao,1.251820375,35069717,Botafogo FR v Cruzeiro MG,HOME,11302836,SEL_11302836,2.52,5.58,2.68,35.94,0.16000000000000014,16.48,44.48,0.3705035971223022,7.92,75.28,103.2,95.9,False
2026-01-21T14:30:51Z,2026-01-21T09:30:51-05:00,2026-01-28 22:00 UTC,,Brasileirao,1.251815071,35068990,Atletico MG v SE Palmeiras,DRAW,58805,SEL_58805,3.45,7.0,3.55,3.75,0.09999999999999964,24.23,26.63,0.909876079609463,4.0,10.84,102.0,97.9,False
2026-01-21T14:30:51Z,2026-01-21T09:30:51-05:00,2026-01-28 22:00 UTC,,Brasileirao,1.251815071,35068990,Atletico MG v SE Palmeiras,HOME,361329,SEL_361329,2.76,7.0,2.88,7.0,0.1200000000000001,29.35,30.310000000000002,0.9683272847245133,3.84,10.84,102.0,97.9,False
2026-01-21T14:30:51Z,2026-01-21T09:30:51-05:00,2026-01-28 22:00 UTC,,Brasileirao,1.251815071,35068990,Atletico MG v SE Palmeiras,AWAY,22498185,SEL_22498185,2.72,13.02,2.86,7.0,0.13999999999999968,23.57,20.96,1.1245229007633588,1.39,10.84,102.0,97.9,False
2026-01-21T14:30:51Z,2026-01-21T09:30:51-05:00,2026-01-28 22:00 UTC,,Brasileirao,1.251820266,35069721,Coritiba v Red Bull Bragantino,DRAW,58805,SEL_58805,3.2,2.35,3.55,23.37,0.34999999999999964,40.64,34.34,1.1834595224228304,,8.15,104.1,92.3,False
2026-01-21T14:30:51Z,2026-01-21T09:30:51-05:00,2026-01-28 22:00 UTC,,Brasileirao,1.251820266,35069721,Coritiba v Red Bull Bragantino,HOME,198141,SEL_198141,2.24,18.82,2.48,3.03,0.23999999999999977,62.86,16.07,3.911636589919104,1.39,8.15,104.1,92.3,False
2026-01-21T14:30:51Z,2026-01-21T09:30:51-05:00,2026-01-28 22:00 UTC,,Brasileirao,1.251820266,35069721,Coritiba v Red Bull Bragantino,AWAY,71387076,SEL_71387076,3.55,9.15,4.2,1.79,0.6500000000000004,34.7,32.730000000000004,1.0601894286587228,5.55,8.15,104.1,92.3,False
2026-01-21T14:30:51Z,2026-01-21T09:30:51-05:00,2026-01-28 22:00 UTC,,Brasileirao,1.251814855,35069015,EC Vitoria Salvador v Remo,HOME,5336581,SEL_5336581,1.76,2.35,1.81,23.4,0.050000000000000044,51.23,50.339999999999996,1.0176797775129123,61.42,74.18,102.5,95.1,False
2026-01-21T14:30:51Z,2026-01-21T09:30:51-05:00,2026-01-28 22:00 UTC,,Brasileirao,1.251814855,35069015,EC Vitoria Salvador v Remo,AWAY,376830,SEL_376830,5.7,4.96,7.2,8.81,1.5,11.36,37.62,0.30196703880914405,1.74,74.18,102.5,95.1,False
2026-01-21T14:30:51Z,2026-01-21T09:30:51-05:00,2026-01-28 22:00 UTC,,Brasileirao,1.251814855,35069015,EC Vitoria Salvador v Remo,DRAW,58805,SEL_58805,3.55,17.08,3.85,5.58,0.30000000000000027,34.47,30.189999999999998,1.1417687976151043,,74.18,102.5,95.1,False
2026-01-21T14:30:51Z,2026-01-21T09:30:51-05:00,2026-01-28 22:00 UTC,,Brasileirao,1.251814747,35069022,Internacional v Athletico-PR,HOME,198137,SEL_198137,1.99,2.35,2.14,4.46,0.15000000000000013,32.49,54.830000000000005,0.592558818165238,26.24,150.66,103.9,93.3,False
2026-01-21T14:30:51Z,2026-01-21T09:30:51-05:00,2026-01-28 22:00 UTC,,Brasileirao,1.251814747,35069022,Internacional v Athletico-PR,DRAW,58805,SEL_58805,3.3,7.93,3.7,17.79,0.40000000000000036,21.32,31.139999999999997,0.6846499678869622,16.6,150.66,103.9,93.3,False
2026-01-21T14:30:51Z,2026-01-21T09:30:51-05:00,2026-01-28 22:00 UTC,,Brasileirao,1.251814747,35069022,Internacional v Athletico-PR,AWAY,36860494,SEL_36860494,4.3,13.59,5.1,14.39,0.7999999999999998,29.79,23.92,1.245401337792642,85.44,150.66,103.9,93.3,False
2026-01-21T14:30:51Z,2026-01-21T09:30:51-05:00,2026-01-28 22:30 UTC,,Brasileirao,1.251815395,35068958,Fluminense v Gremio,HOME,198133,SEL_198133,1.85,7.0,1.92,15.89,0.06999999999999984,46.97,52.84,0.8889099167297501,12.23,88.95,101.9,97.0,False
2026-01-21T14:30:51Z,2026-01-21T09:30:51-05:00,2026-01-28 22:30 UTC,,Brasileirao,1.251815395,35068958,Fluminense v Gremio,AWAY,198134,SEL_198134,5.1,5.57,5.7,4.56,0.6000000000000005,10.280000000000001,34.13,0.30120128918839734,62.22,88.95,101.9,97.0,False
2026-01-21T14:30:51Z,2026-01-21T09:30:51-05:00,2026-01-28 22:30 UTC,,Brasileirao,1.251815395,35068958,Fluminense v Gremio,DRAW,58805,SEL_58805,3.55,5.58,3.65,3.16,0.10000000000000009,14.870000000000001,38.94,0.3818695428864921,1.29,88.95,101.9,97.0,False
2026-01-21T14:30:51Z,2026-01-21T09:30:51-05:00,2026-01-28 23:00 UTC,,Brasileirao,1.251820158,35069722,Chapecoense v Santos,DRAW,58805,SEL_58805,3.1,13.32,3.4,10.56,0.2999999999999998,64.13,21.58,2.9717330861909175,1.16,16.92,104.6,92.3,False
2026-01-21T14:30:51Z,2026-01-21T09:30:51-05:00,2026-01-28 23:00 UTC,,Brasileirao,1.251820158,35069722,Chapecoense v Santos,HOME,2909511,SEL_2909511,3.3,9.96,3.9,10.36,0.6000000000000001,25.51,34.96,0.7296910755148742,1.07,16.92,104.6,92.3,False
2026-01-21T14:30:51Z,2026-01-21T09:30:51-05:00,2026-01-28 23:00 UTC,,Brasileirao,1.251820158,35069722,Chapecoense v Santos,AWAY,198127,SEL_198127,2.38,16.98,2.68,12.26,0.30000000000000027,70.67,38.18,1.8509690937663699,12.18,16.92,104.6,92.3,False
2026-01-21T14:30:51Z,2026-01-21T09:30:51-05:00,2026-01-28 23:00 UTC,,Brasileirao,1.251815287,35068960,Corinthians v Bahia,HOME,198136,SEL_198136,1.11,5.58,2.62,2.87,1.51,17.84,3.75,4.757333333333333,17.52,24.83,151.7,38.4,False
2026-01-21T14:30:51Z,2026-01-21T09:30:51-05:00,2026-01-28 23:00 UTC,,Brasileirao,1.251815287,35068960,Corinthians v Bahia,DRAW,58805,SEL_58805,3.2,2.35,950.0,3.61,946.8,8.83,4.09,2.1589242053789732,,24.83,151.7,38.4,False
2026-01-21T14:30:51Z,2026-01-21T09:30:51-05:00,2026-01-28 23:00 UTC,,Brasileirao,1.251815287,35068960,Corinthians v Bahia,AWAY,198139,SEL_198139,3.3,2.35,980.0,1.33,976.7,12.06,1.3900000000000001,8.676258992805755,3.62,24.83,151.7,38.4,False
2026-01-21T14:30:51Z,2026-01-21T09:30:51-05:00,2026-01-28 23:00 UTC,,Brasileirao,1.251814963,35069005,Mirassol v Vasco Da Gama,HOME,2760854,SEL_2760854,1.78,6.98,1.87,23.44,0.09000000000000008,16.330000000000002,51.72,0.31573859242072705,62.23,198.12,103.2,96.2,False
2026-01-21T14:30:51Z,2026-01-21T09:30:51-05:00,2026-01-28 23:00 UTC,,Brasileirao,1.251814963,35069005,Mirassol v Vasco Da Gama,DRAW,58805,SEL_58805,3.95,10.18,4.4,27.34,0.4500000000000002,24.22,38.31,0.6322109109892977,25.04,198.12,103.2,96.2,False
2026-01-21T14:30:51Z,2026-01-21T09:30:51-05:00,2026-01-28 23:00 UTC,,Brasileirao,1.251814963,35069005,Mirassol v Vasco Da Gama,AWAY,198124,SEL_198124,4.6,14.26,5.0,13.62,0.40000000000000036,27.91,41.36,0.6748065764023211,81.42,198.12,103.2,96.2,False
2026-01-21T14:30:51Z,2026-01-21T09:30:51-05:00,2026-01-29 00:30 UTC,,Brasileirao,1.251815179,35068964,Sao Paulo v Flamengo,DRAW,58805,SEL_58805,3.6,12.37,3.8,35.74,0.19999999999999973,27.35,48.71,0.5614863477725314,2.86,83.54,103.8,97.3,False
2026-01-21T14:30:51Z,2026-01-21T09:30:51-05:00,2026-01-29 00:30 UTC,,Brasileirao,1.251815179,35068964,Sao Paulo v Flamengo,AWAY,198138,SEL_198138,2.0,60.5,2.12,6.94,0.1200000000000001,90.24,15.790000000000001,5.715009499683343,53.22,83.54,103.8,97.3,False
2026-01-21T14:30:51Z,2026-01-21T09:30:51-05:00,2026-01-29 00:30 UTC,,Brasileirao,1.251815179,35068964,Sao Paulo v Flamengo,HOME,198126,SEL_198126,3.85,6.94,4.2,28.81,0.3500000000000001,24.580000000000002,40.85,0.6017135862913097,15.05,83.54,103.8,97.3,False
2026-01-21T14:30:51Z,2026-01-21T09:30:51-05:00,2026-01-30 00:30 UTC,,Brasileirao,1.251820375,35069717,Botafogo FR v Cruzeiro MG,DRAW,58805,SEL_58805,3.35,14.18,3.6,6.69,0.25,24.45,32.18,0.7597886886264761,33.1,75.28,103.2,95.9,False
2026-01-21T14:30:51Z,2026-01-21T09:30:51-05:00,2026-01-30 00:30 UTC,,Brasileirao,1.251820375,35069717,Botafogo FR v Cruzeiro MG,AWAY,10901767,SEL_10901767,2.98,5.58,3.25,31.11,0.27,21.04,40.6,0.5182266009852217,23.08,75.28,103.2,95.9,False
2026-01-21T14:30:51Z,2026-01-21T09:30:51-05:00,2026-01-30 00:30 UTC,,Brasileirao,1.251820375,35069717,Botafogo FR v Cruzeiro MG,HOME,11302836,SEL_11302836,2.52,5.58,2.68,35.94,0.16000000000000014,16.48,44.48,0.3705035971223022,7.92,75.28,103.2,95.9,False
2026-01-21T14:41:42Z,2026-01-21T09:41:42-05:00,2026-01-28 22:00 UTC,,Brasileirao,1.251814747,35069022,Internacional v Athletico-PR,HOME,198137,SEL_198137,1.99,2.35,2.14,13.2,0.15000000000000013,32.49,54.93,0.5914800655379574,26.24,150.66,103.5,93.7,False
2026-01-21T14:41:42Z,2026-01-21T09:41:42-05:00,2026-01-28 22:00 UTC,,Brasileirao,1.251814747,35069022,Internacional v Athletico-PR,DRAW,58805,SEL_58805,3.35,5.58,3.7,17.79,0.3500000000000001,18.09,21.83,0.8286761337608796,16.6,150.66,103.5,93.7,False
2026-01-21T14:41:42Z,2026-01-21T09:41:42-05:00,2026-01-28 22:00 UTC,,Brasileirao,1.251814747,35069022,Internacional v Athletico-PR,AWAY,36860494,SEL_36860494,4.3,13.59,5.0,5.58,0.7000000000000002,29.79,22.95,1.2980392156862746,85.44,150.66,103.5,93.7,False
2026-01-21T14:41:42Z,2026-01-21T09:41:42-05:00,2026-01-28 22:30 UTC,,Brasileirao,1.251815395,35068958,Fluminense v Gremio,HOME,198133,SEL_198133,1.85,7.0,1.92,15.89,0.06999999999999984,46.97,52.84,0.8889099167297501,12.23,88.95,101.9,97.0,False
2026-01-21T14:41:42Z,2026-01-21T09:41:42-05:00,2026-01-28 22:30 UTC,,Brasileirao,1.251815395,35068958,Fluminense v Gremio,AWAY,198134,SEL_198134,5.1,5.57,5.7,4.56,0.6000000000000005,10.280000000000001,10.9,0.9431192660550459,62.22,88.95,101.9,97.0,False
2026-01-21T14:41:42Z,2026-01-21T09:41:42-05:00,2026-01-28 22:30 UTC,,Brasileirao,1.251815395,35068958,Fluminense v Gremio,DRAW,58805,SEL_58805,3.55,5.58,3.65,3.16,0.10000000000000009,14.870000000000001,38.94,0.3818695428864921,1.29,88.95,101.9,97.0,False
2026-01-21T17:59:39Z,2026-01-21T12:59:39-05:00,2026-01-28 22:00 UTC,,Brasileirao,1.251815071,35068990,Atletico MG v SE Palmeiras,DRAW,58805,SEL_58805,3.45,7.0,3.55,3.75,0.09999999999999964,24.23,26.63,0.909876079609463,4.0,10.84,102.0,97.9,False
2026-01-21T17:59:39Z,2026-01-21T12:59:39-05:00,2026-01-28 22:00 UTC,,Brasileirao,1.251815071,35068990,Atletico MG v SE Palmeiras,HOME,361329,SEL_361329,2.76,7.0,2.88,7.0,0.1200000000000001,29.36,30.32,0.9683377308707124,3.84,10.84,102.0,97.9,False
2026-01-21T17:59:39Z,2026-01-21T12:59:39-05:00,2026-01-28 22:00 UTC,,Brasileirao,1.251815071,35068990,Atletico MG v SE Palmeiras,AWAY,22498185,SEL_22498185,2.72,13.03,2.86,7.0,0.13999999999999968,23.58,20.96,1.1249999999999998,1.39,10.84,102.0,97.9,False
2026-01-21T17:59:39Z,2026-01-21T12:59:39-05:00,2026-01-28 22:00 UTC,,Brasileirao,1.251820266,35069721,Coritiba v Red Bull Bragantino,DRAW,58805,SEL_58805,3.2,2.35,3.55,23.38,0.34999999999999964,40.64,34.35,1.1831149927219795,,8.15,104.1,92.3,False
2026-01-21T17:59:39Z,2026-01-21T12:59:39-05:00,2026-01-28 22:00 UTC,,Brasileirao,1.251820266,35069721,Coritiba v Red Bull Bragantino,HOME,198141,SEL_198141,2.24,18.82,2.48,3.03,0.23999999999999977,62.870000000000005,16.07,3.9122588674548853,1.39,8.15,104.1,92.3,False
2026-01-21T17:59:39Z,2026-01-21T12:59:39-05:00,2026-01-28 22:00 UTC,,Brasileirao,1.251820266,35069721,Coritiba v Red Bull Bragantino,AWAY,71387076,SEL_71387076,3.55,9.15,4.2,1.79,0.6500000000000004,34.7,32.730000000000004,1.0601894286587228,5.55,8.15,104.1,92.3,False
2026-01-21T17:59:39Z,2026-01-21T12:59:39-05:00,2026-01-28 22:00 UTC,,Brasileirao,1.251814855,35069015,EC Vitoria Salvador v Remo,HOME,5336581,SEL_5336581,1.76,2.35,1.82,23.2,0.06000000000000005,18.8,50.16,0.37480063795853275,61.53,74.32,102.5,96.5,False
2026-01-21T17:59:39Z,2026-01-21T12:59:39-05:00,2026-01-28 22:00 UTC,,Brasileirao,1.251814855,35069015,EC Vitoria Salvador v Remo,AWAY,376830,SEL_376830,5.7,4.96,6.4,16.02,0.7000000000000002,11.44,20.63,0.5545322346097916,1.74,74.32,102.5,96.5,False
2026-01-21T17:59:39Z,2026-01-21T12:59:39-05:00,2026-01-28 22:00 UTC,,Brasileirao,1.251814855,35069015,EC Vitoria Salvador v Remo,DRAW,58805,SEL_58805,3.55,17.08,3.85,5.58,0.30000000000000027,32.58,31.479999999999997,1.0349428208386278,,74.32,102.5,96.5,False
2026-01-21T17:59:39Z,2026-01-21T12:59:39-05:00,2026-01-28 22:00 UTC,,Brasileirao,1.251814747,35069022,Internacional v Athletico-PR,HOME,198137,SEL_198137,1.99,2.35,2.14,13.2,0.15000000000000013,25.75,54.93,0.4687784452940106,26.24,150.78,103.5,94.1,False
2026-01-21T17:59:39Z,2026-01-21T12:59:39-05:00,2026-01-28 22:00 UTC,,Brasileirao,1.251814747,35069022,Internacional v Athletico-PR,DRAW,58805,SEL_58805,3.35,5.58,3.7,17.8,0.3500000000000001,18.09,31.02,0.5831721470019342,16.6,150.78,103.5,94.1,False
2026-01-21T17:59:39Z,2026-01-21T12:59:39-05:00,2026-01-28 22:00 UTC,,Brasileirao,1.251814747,35069022,Internacional v Athletico-PR,AWAY,36860494,SEL_36860494,4.3,13.59,4.9,13.63,0.6000000000000005,29.799999999999997,18.75,1.5893333333333333,85.52,150.78,103.5,94.1,False
2026-01-21T17:59:39Z,2026-01-21T12:59:39-05:00,2026-01-28 22:30 UTC,,Brasileirao,1.251815395,35068958,Fluminense v Gremio,HOME,198133,SEL_198133,1.85,7.0,1.92,15.89,0.06999999999999984,46.97,52.84,0.8889099167297501,12.23,89.05,101.9,97.0,False
2026-01-21T17:59:39Z,2026-01-21T12:59:39-05:00,2026-01-28 22:30 UTC,,Brasileirao,1.251815395,35068958,Fluminense v Gremio,AWAY,198134,SEL_198134,5.1,5.57,5.7,4.56,0.6000000000000005,10.280000000000001,10.9,0.9431192660550459,62.29,89.05,101.9,97.0,False
2026-01-21T17:59:39Z,2026-01-21T12:59:39-05:00,2026-01-28 22:30 UTC,,Brasileirao,1.251815395,35068958,Fluminense v Gremio,DRAW,58805,SEL_58805,3.55,5.58,3.65,3.16,0.10000000000000009,14.870000000000001,38.94,0.3818695428864921,1.29,89.05,101.9,97.0,False
2026-01-21T17:59:39Z,2026-01-21T12:59:39-05:00,2026-01-28 23:00 UTC,,Brasileirao,1.251820158,35069722,Chapecoense v Santos,DRAW,58805,SEL_58805,3.1,13.32,3.4,10.56,0.2999999999999998,30.83,21.58,1.428637627432808,1.16,16.97,104.6,95.6,False
2026-01-21T17:59:39Z,2026-01-21T12:59:39-05:00,2026-01-28 23:00 UTC,,Brasileirao,1.251820158,35069722,Chapecoense v Santos,HOME,2909511,SEL_2909511,3.3,9.96,3.65,11.63,0.3500000000000001,23.3,23.36,0.9974315068493151,1.07,16.97,104.6,95.6,False
2026-01-21T17:59:39Z,2026-01-21T12:59:39-05:00,2026-01-28 23:00 UTC,,Brasileirao,1.251820158,35069722,Chapecoense v Santos,AWAY,198127,SEL_198127,2.38,16.99,2.58,13.21,0.20000000000000018,37.239999999999995,28.2,1.3205673758865246,12.22,16.97,104.6,95.6,False
2026-01-21T17:59:39Z,2026-01-21T12:59:39-05:00,2026-01-28 23:00 UTC,,Brasileirao,1.251815287,35068960,Corinthians v Bahia,HOME,198136,SEL_198136,2.04,54.73,2.62,2.87,0.5800000000000001,94.53999999999999,28.99,3.261124525698517,17.58,30.4,110.6,81.2,False
2026-01-21T17:59:39Z,2026-01-21T12:59:39-05:00,2026-01-28 23:00 UTC,,Brasileirao,1.251815287,35068960,Corinthians v Bahia,DRAW,58805,SEL_58805,3.2,2.35,4.5,5.58,1.2999999999999998,75.27,24.430000000000003,3.0810478919361435,,30.4,110.6,81.2,False
2026-01-21T17:59:39Z,2026-01-21T12:59:39-05:00,2026-01-28 23:00 UTC,,Brasileirao,1.251815287,35068960,Corinthians v Bahia,AWAY,198139,SEL_198139,3.3,2.35,4.8,14.46,1.5,13.48,30.470000000000002,0.4424023629799803,8.3,30.4,110.6,81.2,False
2026-01-21T17:59:39Z,2026-01-21T12:59:39-05:00,2026-01-28 23:00 UTC,,Brasileirao,1.251814963,35069005,Mirassol v Vasco Da Gama,HOME,2760854,SEL_2760854,1.84,6.98,1.87,23.45,0.030000000000000027,30.28,51.730000000000004,0.5853469940073458,62.19,198.59,101.3,97.3,False
2026-01-21T17:59:39Z,2026-01-21T12:59:39-05:00,2026-01-28 23:00 UTC,,Brasileirao,1.251814963,35069005,Mirassol v Vasco Da Gama,DRAW,58805,SEL_58805,3.95,10.18,4.2,6.13,0.25,16.99,34.96,0.48598398169336376,25.05,198.59,101.3,97.3,False
2026-01-21T17:59:39Z,2026-01-21T12:59:39-05:00,2026-01-28 23:00 UTC,,Brasileirao,1.251814963,35069005,Mirassol v Vasco Da Gama,AWAY,198124,SEL_198124,4.6,14.26,5.0,15.15,0.40000000000000036,24.57,43.13,0.5696730813818688,81.82,198.59,101.3,97.3,False
2026-01-21T17:59:39Z,2026-01-21T12:59:39-05:00,2026-01-29 00:30 UTC,,Brasileirao,1.251815179,35068964,Sao Paulo v Flamengo,DRAW,58805,SEL_58805,3.6,17.95,3.8,35.74,0.19999999999999973,32.589999999999996,48.010000000000005,0.678816913143095,2.86,83.78,103.4,98.2,False
2026-01-21T17:59:39Z,2026-01-21T12:59:39-05:00,2026-01-29 00:30 UTC,,Brasileirao,1.251815179,35068964,Sao Paulo v Flamengo,AWAY,198138,SEL_198138,2.0,60.51,2.08,5.58,0.08000000000000007,90.25,15.81,5.708412397216951,53.38,83.78,103.4,98.2,False
2026-01-21T17:59:39Z,2026-01-21T12:59:39-05:00,2026-01-29 00:30 UTC,,Brasileirao,1.251815179,35068964,Sao Paulo v Flamengo,HOME,198126,SEL_198126,3.9,16.49,4.2,28.81,0.30000000000000027,25.25,40.94,0.6167562286272594,15.08,83.78,103.4,98.2,False
2026-01-21T17:59:39Z,2026-01-21T12:59:39-05:00,2026-01-30 00:30 UTC,,Brasileirao,1.251820375,35069717,Botafogo FR v Cruzeiro MG,DRAW,58805,SEL_58805,3.35,14.18,3.65,3.41,0.2999999999999998,24.46,30.31,0.8069943912900034,33.07,75.33,103.4,95.5,False
2026-01-21T17:59:39Z,2026-01-21T12:59:39-05:00,2026-01-30 00:30 UTC,,Brasileirao,1.251820375,35069717,Botafogo FR v Cruzeiro MG,AWAY,10901767,SEL_10901767,2.96,9.19,3.25,31.12,0.29000000000000004,24.0,40.61,0.5909874415168678,23.14,75.33,103.4,95.5,False
2026-01-21T17:59:39Z,2026-01-21T12:59:39-05:00,2026-01-30 00:30 UTC,,Brasileirao,1.251820375,35069717,Botafogo FR v Cruzeiro MG,HOME,11302836,SEL_11302836,2.52,5.58,2.68,35.94,0.16000000000000014,16.48,53.089999999999996,0.31041627425127144,7.92,75.33,103.4,95.5,False
2026-01-21T17:59:49Z,2026-01-21T12:59:49-05:00,2026-01-30 00:30 UTC,,Brasileirao,1.251820375,35069717,Botafogo FR v Cruzeiro MG,DRAW,58805,SEL_58805,3.35,14.18,3.65,8.99,0.2999999999999998,24.46,35.89,0.6815268877124547,33.07,75.33,103.4,95.5,False
2026-01-21T17:59:49Z,2026-01-21T12:59:49-05:00,2026-01-30 00:30 UTC,,Brasileirao,1.251820375,35069717,Botafogo FR v Cruzeiro MG,AWAY,10901767,SEL_10901767,2.96,9.19,3.25,31.12,0.29000000000000004,31.22,40.61,0.7687761635065254,23.14,75.33,103.4,95.5,False
2026-01-21T17:59:49Z,2026-01-21T12:59:49-05:00,2026-01-30 00:30 UTC,,Brasileirao,1.251820375,35069717,Botafogo FR v Cruzeiro MG,HOME,11302836,SEL_11302836,2.52,5.58,2.68,35.94,0.16000000000000014,16.48,53.089999999999996,0.31041627425127144,7.92,75.33,103.4,95.5,False
2026-01-21T17:59:49Z,2026-01-21T12:59:49-05:00,2026-01-29 00:30 UTC,,Brasileirao,1.251815179,35068964,Sao Paulo v Flamengo,DRAW,58805,SEL_58805,3.6,17.95,3.8,35.74,0.19999999999999973,37.0,48.010000000000005,0.7706727765048947,2.86,83.78,103.4,97.7,False
2026-01-21T17:59:49Z,2026-01-21T12:59:49-05:00,2026-01-29 00:30 UTC,,Brasileirao,1.251815179,35068964,Sao Paulo v Flamengo,AWAY,198138,SEL_198138,2.0,60.51,2.1,8.87,0.10000000000000009,90.25,39.01,2.313509356575237,53.38,83.78,103.4,97.7,False
2026-01-21T17:59:49Z,2026-01-21T12:59:49-05:00,2026-01-29 00:30 UTC,,Brasileirao,1.251815179,35068964,Sao Paulo v Flamengo,HOME,198126,SEL_198126,3.9,13.52,4.2,28.81,0.30000000000000027,25.36,40.94,0.6194430874450415,15.08,83.78,103.4,97.7,False
2026-01-21T18:26:50Z,2026-01-21T13:26:50-05:00,2026-01-28 22:00 UTC,,Brasileirao,1.251814747,35069022,Internacional v Athletico-PR,HOME,198137,SEL_198137,1.99,2.35,2.14,4.46,0.15000000000000013,25.75,54.84,0.4695477753464624,26.24,150.77,103.9,94.1,False
2026-01-21T18:26:50Z,2026-01-21T13:26:50-05:00,2026-01-28 22:00 UTC,,Brasileirao,1.251814747,35069022,Internacional v Athletico-PR,DRAW,58805,SEL_58805,3.3,7.93,3.7,17.8,0.40000000000000036,38.16,31.02,1.230174081237911,16.6,150.77,103.9,94.1,False
2026-01-21T18:26:50Z,2026-01-21T13:26:50-05:00,2026-01-28 22:00 UTC,,Brasileirao,1.251814747,35069022,Internacional v Athletico-PR,AWAY,36860494,SEL_36860494,4.3,13.59,4.9,13.63,0.6000000000000005,29.799999999999997,23.080000000000002,1.2911611785095318,85.51,150.77,103.9,94.1,False
2026-01-21T18:26:50Z,2026-01-21T13:26:50-05:00,2026-01-28 22:30 UTC,,Brasileirao,1.251815395,35068958,Fluminense v Gremio,HOME,198133,SEL_198133,1.85,7.0,1.92,15.89,0.06999999999999984,46.97,52.84,0.8889099167297501,12.23,89.03,101.9,97.0,False
2026-01-21T18:26:50Z,2026-01-21T13:26:50-05:00,2026-01-28 22:30 UTC,,Brasileirao,1.251815395,35068958,Fluminense v Gremio,AWAY,198134,SEL_198134,5.1,5.57,5.7,4.56,0.6000000000000005,10.280000000000001,10.9,0.9431192660550459,62.27,89.03,101.9,97.0,False
2026-01-21T18:26:50Z,2026-01-21T13:26:50-05:00,2026-01-28 22:30 UTC,,Brasileirao,1.251815395,35068958,Fluminense v Gremio,DRAW,58805,SEL_58805,3.55,5.58,3.65,3.16,0.10000000000000009,14.870000000000001,38.94,0.3818695428864921,1.29,89.03,101.9,97.0,False
2026-01-21T18:29:50Z,2026-01-21T13:29:50-05:00,2026-01-28 22:00 UTC,,Brasileirao,1.251814747,35069022,Internacional v Athletico-PR,HOME,198137,SEL_198137,1.99,2.35,2.14,4.46,0.15000000000000013,25.75,54.84,0.4695477753464624,26.24,150.77,103.9,94.9,False
2026-01-21T18:29:50Z,2026-01-21T13:29:50-05:00,2026-01-28 22:00 UTC,,Brasileirao,1.251814747,35069022,Internacional v Athletico-PR,DRAW,58805,SEL_58805,3.3,7.93,3.6,10.99,0.30000000000000027,38.16,16.68,2.287769784172662,16.6,150.77,103.9,94.9,False
2026-01-21T18:29:50Z,2026-01-21T13:29:50-05:00,2026-01-28 22:00 UTC,,Brasileirao,1.251814747,35069022,Internacional v Athletico-PR,AWAY,36860494,SEL_36860494,4.3,13.59,4.9,13.63,0.6000000000000005,23.85,23.080000000000002,1.033362218370884,85.51,150.77,103.9,94.9,False
2026-01-21T18:29:50Z,2026-01-21T13:29:50-05:00,2026-01-28 23:00 UTC,,Brasileirao,1.251820158,35069722,Chapecoense v Santos,DRAW,58805,SEL_58805,3.1,13.32,3.4,10.56,0.2999999999999998,27.68,21.58,1.2826691380908248,1.16,16.97,104.6,95.9,False
2026-01-21T18:29:50Z,2026-01-21T13:29:50-05:00,2026-01-28 23:00 UTC,,Brasileirao,1.251820158,35069722,Chapecoense v Santos,HOME,2909511,SEL_2909511,3.3,9.96,3.65,11.63,0.3500000000000001,16.84,23.36,0.7208904109589042,1.07,16.97,104.6,95.9,False
2026-01-21T18:29:50Z,2026-01-21T13:29:50-05:00,2026-01-28 23:00 UTC,,Brasileirao,1.251820158,35069722,Chapecoense v Santos,AWAY,198127,SEL_198127,2.38,16.99,2.56,5.58,0.18000000000000016,37.239999999999995,31.05,1.199355877616747,12.22,16.97,104.6,95.9,False
2026-01-21T18:29:50Z,2026-01-21T13:29:50-05:00,2026-01-30 00:30 UTC,,Brasileirao,1.251820375,35069717,Botafogo FR v Cruzeiro MG,DRAW,58805,SEL_58805,3.35,14.18,3.65,3.41,0.2999999999999998,24.46,30.36,0.8056653491436101,33.07,75.32,103.2,95.5,False
2026-01-21T18:29:50Z,2026-01-21T13:29:50-05:00,2026-01-30 00:30 UTC,,Brasileirao,1.251820375,35069717,Botafogo FR v Cruzeiro MG,AWAY,10901767,SEL_10901767,2.98,5.58,3.25,31.12,0.27,21.04,40.61,0.518098990396454,23.13,75.32,103.2,95.5,False
2026-01-21T18:29:50Z,2026-01-21T13:29:50-05:00,2026-01-30 00:30 UTC,,Brasileirao,1.251820375,35069717,Botafogo FR v Cruzeiro MG,HOME,11302836,SEL_11302836,2.52,5.58,2.68,35.94,0.16000000000000014,16.48,44.48,0.3705035971223022,7.92,75.32,103.2,95.5,False
2026-01-21T18:29:50Z,2026-01-21T13:29:50-05:00,2026-01-28 22:30 UTC,,Brasileirao,1.251815395,35068958,Fluminense v Gremio,HOME,198133,SEL_198133,1.85,7.0,1.92,15.89,0.06999999999999984,46.97,52.84,0.8889099167297501,12.23,89.03,101.9,97.0,False
2026-01-21T18:29:50Z,2026-01-21T13:29:50-05:00,2026-01-28 22:30 UTC,,Brasileirao,1.251815395,35068958,Fluminense v Gremio,AWAY,198134,SEL_198134,5.1,5.57,5.7,4.56,0.6000000000000005,10.280000000000001,34.13,0.30120128918839734,62.27,89.03,101.9,97.0,False
2026-01-21T18:29:50Z,2026-01-21T13:29:50-05:00,2026-01-28 22:30 UTC,,Brasileirao,1.251815395,35068958,Fluminense v Gremio,DRAW,58805,SEL_58805,3.55,5.58,3.65,3.16,0.10000000000000009,14.870000000000001,38.94,0.3818695428864921,1.29,89.03,101.9,97.0,False
2026-01-21T18:42:18Z,2026-01-21T13:42:18-05:00,2026-01-28 22:00 UTC,2026-01-28T17:00-05:00,Brasileirao,1.251815071,35068990,Atletico MG v SE Palmeiras,DRAW,58805,SEL_58805,3.45,7.0,3.55,3.75,0.09999999999999964,24.240000000000002,26.64,0.9099099099099099,4.0,10.84,102.0,97.9,False
2026-01-21T18:42:18Z,2026-01-21T13:42:18-05:00,2026-01-28 22:00 UTC,2026-01-28T17:00-05:00,Brasileirao,1.251815071,35068990,Atletico MG v SE Palmeiras,HOME,361329,SEL_361329,2.76,7.0,2.88,7.0,0.1200000000000001,29.36,30.32,0.9683377308707124,3.84,10.84,102.0,97.9,False
2026-01-21T18:42:18Z,2026-01-21T13:42:18-05:00,2026-01-28 22:00 UTC,2026-01-28T17:00-05:00,Brasileirao,1.251815071,35068990,Atletico MG v SE Palmeiras,AWAY,22498185,SEL_22498185,2.72,13.03,2.86,7.0,0.13999999999999968,23.58,20.96,1.1249999999999998,1.39,10.84,102.0,97.9,False
2026-01-21T18:42:18Z,2026-01-21T13:42:18-05:00,2026-01-28 22:00 UTC,2026-01-28T17:00-05:00,Brasileirao,1.251820266,35069721,Coritiba v Red Bull Bragantino,DRAW,58805,SEL_58805,3.2,2.35,3.55,23.38,0.34999999999999964,40.65,34.36,1.1830616996507566,,8.15,104.1,92.3,False
2026-01-21T18:42:18Z,2026-01-21T13:42:18-05:00,2026-01-28 22:00 UTC,2026-01-28T17:00-05:00,Brasileirao,1.251820266,35069721,Coritiba v Red Bull Bragantino,HOME,198141,SEL_198141,2.24,18.82,2.48,3.03,0.23999999999999977,62.88,16.07,3.9128811449906657,1.39,8.15,104.1,92.3,False
2026-01-21T18:42:18Z,2026-01-21T13:42:18-05:00,2026-01-28 22:00 UTC,2026-01-28T17:00-05:00,Brasileirao,1.251820266,35069721,Coritiba v Red Bull Bragantino,AWAY,71387076,SEL_71387076,3.55,9.15,4.2,1.79,0.6500000000000004,34.7,32.74,1.0598656078191815,5.55,8.15,104.1,92.3,False
2026-01-21T18:42:18Z,2026-01-21T13:42:18-05:00,2026-01-28 22:00 UTC,2026-01-28T17:00-05:00,Brasileirao,1.251814855,35069015,EC Vitoria Salvador v Remo,HOME,5336581,SEL_5336581,1.76,2.35,1.82,23.2,0.06000000000000005,18.8,50.16,0.37480063795853275,61.53,74.33,102.5,96.5,False
2026-01-21T18:42:18Z,2026-01-21T13:42:18-05:00,2026-01-28 22:00 UTC,2026-01-28T17:00-05:00,Brasileirao,1.251814855,35069015,EC Vitoria Salvador v Remo,AWAY,376830,SEL_376830,5.7,4.96,6.4,16.03,0.7000000000000002,11.45,20.64,0.5547480620155039,1.74,74.33,102.5,96.5,False
2026-01-21T18:42:18Z,2026-01-21T13:42:18-05:00,2026-01-28 22:00 UTC,2026-01-28T17:00-05:00,Brasileirao,1.251814855,35069015,EC Vitoria Salvador v Remo,DRAW,58805,SEL_58805,3.55,17.08,3.85,5.58,0.30000000000000027,32.589999999999996,31.479999999999997,1.0352604828462515,,74.33,102.5,96.5,False
2026-01-21T18:42:18Z,2026-01-21T13:42:18-05:00,2026-01-28 22:00 UTC,2026-01-28T17:00-05:00,Brasileirao,1.251814747,35069022,Internacional v Athletico-PR,HOME,198137,SEL_198137,1.99,2.35,2.14,4.46,0.15000000000000013,25.75,54.86,0.469376594969012,26.24,150.8,103.9,94.9,False
2026-01-21T18:42:18Z,2026-01-21T13:42:18-05:00,2026-01-28 22:00 UTC,2026-01-28T17:00-05:00,Brasileirao,1.251814747,35069022,Internacional v Athletico-PR,DRAW,58805,SEL_58805,3.3,7.93,3.6,11.0,0.30000000000000027,38.17,16.69,2.286998202516477,16.6,150.8,103.9,94.9,False
2026-01-21T18:42:18Z,2026-01-21T13:42:18-05:00,2026-01-28 22:00 UTC,2026-01-28T17:00-05:00,Brasileirao,1.251814747,35069022,Internacional v Athletico-PR,AWAY,36860494,SEL_36860494,4.3,13.59,4.9,13.63,0.6000000000000005,23.85,23.080000000000002,1.033362218370884,85.51,150.8,103.9,94.9,False
2026-01-21T18:42:18Z,2026-01-21T13:42:18-05:00,2026-01-28 22:30 UTC,2026-01-28T17:30-05:00,Brasileirao,1.251815395,35068958,Fluminense v Gremio,HOME,198133,SEL_198133,1.85,7.0,1.92,15.9,0.06999999999999984,46.98,52.870000000000005,0.8885946661622847,12.23,89.04,101.9,97.0,False
2026-01-21T18:42:18Z,2026-01-21T13:42:18-05:00,2026-01-28 22:30 UTC,2026-01-28T17:30-05:00,Brasileirao,1.251815395,35068958,Fluminense v Gremio,AWAY,198134,SEL_198134,5.1,5.57,5.7,4.56,0.6000000000000005,10.280000000000001,34.14,0.3011130638547159,62.27,89.04,101.9,97.0,False
2026-01-21T18:42:18Z,2026-01-21T13:42:18-05:00,2026-01-28 22:30 UTC,2026-01-28T17:30-05:00,Brasileirao,1.251815395,35068958,Fluminense v Gremio,DRAW,58805,SEL_58805,3.55,5.58,3.65,3.16,0.10000000000000009,14.870000000000001,38.95,0.38177150192554554,1.29,89.04,101.9,97.0,False
2026-01-21T18:42:18Z,2026-01-21T13:42:18-05:00,2026-01-28 23:00 UTC,2026-01-28T18:00-05:00,Brasileirao,1.251820158,35069722,Chapecoense v Santos,DRAW,58805,SEL_58805,3.1,13.32,3.4,10.56,0.2999999999999998,27.69,21.58,1.2831325301204821,1.16,16.98,104.6,95.9,False
2026-01-21T18:42:18Z,2026-01-21T13:42:18-05:00,2026-01-28 23:00 UTC,2026-01-28T18:00-05:00,Brasileirao,1.251820158,35069722,Chapecoense v Santos,HOME,2909511,SEL_2909511,3.3,9.96,3.65,11.63,0.3500000000000001,16.85,23.36,0.721318493150685,1.07,16.98,104.6,95.9,False
2026-01-21T18:42:18Z,2026-01-21T13:42:18-05:00,2026-01-28 23:00 UTC,2026-01-28T18:00-05:00,Brasileirao,1.251820158,35069722,Chapecoense v Santos,AWAY,198127,SEL_198127,2.38,16.99,2.56,5.58,0.18000000000000016,37.239999999999995,31.07,1.1985838429353073,12.22,16.98,104.6,95.9,False
2026-01-21T18:42:18Z,2026-01-21T13:42:18-05:00,2026-01-28 23:00 UTC,2026-01-28T18:00-05:00,Brasileirao,1.251815287,35068960,Corinthians v Bahia,HOME,198136,SEL_198136,2.04,54.74,2.62,2.87,0.5800000000000001,94.56,29.0,3.260689655172414,17.58,30.41,110.6,81.2,False
2026-01-21T18:42:18Z,2026-01-21T13:42:18-05:00,2026-01-28 23:00 UTC,2026-01-28T18:00-05:00,Brasileirao,1.251815287,35068960,Corinthians v Bahia,DRAW,58805,SEL_58805,3.2,2.35,4.5,5.58,1.2999999999999998,75.29,24.430000000000003,3.0818665575112565,,30.41,110.6,81.2,False
2026-01-21T18:42:18Z,2026-01-21T13:42:18-05:00,2026-01-28 23:00 UTC,2026-01-28T18:00-05:00,Brasileirao,1.251815287,35068960,Corinthians v Bahia,AWAY,198139,SEL_198139,3.3,2.35,4.8,14.46,1.5,13.48,30.470000000000002,0.4424023629799803,8.3,30.41,110.6,81.2,False
2026-01-21T18:42:18Z,2026-01-21T13:42:18-05:00,2026-01-28 23:00 UTC,2026-01-28T18:00-05:00,Brasileirao,1.251814963,35069005,Mirassol v Vasco Da Gama,HOME,2760854,SEL_2760854,1.84,6.98,1.87,23.45,0.030000000000000027,30.28,51.739999999999995,0.5852338616157713,62.19,198.63,101.3,97.3,False
2026-01-21T18:42:18Z,2026-01-21T13:42:18-05:00,2026-01-28 23:00 UTC,2026-01-28T18:00-05:00,Brasileirao,1.251814963,35069005,Mirassol v Vasco Da Gama,DRAW,58805,SEL_58805,3.95,10.19,4.2,6.13,0.25,17.0,34.96,0.4862700228832952,25.05,198.63,101.3,97.3,False
2026-01-21T18:42:18Z,2026-01-21T13:42:18-05:00,2026-01-28 23:00 UTC,2026-01-28T18:00-05:00,Brasileirao,1.251814963,35069005,Mirassol v Vasco Da Gama,AWAY,198124,SEL_198124,4.6,14.26,5.0,15.16,0.40000000000000036,24.57,43.15,0.5694090382387023,81.82,198.63,101.3,97.3,False
2026-01-21T18:42:18Z,2026-01-21T13:42:18-05:00,2026-01-29 00:30 UTC,2026-01-28T19:30-05:00,Brasileirao,1.251815179,35068964,Sao Paulo v Flamengo,DRAW,58805,SEL_58805,3.6,17.95,3.8,35.75,0.19999999999999973,32.589999999999996,48.019999999999996,0.6786755518533943,2.86,83.77,103.4,98.2,False
2026-01-21T18:42:18Z,2026-01-21T13:42:18-05:00,2026-01-29 00:30 UTC,2026-01-28T19:30-05:00,Brasileirao,1.251815179,35068964,Sao Paulo v Flamengo,AWAY,198138,SEL_198138,2.0,60.52,2.08,5.58,0.08000000000000007,90.27000000000001,15.81,5.709677419354839,53.36,83.77,103.4,98.2,False
2026-01-21T18:42:18Z,2026-01-21T13:42:18-05:00,2026-01-29 00:30 UTC,2026-01-28T19:30-05:00,Brasileirao,1.251815179,35068964,Sao Paulo v Flamengo,HOME,198126,SEL_198126,3.9,16.5,4.2,28.82,0.30000000000000027,25.26,40.95,0.6168498168498169,15.08,83.77,103.4,98.2,False
2026-01-21T18:42:18Z,2026-01-21T13:42:18-05:00,2026-01-30 00:30 UTC,2026-01-29T19:30-05:00,Brasileirao,1.251820375,35069717,Botafogo FR v Cruzeiro MG,DRAW,58805,SEL_58805,3.35,14.18,3.6,6.7,0.25,24.46,32.19,0.7598633115874496,33.07,75.33,103.2,95.9,False
2026-01-21T18:42:18Z,2026-01-21T13:42:18-05:00,2026-01-30 00:30 UTC,2026-01-29T19:30-05:00,Brasileirao,1.251820375,35069717,Botafogo FR v Cruzeiro MG,AWAY,10901767,SEL_10901767,2.98,5.58,3.25,31.12,0.27,21.04,40.61,0.518098990396454,23.13,75.33,103.2,95.9,False
2026-01-21T18:42:18Z,2026-01-21T13:42:18-05:00,2026-01-30 00:30 UTC,2026-01-29T19:30-05:00,Brasileirao,1.251820375,35069717,Botafogo FR v Cruzeiro MG,HOME,11302836,SEL_11302836,2.52,5.58,2.68,35.95,0.16000000000000014,16.48,44.49,0.37042031917284785,7.92,75.33,103.2,95.9,False
2026-01-21T18:55:48Z,2026-01-21T13:55:48-05:00,2026-01-28 22:00 UTC,2026-01-28T17:00-05:00,Brasileirao,1.251815071,35068990,Atletico MG v SE Palmeiras,DRAW,58805,SEL_58805,3.45,7.0,3.55,3.75,0.09999999999999964,24.240000000000002,26.64,0.9099099099099099,4.0,10.84,102.0,97.9,False
2026-01-21T18:55:48Z,2026-01-21T13:55:48-05:00,2026-01-28 22:00 UTC,2026-01-28T17:00-05:00,Brasileirao,1.251815071,35068990,Atletico MG v SE Palmeiras,HOME,361329,SEL_361329,2.76,7.0,2.88,7.0,0.1200000000000001,29.36,30.32,0.9683377308707124,3.84,10.84,102.0,97.9,False
2026-01-21T18:55:48Z,2026-01-21T13:55:48-05:00,2026-01-28 22:00 UTC,2026-01-28T17:00-05:00,Brasileirao,1.251815071,35068990,Atletico MG v SE Palmeiras,AWAY,22498185,SEL_22498185,2.72,13.03,2.86,7.0,0.13999999999999968,23.58,20.96,1.1249999999999998,1.39,10.84,102.0,97.9,False
2026-01-21T18:55:48Z,2026-01-21T13:55:48-05:00,2026-01-28 22:00 UTC,2026-01-28T17:00-05:00,Brasileirao,1.251820266,35069721,Coritiba v Red Bull Bragantino,DRAW,58805,SEL_58805,3.2,2.35,3.55,23.38,0.34999999999999964,40.65,34.36,1.1830616996507566,,8.15,104.1,92.3,False
2026-01-21T18:55:48Z,2026-01-21T13:55:48-05:00,2026-01-28 22:00 UTC,2026-01-28T17:00-05:00,Brasileirao,1.251820266,35069721,Coritiba v Red Bull Bragantino,HOME,198141,SEL_198141,2.24,18.82,2.48,3.03,0.23999999999999977,62.88,16.07,3.9128811449906657,1.39,8.15,104.1,92.3,False
2026-01-21T18:55:48Z,2026-01-21T13:55:48-05:00,2026-01-28 22:00 UTC,2026-01-28T17:00-05:00,Brasileirao,1.251820266,35069721,Coritiba v Red Bull Bragantino,AWAY,71387076,SEL_71387076,3.55,9.15,4.2,1.79,0.6500000000000004,34.7,32.74,1.0598656078191815,5.55,8.15,104.1,92.3,False
2026-01-21T18:55:48Z,2026-01-21T13:55:48-05:00,2026-01-28 22:00 UTC,2026-01-28T17:00-05:00,Brasileirao,1.251814855,35069015,EC Vitoria Salvador v Remo,HOME,5336581,SEL_5336581,1.76,2.35,1.82,23.2,0.06000000000000005,18.8,50.16,0.37480063795853275,61.53,74.33,102.5,96.5,False
2026-01-21T18:55:48Z,2026-01-21T13:55:48-05:00,2026-01-28 22:00 UTC,2026-01-28T17:00-05:00,Brasileirao,1.251814855,35069015,EC Vitoria Salvador v Remo,AWAY,376830,SEL_376830,5.7,4.96,6.4,16.03,0.7000000000000002,11.45,20.64,0.5547480620155039,1.74,74.33,102.5,96.5,False
2026-01-21T18:55:48Z,2026-01-21T13:55:48-05:00,2026-01-28 22:00 UTC,2026-01-28T17:00-05:00,Brasileirao,1.251814855,35069015,EC Vitoria Salvador v Remo,DRAW,58805,SEL_58805,3.55,17.08,3.85,5.58,0.30000000000000027,32.589999999999996,31.479999999999997,1.0352604828462515,,74.33,102.5,96.5,False
2026-01-21T18:55:48Z,2026-01-21T13:55:48-05:00,2026-01-28 22:00 UTC,2026-01-28T17:00-05:00,Brasileirao,1.251814747,35069022,Internacional v Athletico-PR,HOME,198137,SEL_198137,1.99,2.35,2.14,4.46,0.15000000000000013,25.75,54.86,0.469376594969012,26.24,150.8,103.9,94.9,False
2026-01-21T18:55:48Z,2026-01-21T13:55:48-05:00,2026-01-28 22:00 UTC,2026-01-28T17:00-05:00,Brasileirao,1.251814747,35069022,Internacional v Athletico-PR,DRAW,58805,SEL_58805,3.3,7.93,3.6,11.0,0.30000000000000027,38.17,16.69,2.286998202516477,16.6,150.8,103.9,94.9,False
2026-01-21T18:55:48Z,2026-01-21T13:55:48-05:00,2026-01-28 22:00 UTC,2026-01-28T17:00-05:00,Brasileirao,1.251814747,35069022,Internacional v Athletico-PR,AWAY,36860494,SEL_36860494,4.3,13.59,4.9,13.63,0.6000000000000005,23.85,23.080000000000002,1.033362218370884,85.51,150.8,103.9,94.9,False
2026-01-21T18:55:48Z,2026-01-21T13:55:48-05:00,2026-01-28 22:30 UTC,2026-01-28T17:30-05:00,Brasileirao,1.251815395,35068958,Fluminense v Gremio,HOME,198133,SEL_198133,1.85,7.0,1.92,15.9,0.06999999999999984,46.98,52.870000000000005,0.8885946661622847,12.23,89.04,101.9,97.0,False
2026-01-21T18:55:48Z,2026-01-21T13:55:48-05:00,2026-01-28 22:30 UTC,2026-01-28T17:30-05:00,Brasileirao,1.251815395,35068958,Fluminense v Gremio,AWAY,198134,SEL_198134,5.1,5.57,5.7,4.56,0.6000000000000005,10.280000000000001,34.14,0.3011130638547159,62.27,89.04,101.9,97.0,False
2026-01-21T18:55:48Z,2026-01-21T13:55:48-05:00,2026-01-28 22:30 UTC,2026-01-28T17:30-05:00,Brasileirao,1.251815395,35068958,Fluminense v Gremio,DRAW,58805,SEL_58805,3.55,5.58,3.65,3.16,0.10000000000000009,14.870000000000001,38.95,0.38177150192554554,1.29,89.04,101.9,97.0,False
2026-01-21T18:55:48Z,2026-01-21T13:55:48-05:00,2026-01-28 23:00 UTC,2026-01-28T18:00-05:00,Brasileirao,1.251820158,35069722,Chapecoense v Santos,DRAW,58805,SEL_58805,3.1,13.32,3.4,10.56,0.2999999999999998,27.69,21.58,1.2831325301204821,1.16,16.98,104.6,95.9,False
2026-01-21T18:55:48Z,2026-01-21T13:55:48-05:00,2026-01-28 23:00 UTC,2026-01-28T18:00-05:00,Brasileirao,1.251820158,35069722,Chapecoense v Santos,HOME,2909511,SEL_2909511,3.3,9.96,3.65,11.63,0.3500000000000001,16.85,23.36,0.721318493150685,1.07,16.98,104.6,95.9,False
2026-01-21T18:55:48Z,2026-01-21T13:55:48-05:00,2026-01-28 23:00 UTC,2026-01-28T18:00-05:00,Brasileirao,1.251820158,35069722,Chapecoense v Santos,AWAY,198127,SEL_198127,2.38,16.99,2.56,5.58,0.18000000000000016,37.239999999999995,31.07,1.1985838429353073,12.22,16.98,104.6,95.9,False
2026-01-21T18:55:48Z,2026-01-21T13:55:48-05:00,2026-01-28 23:00 UTC,2026-01-28T18:00-05:00,Brasileirao,1.251815287,35068960,Corinthians v Bahia,HOME,198136,SEL_198136,2.04,54.74,2.62,2.87,0.5800000000000001,94.56,29.0,3.260689655172414,17.58,30.41,110.6,81.2,False
2026-01-21T18:55:48Z,2026-01-21T13:55:48-05:00,2026-01-28 23:00 UTC,2026-01-28T18:00-05:00,Brasileirao,1.251815287,35068960,Corinthians v Bahia,DRAW,58805,SEL_58805,3.2,2.35,4.5,5.58,1.2999999999999998,75.29,24.430000000000003,3.0818665575112565,,30.41,110.6,81.2,False
2026-01-21T18:55:48Z,2026-01-21T13:55:48-05:00,2026-01-28 23:00 UTC,2026-01-28T18:00-05:00,Brasileirao,1.251815287,35068960,Corinthians v Bahia,AWAY,198139,SEL_198139,3.3,2.35,4.8,14.46,1.5,13.48,30.470000000000002,0.4424023629799803,8.3,30.41,110.6,81.2,False
2026-01-21T18:55:48Z,2026-01-21T13:55:48-05:00,2026-01-28 23:00 UTC,2026-01-28T18:00-05:00,Brasileirao,1.251814963,35069005,Mirassol v Vasco Da Gama,HOME,2760854,SEL_2760854,1.84,6.98,1.87,23.45,0.030000000000000027,30.28,51.739999999999995,0.5852338616157713,62.19,198.63,101.3,97.3,False
2026-01-21T18:55:48Z,2026-01-21T13:55:48-05:00,2026-01-28 23:00 UTC,2026-01-28T18:00-05:00,Brasileirao,1.251814963,35069005,Mirassol v Vasco Da Gama,DRAW,58805,SEL_58805,3.95,10.19,4.2,6.13,0.25,17.0,34.96,0.4862700228832952,25.05,198.63,101.3,97.3,False
2026-01-21T18:55:48Z,2026-01-21T13:55:48-05:00,2026-01-28 23:00 UTC,2026-01-28T18:00-05:00,Brasileirao,1.251814963,35069005,Mirassol v Vasco Da Gama,AWAY,198124,SEL_198124,4.6,14.26,5.0,15.16,0.40000000000000036,24.57,43.15,0.5694090382387023,81.82,198.63,101.3,97.3,False
2026-01-21T18:55:48Z,2026-01-21T13:55:48-05:00,2026-01-29 00:30 UTC,2026-01-28T19:30-05:00,Brasileirao,1.251815179,35068964,Sao Paulo v Flamengo,DRAW,58805,SEL_58805,3.6,17.95,3.8,35.75,0.19999999999999973,32.589999999999996,48.019999999999996,0.6786755518533943,2.86,83.77,103.4,98.2,False
2026-01-21T18:55:48Z,2026-01-21T13:55:48-05:00,2026-01-29 00:30 UTC,2026-01-28T19:30-05:00,Brasileirao,1.251815179,35068964,Sao Paulo v Flamengo,AWAY,198138,SEL_198138,2.0,60.52,2.08,5.58,0.08000000000000007,90.27000000000001,15.81,5.709677419354839,53.36,83.77,103.4,98.2,False
2026-01-21T18:55:48Z,2026-01-21T13:55:48-05:00,2026-01-29 00:30 UTC,2026-01-28T19:30-05:00,Brasileirao,1.251815179,35068964,Sao Paulo v Flamengo,HOME,198126,SEL_198126,3.9,16.5,4.2,28.82,0.30000000000000027,25.26,40.95,0.6168498168498169,15.08,83.77,103.4,98.2,False
2026-01-21T18:55:48Z,2026-01-21T13:55:48-05:00,2026-01-30 00:30 UTC,2026-01-29T19:30-05:00,Brasileirao,1.251820375,35069717,Botafogo FR v Cruzeiro MG,DRAW,58805,SEL_58805,3.35,14.18,3.6,6.7,0.25,24.46,32.19,0.7598633115874496,33.07,75.33,103.2,95.9,False
2026-01-21T18:55:48Z,2026-01-21T13:55:48-05:00,2026-01-30 00:30 UTC,2026-01-29T19:30-05:00,Brasileirao,1.251820375,35069717,Botafogo FR v Cruzeiro MG,AWAY,10901767,SEL_10901767,2.98,5.58,3.25,31.12,0.27,21.04,40.61,0.518098990396454,23.13,75.33,103.2,95.9,False
2026-01-21T18:55:48Z,2026-01-21T13:55:48-05:00,2026-01-30 00:30 UTC,2026-01-29T19:30-05:00,Brasileirao,1.251820375,35069717,Botafogo FR v Cruzeiro MG,HOME,11302836,SEL_11302836,2.52,5.58,2.68,35.95,0.16000000000000014,16.48,44.49,0.37042031917284785,7.92,75.33,103.2,95.9,False
2026-01-21T18:58:07Z,2026-01-21T13:58:07-05:00,2026-01-28 22:00 UTC,2026-01-28T17:00-05:00,Brasileirao,1.251814747,35069022,Internacional v Athletico-PR,HOME,198137,SEL_198137,1.99,2.35,2.14,13.21,0.15000000000000013,25.75,54.96,0.4685225618631732,26.24,150.8,103.5,94.9,False
2026-01-21T18:58:07Z,2026-01-21T13:58:07-05:00,2026-01-28 22:00 UTC,2026-01-28T17:00-05:00,Brasileirao,1.251814747,35069022,Internacional v Athletico-PR,DRAW,58805,SEL_58805,3.35,5.58,3.6,15.46,0.25,18.09,28.69,0.6305332868595329,16.6,150.8,103.5,94.9,False
2026-01-21T18:58:07Z,2026-01-21T13:58:07-05:00,2026-01-28 22:00 UTC,2026-01-28T17:00-05:00,Brasileirao,1.251814747,35069022,Internacional v Athletico-PR,AWAY,36860494,SEL_36860494,4.3,13.59,4.9,13.63,0.6000000000000005,28.02,18.75,1.4944,85.51,150.8,103.5,94.9,False
2026-01-21T18:58:08Z,2026-01-21T13:58:08-05:00,2026-01-28 22:30 UTC,2026-01-28T17:30-05:00,Brasileirao,1.251815395,35068958,Fluminense v Gremio,HOME,198133,SEL_198133,1.85,7.0,1.92,15.9,0.06999999999999984,46.98,52.870000000000005,0.8885946661622847,12.23,89.04,101.9,97.0,False
2026-01-21T18:58:08Z,2026-01-21T13:58:08-05:00,2026-01-28 22:30 UTC,2026-01-28T17:30-05:00,Brasileirao,1.251815395,35068958,Fluminense v Gremio,AWAY,198134,SEL_198134,5.1,5.57,5.7,4.56,0.6000000000000005,10.280000000000001,38.6,0.2663212435233161,62.27,89.04,101.9,97.0,False
2026-01-21T18:58:08Z,2026-01-21T13:58:08-05:00,2026-01-28 22:30 UTC,2026-01-28T17:30-05:00,Brasileirao,1.251815395,35068958,Fluminense v Gremio,DRAW,58805,SEL_58805,3.55,5.58,3.65,3.16,0.10000000000000009,14.870000000000001,38.95,0.38177150192554554,1.29,89.04,101.9,97.0,False
2026-01-21T19:01:08Z,2026-01-21T14:01:08-05:00,2026-01-30 00:30 UTC,2026-01-29T19:30-05:00,Brasileirao,1.251820375,35069717,Botafogo FR v Cruzeiro MG,DRAW,58805,SEL_58805,3.35,14.18,3.65,8.99,0.2999999999999998,24.46,35.89,0.6815268877124547,33.07,75.35,103.4,95.5,False
2026-01-21T19:01:08Z,2026-01-21T14:01:08-05:00,2026-01-30 00:30 UTC,2026-01-29T19:30-05:00,Brasileirao,1.251820375,35069717,Botafogo FR v Cruzeiro MG,AWAY,10901767,SEL_10901767,2.96,9.19,3.25,31.12,0.29000000000000004,31.229999999999997,40.61,0.7690224082738241,23.14,75.35,103.4,95.5,False
2026-01-21T19:01:08Z,2026-01-21T14:01:08-05:00,2026-01-30 00:30 UTC,2026-01-29T19:30-05:00,Brasileirao,1.251820375,35069717,Botafogo FR v Cruzeiro MG,HOME,11302836,SEL_11302836,2.52,5.58,2.68,35.95,0.16000000000000014,16.48,53.1,0.3103578154425612,7.92,75.35,103.4,95.5,False
2026-01-21T19:04:08Z,2026-01-21T14:04:08-05:00,2026-01-28 23:00 UTC,2026-01-28T18:00-05:00,Brasileirao,1.251820158,35069722,Chapecoense v Santos,DRAW,58805,SEL_58805,3.1,13.32,3.4,10.56,0.2999999999999998,29.71,21.58,1.3767377201112143,1.16,16.98,104.6,95.9,False
2026-01-21T19:04:08Z,2026-01-21T14:04:08-05:00,2026-01-28 23:00 UTC,2026-01-28T18:00-05:00,Brasileirao,1.251820158,35069722,Chapecoense v Santos,HOME,2909511,SEL_2909511,3.3,9.96,3.65,17.21,0.3500000000000001,16.85,28.8,0.5850694444444445,1.07,16.98,104.6,95.9,False
2026-01-21T19:04:08Z,2026-01-21T14:04:08-05:00,2026-01-28 23:00 UTC,2026-01-28T18:00-05:00,Brasileirao,1.251820158,35069722,Chapecoense v Santos,AWAY,198127,SEL_198127,2.38,16.99,2.56,5.58,0.18000000000000016,57.269999999999996,31.07,1.843257161248793,12.22,16.98,104.6,95.9,False
2026-01-21T19:04:08Z,2026-01-21T14:04:08-05:00,2026-01-28 23:00 UTC,2026-01-28T18:00-05:00,Brasileirao,1.251815287,35068960,Corinthians v Bahia,HOME,198136,SEL_198136,2.06,5.58,2.62,2.87,0.56,74.74000000000001,29.02,2.575465196416265,17.59,30.42,110.1,81.2,False
2026-01-21T19:04:08Z,2026-01-21T14:04:08-05:00,2026-01-28 23:00 UTC,2026-01-28T18:00-05:00,Brasileirao,1.251815287,35068960,Corinthians v Bahia,DRAW,58805,SEL_58805,3.2,2.35,4.5,5.58,1.2999999999999998,49.07,24.470000000000002,2.0053126277073967,,30.42,110.1,81.2,False
2026-01-21T19:04:08Z,2026-01-21T14:04:08-05:00,2026-01-28 23:00 UTC,2026-01-28T18:00-05:00,Brasileirao,1.251815287,35068960,Corinthians v Bahia,AWAY,198139,SEL_198139,3.3,2.35,4.8,14.49,1.5,13.48,21.57,0.6249420491423273,8.3,30.42,110.1,81.2,False
2026-01-21T19:04:08Z,2026-01-21T14:04:08-05:00,2026-01-29 00:30 UTC,2026-01-28T19:30-05:00,Brasileirao,1.251815179,35068964,Sao Paulo v Flamengo,DRAW,58805,SEL_58805,3.6,17.95,3.8,35.75,0.19999999999999973,37.01,48.019999999999996,0.7707205331112037,2.86,83.83,103.4,97.7,False
2026-01-21T19:04:08Z,2026-01-21T14:04:08-05:00,2026-01-29 00:30 UTC,2026-01-28T19:30-05:00,Brasileirao,1.251815179,35068964,Sao Paulo v Flamengo,AWAY,198138,SEL_198138,2.0,60.52,2.1,8.87,0.10000000000000009,90.27000000000001,39.01,2.314022045629326,53.4,83.83,103.4,97.7,False
2026-01-21T19:04:08Z,2026-01-21T14:04:08-05:00,2026-01-29 00:30 UTC,2026-01-28T19:30-05:00,Brasileirao,1.251815179,35068964,Sao Paulo v Flamengo,HOME,198126,SEL_198126,3.9,13.52,4.2,28.82,0.30000000000000027,25.36,40.95,0.6192918192918192,15.09,83.83,103.4,97.7,False
2026-01-21T19:04:08Z,2026-01-21T14:04:08-05:00,2026-01-28 22:00 UTC,2026-01-28T17:00-05:00,Brasileirao,1.251814855,35069015,EC Vitoria Salvador v Remo,HOME,5336581,SEL_5336581,1.76,2.35,1.82,28.78,0.06000000000000005,18.810000000000002,55.74,0.33745963401507,61.51,74.31,102.5,96.5,False
2026-01-21T19:04:08Z,2026-01-21T14:04:08-05:00,2026-01-28 22:00 UTC,2026-01-28T17:00-05:00,Brasileirao,1.251814855,35069015,EC Vitoria Salvador v Remo,AWAY,376830,SEL_376830,5.7,4.96,6.4,16.03,0.7000000000000002,11.45,20.64,0.5547480620155039,1.74,74.31,102.5,96.5,False
2026-01-21T19:04:08Z,2026-01-21T14:04:08-05:00,2026-01-28 22:00 UTC,2026-01-28T17:00-05:00,Brasileirao,1.251814855,35069015,EC Vitoria Salvador v Remo,DRAW,58805,SEL_58805,3.55,17.08,3.85,5.58,0.30000000000000027,35.62,31.479999999999997,1.1315120711562898,,74.31,102.5,96.5,False
2026-01-21T19:20:43Z,2026-01-21T14:20:43-05:00,2026-01-28 22:00 UTC,2026-01-28T17:00-05:00,Brasileirao,1.251815071,35068990,Atletico MG v SE Palmeiras,DRAW,58805,SEL_58805,3.45,7.0,3.55,3.75,0.09999999999999964,24.240000000000002,26.64,0.9099099099099099,4.0,10.84,102.0,97.9,False
2026-01-21T19:20:43Z,2026-01-21T14:20:43-05:00,2026-01-28 22:00 UTC,2026-01-28T17:00-05:00,Brasileirao,1.251815071,35068990,Atletico MG v SE Palmeiras,HOME,361329,SEL_361329,2.76,7.0,2.88,7.0,0.1200000000000001,29.36,30.32,0.9683377308707124,3.84,10.84,102.0,97.9,False
2026-01-21T19:20:43Z,2026-01-21T14:20:43-05:00,2026-01-28 22:00 UTC,2026-01-28T17:00-05:00,Brasileirao,1.251815071,35068990,Atletico MG v SE Palmeiras,AWAY,22498185,SEL_22498185,2.72,13.03,2.86,7.0,0.13999999999999968,23.58,20.96,1.1249999999999998,1.39,10.84,102.0,97.9,False
2026-01-21T19:20:43Z,2026-01-21T14:20:43-05:00,2026-01-28 22:00 UTC,2026-01-28T17:00-05:00,Brasileirao,1.251820266,35069721,Coritiba v Red Bull Bragantino,DRAW,58805,SEL_58805,3.2,2.35,3.55,23.38,0.34999999999999964,40.65,34.36,1.1830616996507566,,8.15,104.1,92.3,False
2026-01-21T19:20:43Z,2026-01-21T14:20:43-05:00,2026-01-28 22:00 UTC,2026-01-28T17:00-05:00,Brasileirao,1.251820266,35069721,Coritiba v Red Bull Bragantino,HOME,198141,SEL_198141,2.24,18.82,2.48,3.03,0.23999999999999977,62.88,16.07,3.9128811449906657,1.39,8.15,104.1,92.3,False
2026-01-21T19:20:43Z,2026-01-21T14:20:43-05:00,2026-01-28 22:00 UTC,2026-01-28T17:00-05:00,Brasileirao,1.251820266,35069721,Coritiba v Red Bull Bragantino,AWAY,71387076,SEL_71387076,3.55,9.15,4.2,1.79,0.6500000000000004,34.7,32.74,1.0598656078191815,5.55,8.15,104.1,92.3,False
2026-01-21T19:20:43Z,2026-01-21T14:20:43-05:00,2026-01-28 22:00 UTC,2026-01-28T17:00-05:00,Brasileirao,1.251814855,35069015,EC Vitoria Salvador v Remo,HOME,5336581,SEL_5336581,1.76,2.35,1.82,28.78,0.06000000000000005,18.810000000000002,55.74,0.33745963401507,61.51,74.31,102.5,96.5,False
2026-01-21T19:20:43Z,2026-01-21T14:20:43-05:00,2026-01-28 22:00 UTC,2026-01-28T17:00-05:00,Brasileirao,1.251814855,35069015,EC Vitoria Salvador v Remo,AWAY,376830,SEL_376830,5.7,4.96,6.4,16.03,0.7000000000000002,11.45,20.64,0.5547480620155039,1.74,74.31,102.5,96.5,False
2026-01-21T19:20:43Z,2026-01-21T14:20:43-05:00,2026-01-28 22:00 UTC,2026-01-28T17:00-05:00,Brasileirao,1.251814855,35069015,EC Vitoria Salvador v Remo,DRAW,58805,SEL_58805,3.55,17.08,3.85,5.58,0.30000000000000027,35.62,31.479999999999997,1.1315120711562898,,74.31,102.5,96.5,False
2026-01-21T19:20:43Z,2026-01-21T14:20:43-05:00,2026-01-28 22:00 UTC,2026-01-28T17:00-05:00,Brasileirao,1.251814747,35069022,Internacional v Athletico-PR,HOME,198137,SEL_198137,1.99,2.35,2.14,13.21,0.15000000000000013,25.75,54.96,0.4685225618631732,26.24,150.8,103.5,94.9,False
2026-01-21T19:20:43Z,2026-01-21T14:20:43-05:00,2026-01-28 22:00 UTC,2026-01-28T17:00-05:00,Brasileirao,1.251814747,35069022,Internacional v Athletico-PR,DRAW,58805,SEL_58805,3.35,5.58,3.6,15.46,0.25,18.09,28.69,0.6305332868595329,16.6,150.8,103.5,94.9,False
2026-01-21T19:20:43Z,2026-01-21T14:20:43-05:00,2026-01-28 22:00 UTC,2026-01-28T17:00-05:00,Brasileirao,1.251814747,35069022,Internacional v Athletico-PR,AWAY,36860494,SEL_36860494,4.3,13.59,4.9,13.63,0.6000000000000005,28.02,18.75,1.4944,85.51,150.8,103.5,94.9,False
2026-01-21T19:20:43Z,2026-01-21T14:20:43-05:00,2026-01-28 22:30 UTC,2026-01-28T17:30-05:00,Brasileirao,1.251815395,35068958,Fluminense v Gremio,HOME,198133,SEL_198133,1.85,7.0,1.92,15.9,0.06999999999999984,46.98,52.870000000000005,0.8885946661622847,12.23,89.04,101.9,97.0,False
2026-01-21T19:20:43Z,2026-01-21T14:20:43-05:00,2026-01-28 22:30 UTC,2026-01-28T17:30-05:00,Brasileirao,1.251815395,35068958,Fluminense v Gremio,AWAY,198134,SEL_198134,5.1,5.57,5.7,4.56,0.6000000000000005,10.280000000000001,38.6,0.2663212435233161,62.27,89.04,101.9,97.0,False
2026-01-21T19:20:43Z,2026-01-21T14:20:43-05:00,2026-01-28 22:30 UTC,2026-01-28T17:30-05:00,Brasileirao,1.251815395,35068958,Fluminense v Gremio,DRAW,58805,SEL_58805,3.55,5.58,3.65,3.16,0.10000000000000009,14.870000000000001,38.95,0.38177150192554554,1.29,89.04,101.9,97.0,False
2026-01-21T19:20:44Z,2026-01-21T14:20:44-05:00,2026-01-28 23:00 UTC,2026-01-28T18:00-05:00,Brasileirao,1.251820158,35069722,Chapecoense v Santos,DRAW,58805,SEL_58805,3.1,13.32,3.4,10.56,0.2999999999999998,29.71,21.58,1.3767377201112143,1.16,16.98,104.6,95.9,False
2026-01-21T19:20:44Z,2026-01-21T14:20:44-05:00,2026-01-28 23:00 UTC,2026-01-28T18:00-05:00,Brasileirao,1.251820158,35069722,Chapecoense v Santos,HOME,2909511,SEL_2909511,3.3,9.96,3.65,17.21,0.3500000000000001,16.85,28.8,0.5850694444444445,1.07,16.98,104.6,95.9,False
2026-01-21T19:20:44Z,2026-01-21T14:20:44-05:00,2026-01-28 23:00 UTC,2026-01-28T18:00-05:00,Brasileirao,1.251820158,35069722,Chapecoense v Santos,AWAY,198127,SEL_198127,2.38,16.99,2.56,5.58,0.18000000000000016,57.269999999999996,31.07,1.843257161248793,12.22,16.98,104.6,95.9,False
2026-01-21T19:20:44Z,2026-01-21T14:20:44-05:00,2026-01-28 23:00 UTC,2026-01-28T18:00-05:00,Brasileirao,1.251815287,35068960,Corinthians v Bahia,HOME,198136,SEL_198136,2.06,5.58,2.62,2.87,0.56,74.74000000000001,29.02,2.575465196416265,17.59,30.42,110.1,81.2,False
2026-01-21T19:20:44Z,2026-01-21T14:20:44-05:00,2026-01-28 23:00 UTC,2026-01-28T18:00-05:00,Brasileirao,1.251815287,35068960,Corinthians v Bahia,DRAW,58805,SEL_58805,3.2,2.35,4.5,5.58,1.2999999999999998,49.07,24.470000000000002,2.0053126277073967,,30.42,110.1,81.2,False
2026-01-21T19:20:44Z,2026-01-21T14:20:44-05:00,2026-01-28 23:00 UTC,2026-01-28T18:00-05:00,Brasileirao,1.251815287,35068960,Corinthians v Bahia,AWAY,198139,SEL_198139,3.3,2.35,4.8,14.49,1.5,13.48,21.57,0.6249420491423273,8.3,30.42,110.1,81.2,False
2026-01-21T19:20:44Z,2026-01-21T14:20:44-05:00,2026-01-28 23:00 UTC,2026-01-28T18:00-05:00,Brasileirao,1.251814963,35069005,Mirassol v Vasco Da Gama,HOME,2760854,SEL_2760854,1.84,6.98,1.87,23.45,0.030000000000000027,30.28,51.739999999999995,0.5852338616157713,62.19,198.63,101.3,97.3,False
2026-01-21T19:20:44Z,2026-01-21T14:20:44-05:00,2026-01-28 23:00 UTC,2026-01-28T18:00-05:00,Brasileirao,1.251814963,35069005,Mirassol v Vasco Da Gama,DRAW,58805,SEL_58805,3.95,10.19,4.2,6.13,0.25,17.0,34.96,0.4862700228832952,25.05,198.63,101.3,97.3,False
2026-01-21T19:20:44Z,2026-01-21T14:20:44-05:00,2026-01-28 23:00 UTC,2026-01-28T18:00-05:00,Brasileirao,1.251814963,35069005,Mirassol v Vasco Da Gama,AWAY,198124,SEL_198124,4.6,14.26,5.0,15.16,0.40000000000000036,24.57,43.15,0.5694090382387023,81.82,198.63,101.3,97.3,False
2026-01-21T19:20:44Z,2026-01-21T14:20:44-05:00,2026-01-29 00:30 UTC,2026-01-28T19:30-05:00,Brasileirao,1.251815179,35068964,Sao Paulo v Flamengo,DRAW,58805,SEL_58805,3.6,17.95,3.8,35.75,0.19999999999999973,37.01,48.019999999999996,0.7707205331112037,2.86,83.83,103.4,97.7,False
2026-01-21T19:20:44Z,2026-01-21T14:20:44-05:00,2026-01-29 00:30 UTC,2026-01-28T19:30-05:00,Brasileirao,1.251815179,35068964,Sao Paulo v Flamengo,AWAY,198138,SEL_198138,2.0,60.52,2.1,8.87,0.10000000000000009,90.27000000000001,39.01,2.314022045629326,53.4,83.83,103.4,97.7,False
2026-01-21T19:20:44Z,2026-01-21T14:20:44-05:00,2026-01-29 00:30 UTC,2026-01-28T19:30-05:00,Brasileirao,1.251815179,35068964,Sao Paulo v Flamengo,HOME,198126,SEL_198126,3.9,13.52,4.2,28.82,0.30000000000000027,25.36,40.95,0.6192918192918192,15.09,83.83,103.4,97.7,False
2026-01-21T19:20:44Z,2026-01-21T14:20:44-05:00,2026-01-30 00:30 UTC,2026-01-29T19:30-05:00,Brasileirao,1.251820375,35069717,Botafogo FR v Cruzeiro MG,DRAW,58805,SEL_58805,3.35,14.18,3.65,8.99,0.2999999999999998,24.46,35.89,0.6815268877124547,33.07,75.35,103.4,95.5,False
2026-01-21T19:20:44Z,2026-01-21T14:20:44-05:00,2026-01-30 00:30 UTC,2026-01-29T19:30-05:00,Brasileirao,1.251820375,35069717,Botafogo FR v Cruzeiro MG,AWAY,10901767,SEL_10901767,2.96,9.19,3.25,31.12,0.29000000000000004,31.229999999999997,40.61,0.7690224082738241,23.14,75.35,103.4,95.5,False
2026-01-21T19:20:44Z,2026-01-21T14:20:44-05:00,2026-01-30 00:30 UTC,2026-01-29T19:30-05:00,Brasileirao,1.251820375,35069717,Botafogo FR v Cruzeiro MG,HOME,11302836,SEL_11302836,2.52,5.58,2.68,35.95,0.16000000000000014,16.48,53.1,0.3103578154425612,7.92,75.35,103.4,95.5,False
2026-01-21T19:32:21Z,2026-01-21T14:32:21-05:00,2026-01-28 22:00 UTC,2026-01-28T17:00-05:00,Brasileirao,1.251814747,35069022,Internacional v Athletico-PR,HOME,198137,SEL_198137,1.99,2.35,2.14,4.46,0.15000000000000013,25.75,54.86,0.469376594969012,26.24,150.82,103.9,94.9,False
2026-01-21T19:32:21Z,2026-01-21T14:32:21-05:00,2026-01-28 22:00 UTC,2026-01-28T17:00-05:00,Brasileirao,1.251814747,35069022,Internacional v Athletico-PR,DRAW,58805,SEL_58805,3.3,7.93,3.6,15.46,0.30000000000000027,38.17,28.69,1.330428720808644,16.6,150.82,103.9,94.9,False
2026-01-21T19:32:21Z,2026-01-21T14:32:21-05:00,2026-01-28 22:00 UTC,2026-01-28T17:00-05:00,Brasileirao,1.251814747,35069022,Internacional v Athletico-PR,AWAY,36860494,SEL_36860494,4.3,13.59,4.9,13.63,0.6000000000000005,28.02,23.080000000000002,1.2140381282495667,85.53,150.82,103.9,94.9,False
2026-01-21T19:35:21Z,2026-01-21T14:35:21-05:00,2026-01-28 23:00 UTC,2026-01-28T18:00-05:00,Brasileirao,1.251820158,35069722,Chapecoense v Santos,DRAW,58805,SEL_58805,3.15,5.58,3.35,5.58,0.20000000000000018,23.69,21.330000000000002,1.1106422878574778,1.16,16.98,103.6,96.4,False
2026-01-21T19:35:21Z,2026-01-21T14:35:21-05:00,2026-01-28 23:00 UTC,2026-01-28T18:00-05:00,Brasileirao,1.251820158,35069722,Chapecoense v Santos,HOME,2909511,SEL_2909511,3.35,5.58,3.65,17.21,0.2999999999999998,22.35,27.64,0.8086107091172214,1.07,16.98,103.6,96.4,False
2026-01-21T19:35:21Z,2026-01-21T14:35:21-05:00,2026-01-28 23:00 UTC,2026-01-28T18:00-05:00,Brasileirao,1.251820158,35069722,Chapecoense v Santos,AWAY,198127,SEL_198127,2.38,16.99,2.56,5.58,0.18000000000000016,46.24,25.51,1.8126225009800079,12.22,16.98,103.6,96.4,False
2026-01-21T19:35:21Z,2026-01-21T14:35:21-05:00,2026-01-30 00:30 UTC,2026-01-29T19:30-05:00,Brasileirao,1.251820375,35069717,Botafogo FR v Cruzeiro MG,DRAW,58805,SEL_58805,3.35,14.18,3.6,6.7,0.25,24.46,32.19,0.7598633115874496,33.07,75.35,103.2,95.9,False
2026-01-21T19:35:21Z,2026-01-21T14:35:21-05:00,2026-01-30 00:30 UTC,2026-01-29T19:30-05:00,Brasileirao,1.251820375,35069717,Botafogo FR v Cruzeiro MG,AWAY,10901767,SEL_10901767,2.98,5.58,3.25,31.12,0.27,21.04,40.61,0.518098990396454,23.14,75.35,103.2,95.9,False
2026-01-21T19:35:21Z,2026-01-21T14:35:21-05:00,2026-01-30 00:30 UTC,2026-01-29T19:30-05:00,Brasileirao,1.251820375,35069717,Botafogo FR v Cruzeiro MG,HOME,11302836,SEL_11302836,2.52,5.58,2.68,35.95,0.16000000000000014,16.48,44.49,0.37042031917284785,7.92,75.35,103.2,95.9,False
2026-01-21T19:35:21Z,2026-01-21T14:35:21-05:00,2026-01-29 00:30 UTC,2026-01-28T19:30-05:00,Brasileirao,1.251815179,35068964,Sao Paulo v Flamengo,DRAW,58805,SEL_58805,3.6,17.95,3.8,35.75,0.19999999999999973,32.589999999999996,48.019999999999996,0.6786755518533943,2.86,83.83,103.4,98.2,False
2026-01-21T19:35:21Z,2026-01-21T14:35:21-05:00,2026-01-29 00:30 UTC,2026-01-28T19:30-05:00,Brasileirao,1.251815179,35068964,Sao Paulo v Flamengo,AWAY,198138,SEL_198138,2.0,60.52,2.08,5.58,0.08000000000000007,90.27000000000001,15.81,5.709677419354839,53.4,83.83,103.4,98.2,False
2026-01-21T19:35:21Z,2026-01-21T14:35:21-05:00,2026-01-29 00:30 UTC,2026-01-28T19:30-05:00,Brasileirao,1.251815179,35068964,Sao Paulo v Flamengo,HOME,198126,SEL_198126,3.9,16.5,4.2,28.82,0.30000000000000027,25.26,40.95,0.6168498168498169,15.09,83.83,103.4,98.2,False
2026-01-21T19:41:22Z,2026-01-21T14:41:22-05:00,2026-01-28 23:00 UTC,2026-01-28T18:00-05:00,Brasileirao,1.251815287,35068960,Corinthians v Bahia,HOME,198136,SEL_198136,2.06,5.58,2.62,2.87,0.56,100.11,29.02,3.4496898690558235,17.59,30.42,110.1,81.2,False
2026-01-21T19:41:22Z,2026-01-21T14:41:22-05:00,2026-01-28 23:00 UTC,2026-01-28T18:00-05:00,Brasileirao,1.251815287,35068960,Corinthians v Bahia,DRAW,58805,SEL_58805,3.2,2.35,4.5,22.86,1.2999999999999998,49.07,28.18,1.741305890702626,,30.42,110.1,81.2,False
2026-01-21T19:41:22Z,2026-01-21T14:41:22-05:00,2026-01-28 23:00 UTC,2026-01-28T18:00-05:00,Brasileirao,1.251815287,35068960,Corinthians v Bahia,AWAY,198139,SEL_198139,3.3,2.35,4.8,14.49,1.5,42.24,21.57,1.9582753824756607,8.3,30.42,110.1,81.2,False
2026-01-21T19:53:22Z,2026-01-21T14:53:22-05:00,2026-01-28 22:00 UTC,2026-01-28T17:00-05:00,Brasileirao,1.251814747,35069022,Internacional v Athletico-PR,HOME,198137,SEL_198137,1.99,2.35,2.14,4.46,0.15000000000000013,25.75,54.86,0.469376594969012,26.24,150.82,103.9,94.9,False
2026-01-21T19:53:22Z,2026-01-21T14:53:22-05:00,2026-01-28 22:00 UTC,2026-01-28T17:00-05:00,Brasileirao,1.251814747,35069022,Internacional v Athletico-PR,DRAW,58805,SEL_58805,3.3,7.93,3.6,15.46,0.30000000000000027,38.17,28.69,1.330428720808644,16.6,150.82,103.9,94.9,False
2026-01-21T19:53:22Z,2026-01-21T14:53:22-05:00,2026-01-28 22:00 UTC,2026-01-28T17:00-05:00,Brasileirao,1.251814747,35069022,Internacional v Athletico-PR,AWAY,36860494,SEL_36860494,4.3,13.59,4.9,13.63,0.6000000000000005,28.02,23.080000000000002,1.2140381282495667,85.53,150.82,103.9,94.9,False
2026-01-21T20:05:23Z,2026-01-21T15:05:23-05:00,2026-01-28 22:00 UTC,2026-01-28T17:00-05:00,Brasileirao,1.251814747,35069022,Internacional v Athletico-PR,HOME,198137,SEL_198137,1.99,2.35,2.14,13.21,0.15000000000000013,25.75,54.96,0.4685225618631732,26.24,150.81,103.5,94.9,False
2026-01-21T20:05:23Z,2026-01-21T15:05:23-05:00,2026-01-28 22:00 UTC,2026-01-28T17:00-05:00,Brasileirao,1.251814747,35069022,Internacional v Athletico-PR,DRAW,58805,SEL_58805,3.35,5.58,3.6,15.46,0.25,18.09,28.69,0.6305332868595329,16.6,150.81,103.5,94.9,False
2026-01-21T20:05:23Z,2026-01-21T15:05:23-05:00,2026-01-28 22:00 UTC,2026-01-28T17:00-05:00,Brasileirao,1.251814747,35069022,Internacional v Athletico-PR,AWAY,36860494,SEL_36860494,4.3,13.59,4.9,13.63,0.6000000000000005,28.02,18.75,1.4944,85.52,150.81,103.5,94.9,False
2026-01-21T20:08:23Z,2026-01-21T15:08:23-05:00,2026-01-28 23:00 UTC,2026-01-28T18:00-05:00,Brasileirao,1.251815287,35068960,Corinthians v Bahia,HOME,198136,SEL_198136,2.08,54.77,2.62,2.87,0.54,100.05000000000001,29.009999999999998,3.4488107549121,17.58,30.41,109.7,81.2,False
2026-01-21T20:08:23Z,2026-01-21T15:08:23-05:00,2026-01-28 23:00 UTC,2026-01-28T18:00-05:00,Brasileirao,1.251815287,35068960,Corinthians v Bahia,DRAW,58805,SEL_58805,3.2,2.35,4.5,22.85,1.2999999999999998,49.05,28.580000000000002,1.7162351294611615,,30.41,109.7,81.2,False
2026-01-21T20:08:23Z,2026-01-21T15:08:23-05:00,2026-01-28 23:00 UTC,2026-01-28T18:00-05:00,Brasileirao,1.251815287,35068960,Corinthians v Bahia,AWAY,198139,SEL_198139,3.3,2.35,4.8,14.47,1.5,91.4,21.59,4.233441408059287,8.3,30.41,109.7,81.2,False
2026-01-21T20:08:23Z,2026-01-21T15:08:23-05:00,2026-01-30 00:30 UTC,2026-01-29T19:30-05:00,Brasileirao,1.251820375,35069717,Botafogo FR v Cruzeiro MG,DRAW,58805,SEL_58805,3.35,14.18,3.65,8.99,0.2999999999999998,24.46,35.89,0.6815268877124547,33.05,75.32,103.4,95.5,False
2026-01-21T20:08:23Z,2026-01-21T15:08:23-05:00,2026-01-30 00:30 UTC,2026-01-29T19:30-05:00,Brasileirao,1.251820375,35069717,Botafogo FR v Cruzeiro MG,AWAY,10901767,SEL_10901767,2.96,9.19,3.25,31.12,0.29000000000000004,31.229999999999997,40.61,0.7690224082738241,23.14,75.32,103.4,95.5,False
2026-01-21T20:08:23Z,2026-01-21T15:08:23-05:00,2026-01-30 00:30 UTC,2026-01-29T19:30-05:00,Brasileirao,1.251820375,35069717,Botafogo FR v Cruzeiro MG,HOME,11302836,SEL_11302836,2.52,5.58,2.68,35.95,0.16000000000000014,16.48,53.1,0.3103578154425612,7.92,75.32,103.4,95.5,False
2026-01-21T20:08:23Z,2026-01-21T15:08:23-05:00,2026-01-29 00:30 UTC,2026-01-28T19:30-05:00,Brasileirao,1.251815179,35068964,Sao Paulo v Flamengo,DRAW,58805,SEL_58805,3.6,17.95,3.8,35.75,0.19999999999999973,37.01,48.019999999999996,0.7707205331112037,2.86,83.82,103.4,97.7,False
2026-01-21T20:08:23Z,2026-01-21T15:08:23-05:00,2026-01-29 00:30 UTC,2026-01-28T19:30-05:00,Brasileirao,1.251815179,35068964,Sao Paulo v Flamengo,AWAY,198138,SEL_198138,2.0,60.52,2.1,8.87,0.10000000000000009,90.27000000000001,39.01,2.314022045629326,53.39,83.82,103.4,97.7,False
2026-01-21T20:08:23Z,2026-01-21T15:08:23-05:00,2026-01-29 00:30 UTC,2026-01-28T19:30-05:00,Brasileirao,1.251815179,35068964,Sao Paulo v Flamengo,HOME,198126,SEL_198126,3.9,13.52,4.2,28.82,0.30000000000000027,25.36,40.95,0.6192918192918192,15.09,83.82,103.4,97.7,False
2026-01-21T20:11:23Z,2026-01-21T15:11:23-05:00,2026-01-28 23:00 UTC,2026-01-28T18:00-05:00,Brasileirao,1.251815287,35068960,Corinthians v Bahia,HOME,198136,SEL_198136,2.1,5.58,2.62,2.87,0.52,74.23,29.009999999999998,2.5587728369527754,17.58,30.41,109.2,81.7,False
2026-01-21T20:11:23Z,2026-01-21T15:11:23-05:00,2026-01-28 23:00 UTC,2026-01-28T18:00-05:00,Brasileirao,1.251815287,35068960,Corinthians v Bahia,DRAW,58805,SEL_58805,3.2,2.35,4.4,5.58,1.2000000000000002,49.05,24.53,1.9995923359152057,,30.41,109.2,81.7,False
2026-01-21T20:11:23Z,2026-01-21T15:11:23-05:00,2026-01-28 23:00 UTC,2026-01-28T18:00-05:00,Brasileirao,1.251815287,35068960,Corinthians v Bahia,AWAY,198139,SEL_198139,3.3,2.35,4.8,16.04,1.5,13.05,22.869999999999997,0.570616528202886,8.3,30.41,109.2,81.7,False
2026-01-21T20:35:24Z,2026-01-21T15:35:24-05:00,2026-01-28 22:00 UTC,2026-01-28T17:00-05:00,Brasileirao,1.251814747,35069022,Internacional v Athletico-PR,HOME,198137,SEL_198137,1.99,2.35,2.14,4.46,0.15000000000000013,25.75,54.839999999999996,0.46954777534646247,26.24,150.81,103.9,94.9,False
2026-01-21T20:35:24Z,2026-01-21T15:35:24-05:00,2026-01-28 22:00 UTC,2026-01-28T17:00-05:00,Brasileirao,1.251814747,35069022,Internacional v Athletico-PR,DRAW,58805,SEL_58805,3.3,7.93,3.6,15.46,0.30000000000000027,38.17,28.69,1.330428720808644,16.6,150.81,103.9,94.9,False
2026-01-21T20:35:24Z,2026-01-21T15:35:24-05:00,2026-01-28 22:00 UTC,2026-01-28T17:00-05:00,Brasileirao,1.251814747,35069022,Internacional v Athletico-PR,AWAY,36860494,SEL_36860494,4.3,13.59,4.9,13.63,0.6000000000000005,28.02,23.080000000000002,1.2140381282495667,85.52,150.81,103.9,94.9,False
2026-01-21T20:35:24Z,2026-01-21T15:35:24-05:00,2026-01-28 23:00 UTC,2026-01-28T18:00-05:00,Brasileirao,1.251815287,35068960,Corinthians v Bahia,HOME,198136,SEL_198136,2.1,5.58,2.62,2.87,0.52,74.23,9.28,7.998922413793104,17.58,30.41,109.2,81.7,False
2026-01-21T20:35:24Z,2026-01-21T15:35:24-05:00,2026-01-28 23:00 UTC,2026-01-28T18:00-05:00,Brasileirao,1.251815287,35068960,Corinthians v Bahia,DRAW,58805,SEL_58805,3.2,2.35,4.4,5.58,1.2000000000000002,49.05,8.47,5.791027154663517,,30.41,109.2,81.7,False
2026-01-21T20:35:24Z,2026-01-21T15:35:24-05:00,2026-01-28 23:00 UTC,2026-01-28T18:00-05:00,Brasileirao,1.251815287,35068960,Corinthians v Bahia,AWAY,198139,SEL_198139,3.3,2.35,4.8,16.04,1.5,15.06,22.869999999999997,0.6585045911674684,8.3,30.41,109.2,81.7,False
2026-01-21T20:38:24Z,2026-01-21T15:38:24-05:00,2026-01-30 00:30 UTC,2026-01-29T19:30-05:00,Brasileirao,1.251820375,35069717,Botafogo FR v Cruzeiro MG,DRAW,58805,SEL_58805,3.35,14.18,3.6,6.7,0.25,24.46,32.19,0.7598633115874496,33.05,75.32,103.2,95.9,False
2026-01-21T20:38:24Z,2026-01-21T15:38:24-05:00,2026-01-30 00:30 UTC,2026-01-29T19:30-05:00,Brasileirao,1.251820375,35069717,Botafogo FR v Cruzeiro MG,AWAY,10901767,SEL_10901767,2.98,5.58,3.25,31.12,0.27,21.04,40.61,0.518098990396454,23.14,75.32,103.2,95.9,False
2026-01-21T20:38:24Z,2026-01-21T15:38:24-05:00,2026-01-30 00:30 UTC,2026-01-29T19:30-05:00,Brasileirao,1.251820375,35069717,Botafogo FR v Cruzeiro MG,HOME,11302836,SEL_11302836,2.52,5.58,2.68,35.95,0.16000000000000014,16.48,44.49,0.37042031917284785,7.92,75.32,103.2,95.9,False
2026-01-21T20:38:24Z,2026-01-21T15:38:24-05:00,2026-01-29 00:30 UTC,2026-01-28T19:30-05:00,Brasileirao,1.251815179,35068964,Sao Paulo v Flamengo,DRAW,58805,SEL_58805,3.6,17.95,3.8,35.75,0.19999999999999973,32.589999999999996,48.019999999999996,0.6786755518533943,2.86,83.82,103.4,98.2,False
2026-01-21T20:38:24Z,2026-01-21T15:38:24-05:00,2026-01-29 00:30 UTC,2026-01-28T19:30-05:00,Brasileirao,1.251815179,35068964,Sao Paulo v Flamengo,AWAY,198138,SEL_198138,2.0,60.52,2.08,5.58,0.08000000000000007,90.27000000000001,15.81,5.709677419354839,53.39,83.82,103.4,98.2,False
2026-01-21T20:38:24Z,2026-01-21T15:38:24-05:00,2026-01-29 00:30 UTC,2026-01-28T19:30-05:00,Brasileirao,1.251815179,35068964,Sao Paulo v Flamengo,HOME,198126,SEL_198126,3.9,16.5,4.2,28.82,0.30000000000000027,25.26,40.95,0.6168498168498169,15.09,83.82,103.4,98.2,False
2026-01-21T20:41:24Z,2026-01-21T15:41:24-05:00,2026-01-28 23:00 UTC,2026-01-28T18:00-05:00,Brasileirao,1.251815287,35068960,Corinthians v Bahia,HOME,198136,SEL_198136,2.1,5.58,2.62,2.87,0.52,114.63000000000001,3.7,30.981081081081083,17.58,30.41,109.2,80.7,False
2026-01-21T20:41:24Z,2026-01-21T15:41:24-05:00,2026-01-28 23:00 UTC,2026-01-28T18:00-05:00,Brasileirao,1.251815287,35068960,Corinthians v Bahia,DRAW,58805,SEL_58805,3.2,2.35,4.6,1.68,1.3999999999999995,49.05,5.47,8.96709323583181,,30.41,109.2,80.7,False
2026-01-21T20:41:24Z,2026-01-21T15:41:24-05:00,2026-01-28 23:00 UTC,2026-01-28T18:00-05:00,Brasileirao,1.251815287,35068960,Corinthians v Bahia,AWAY,198139,SEL_198139,3.3,2.35,4.8,16.04,1.5,62.7,22.869999999999997,2.741582859641452,8.3,30.41,109.2,80.7,False
2026-01-21T20:50:25Z,2026-01-21T15:50:25-05:00,2026-01-28 23:00 UTC,2026-01-28T18:00-05:00,Brasileirao,1.251815287,35068960,Corinthians v Bahia,HOME,198136,SEL_198136,2.1,60.35,2.62,2.87,0.52,106.65,3.7,28.824324324324323,17.58,30.41,109.2,80.7,False
2026-01-21T20:50:25Z,2026-01-21T15:50:25-05:00,2026-01-28 23:00 UTC,2026-01-28T18:00-05:00,Brasileirao,1.251815287,35068960,Corinthians v Bahia,DRAW,58805,SEL_58805,3.2,2.35,4.6,1.68,1.3999999999999995,49.05,23.79,2.061790668348045,,30.41,109.2,80.7,False
2026-01-21T20:50:25Z,2026-01-21T15:50:25-05:00,2026-01-28 23:00 UTC,2026-01-28T18:00-05:00,Brasileirao,1.251815287,35068960,Corinthians v Bahia,AWAY,198139,SEL_198139,3.3,2.35,4.8,16.04,1.5,76.21000000000001,33.76,2.2574052132701428,8.3,30.41,109.2,80.7,False
2026-01-21T21:08:25Z,2026-01-21T16:08:25-05:00,2026-01-28 22:00 UTC,2026-01-28T17:00-05:00,Brasileirao,1.251814747,35069022,Internacional v Athletico-PR,HOME,198137,SEL_198137,1.99,2.35,2.14,13.21,0.15000000000000013,25.75,54.96,0.4685225618631732,26.24,150.81,103.5,94.9,False
2026-01-21T21:08:25Z,2026-01-21T16:08:25-05:00,2026-01-28 22:00 UTC,2026-01-28T17:00-05:00,Brasileirao,1.251814747,35069022,Internacional v Athletico-PR,DRAW,58805,SEL_58805,3.35,5.58,3.6,15.46,0.25,18.09,28.69,0.6305332868595329,16.6,150.81,103.5,94.9,False
2026-01-21T21:08:25Z,2026-01-21T16:08:25-05:00,2026-01-28 22:00 UTC,2026-01-28T17:00-05:00,Brasileirao,1.251814747,35069022,Internacional v Athletico-PR,AWAY,36860494,SEL_36860494,4.3,13.59,4.9,13.63,0.6000000000000005,28.02,18.75,1.4944,85.52,150.81,103.5,94.9,False
2026-01-21T21:11:25Z,2026-01-21T16:11:25-05:00,2026-01-30 00:30 UTC,2026-01-29T19:30-05:00,Brasileirao,1.251820375,35069717,Botafogo FR v Cruzeiro MG,DRAW,58805,SEL_58805,3.35,14.18,3.65,8.99,0.2999999999999998,24.46,35.89,0.6815268877124547,33.05,75.32,103.4,95.5,False
2026-01-21T21:11:25Z,2026-01-21T16:11:25-05:00,2026-01-30 00:30 UTC,2026-01-29T19:30-05:00,Brasileirao,1.251820375,35069717,Botafogo FR v Cruzeiro MG,AWAY,10901767,SEL_10901767,2.96,9.19,3.25,31.12,0.29000000000000004,31.229999999999997,40.61,0.7690224082738241,23.14,75.32,103.4,95.5,False
2026-01-21T21:11:25Z,2026-01-21T16:11:25-05:00,2026-01-30 00:30 UTC,2026-01-29T19:30-05:00,Brasileirao,1.251820375,35069717,Botafogo FR v Cruzeiro MG,HOME,11302836,SEL_11302836,2.52,5.58,2.68,35.95,0.16000000000000014,16.48,53.1,0.3103578154425612,7.92,75.32,103.4,95.5,False
2026-01-21T21:11:25Z,2026-01-21T16:11:25-05:00,2026-01-29 00:30 UTC,2026-01-28T19:30-05:00,Brasileirao,1.251815179,35068964,Sao Paulo v Flamengo,DRAW,58805,SEL_58805,3.6,17.95,3.8,35.75,0.19999999999999973,37.01,48.019999999999996,0.7707205331112037,2.86,83.83,103.4,97.7,False
2026-01-21T21:11:25Z,2026-01-21T16:11:25-05:00,2026-01-29 00:30 UTC,2026-01-28T19:30-05:00,Brasileirao,1.251815179,35068964,Sao Paulo v Flamengo,AWAY,198138,SEL_198138,2.0,60.52,2.1,8.87,0.10000000000000009,90.27000000000001,39.01,2.314022045629326,53.4,83.83,103.4,97.7,False
2026-01-21T21:11:25Z,2026-01-21T16:11:25-05:00,2026-01-29 00:30 UTC,2026-01-28T19:30-05:00,Brasileirao,1.251815179,35068964,Sao Paulo v Flamengo,HOME,198126,SEL_198126,3.9,13.52,4.2,28.82,0.30000000000000027,25.36,40.95,0.6192918192918192,15.09,83.83,103.4,97.7,False
2026-01-21T21:14:25Z,2026-01-21T16:14:25-05:00,2026-01-28 23:00 UTC,2026-01-28T18:00-05:00,Brasileirao,1.251815287,35068960,Corinthians v Bahia,HOME,198136,SEL_198136,2.12,5.58,2.62,2.87,0.5,75.64,3.7,20.44324324324324,17.59,30.42,108.8,81.7,False
2026-01-21T21:14:25Z,2026-01-21T16:14:25-05:00,2026-01-28 23:00 UTC,2026-01-28T18:00-05:00,Brasileirao,1.251815287,35068960,Corinthians v Bahia,DRAW,58805,SEL_58805,3.2,2.35,4.5,1.73,1.2999999999999998,49.089999999999996,23.77,2.065208245687842,,30.42,108.8,81.7,False
2026-01-21T21:14:25Z,2026-01-21T16:14:25-05:00,2026-01-28 23:00 UTC,2026-01-28T18:00-05:00,Brasileirao,1.251815287,35068960,Corinthians v Bahia,AWAY,198139,SEL_198139,3.3,2.35,4.7,1.6,1.4000000000000004,62.74,21.67,2.8952468850946005,8.3,30.42,108.8,81.7,False
2026-01-21T21:17:26Z,2026-01-21T16:17:26-05:00,2026-01-29 00:30 UTC,2026-01-28T19:30-05:00,Brasileirao,1.251815179,35068964,Sao Paulo v Flamengo,DRAW,58805,SEL_58805,3.6,17.95,3.8,35.75,0.19999999999999973,37.01,48.23,0.7673647107609372,2.86,83.83,103.4,97.7,False
2026-01-21T21:17:26Z,2026-01-21T16:17:26-05:00,2026-01-29 00:30 UTC,2026-01-28T19:30-05:00,Brasileirao,1.251815179,35068964,Sao Paulo v Flamengo,AWAY,198138,SEL_198138,2.0,84.02,2.1,8.87,0.10000000000000009,95.91,25.89,3.7045191193511005,53.4,83.83,103.4,97.7,False
2026-01-21T21:17:26Z,2026-01-21T16:17:26-05:00,2026-01-29 00:30 UTC,2026-01-28T19:30-05:00,Brasileirao,1.251815179,35068964,Sao Paulo v Flamengo,HOME,198126,SEL_198126,3.9,5.58,4.2,28.82,0.30000000000000027,25.56,41.25,0.6196363636363637,15.09,83.83,103.4,97.7,False
2026-01-21T21:32:26Z,2026-01-21T16:32:26-05:00,2026-01-28 23:00 UTC,2026-01-28T18:00-05:00,Brasileirao,1.251815287,35068960,Corinthians v Bahia,HOME,198136,SEL_198136,2.12,60.39,2.62,2.87,0.5,121.6,24.27,5.010300782859497,17.59,30.42,108.8,81.7,False
2026-01-21T21:32:26Z,2026-01-21T16:32:26-05:00,2026-01-28 23:00 UTC,2026-01-28T18:00-05:00,Brasileirao,1.251815287,35068960,Corinthians v Bahia,DRAW,58805,SEL_58805,3.2,2.35,4.5,1.73,1.2999999999999998,71.82,30.46,2.357846355876559,,30.42,108.8,81.7,False
2026-01-21T21:32:26Z,2026-01-21T16:32:26-05:00,2026-01-28 23:00 UTC,2026-01-28T18:00-05:00,Brasileirao,1.251815287,35068960,Corinthians v Bahia,AWAY,198139,SEL_198139,3.3,2.35,4.7,1.6,1.4000000000000004,90.8,23.64,3.8409475465313028,8.3,30.42,108.8,81.7,False
2026-01-21T21:41:26Z,2026-01-21T16:41:26-05:00,2026-01-28 22:00 UTC,2026-01-28T17:00-05:00,Brasileirao,1.251814747,35069022,Internacional v Athletico-PR,HOME,198137,SEL_198137,1.99,2.35,2.14,4.46,0.15000000000000013,25.75,54.839999999999996,0.46954777534646247,26.24,150.81,103.9,94.9,False
2026-01-21T21:41:26Z,2026-01-21T16:41:26-05:00,2026-01-28 22:00 UTC,2026-01-28T17:00-05:00,Brasileirao,1.251814747,35069022,Internacional v Athletico-PR,DRAW,58805,SEL_58805,3.3,7.93,3.6,15.46,0.30000000000000027,38.17,28.69,1.330428720808644,16.6,150.81,103.9,94.9,False
2026-01-21T21:41:26Z,2026-01-21T16:41:26-05:00,2026-01-28 22:00 UTC,2026-01-28T17:00-05:00,Brasileirao,1.251814747,35069022,Internacional v Athletico-PR,AWAY,36860494,SEL_36860494,4.3,13.59,4.9,13.63,0.6000000000000005,28.02,23.080000000000002,1.2140381282495667,85.52,150.81,103.9,94.9,False
2026-01-21T21:44:27Z,2026-01-21T16:44:27-05:00,2026-01-30 00:30 UTC,2026-01-29T19:30-05:00,Brasileirao,1.251820375,35069717,Botafogo FR v Cruzeiro MG,DRAW,58805,SEL_58805,3.35,14.18,3.6,6.7,0.25,24.46,32.19,0.7598633115874496,33.05,75.32,103.2,95.9,False
2026-01-21T21:44:27Z,2026-01-21T16:44:27-05:00,2026-01-30 00:30 UTC,2026-01-29T19:30-05:00,Brasileirao,1.251820375,35069717,Botafogo FR v Cruzeiro MG,AWAY,10901767,SEL_10901767,2.98,5.58,3.25,31.12,0.27,21.04,40.61,0.518098990396454,23.14,75.32,103.2,95.9,False
2026-01-21T21:44:27Z,2026-01-21T16:44:27-05:00,2026-01-30 00:30 UTC,2026-01-29T19:30-05:00,Brasileirao,1.251820375,35069717,Botafogo FR v Cruzeiro MG,HOME,11302836,SEL_11302836,2.52,5.58,2.68,35.95,0.16000000000000014,16.48,44.49,0.37042031917284785,7.92,75.32,103.2,95.9,False
2026-01-21T21:44:27Z,2026-01-21T16:44:27-05:00,2026-01-29 00:30 UTC,2026-01-28T19:30-05:00,Brasileirao,1.251815179,35068964,Sao Paulo v Flamengo,DRAW,58805,SEL_58805,3.6,17.95,3.8,35.75,0.19999999999999973,44.89,48.23,0.9307484967862327,2.86,83.83,103.4,97.7,False
2026-01-21T21:44:27Z,2026-01-21T16:44:27-05:00,2026-01-29 00:30 UTC,2026-01-28T19:30-05:00,Brasileirao,1.251815179,35068964,Sao Paulo v Flamengo,AWAY,198138,SEL_198138,2.0,84.02,2.1,3.29,0.10000000000000009,95.91,56.239999999999995,1.7053698435277385,53.4,83.83,103.4,97.7,False
2026-01-21T21:44:27Z,2026-01-21T16:44:27-05:00,2026-01-29 00:30 UTC,2026-01-28T19:30-05:00,Brasileirao,1.251815179,35068964,Sao Paulo v Flamengo,HOME,198126,SEL_198126,3.9,5.58,4.2,28.82,0.30000000000000027,22.48,41.25,0.544969696969697,15.09,83.83,103.4,97.7,False
2026-01-21T21:47:26Z,2026-01-21T16:47:26-05:00,2026-01-28 23:00 UTC,2026-01-28T18:00-05:00,Brasileirao,1.251815287,35068960,Corinthians v Bahia,HOME,198136,SEL_198136,2.14,5.58,2.62,2.87,0.48,75.15,29.02,2.5895933838731913,17.59,30.42,108.3,82.6,False
2026-01-21T21:47:26Z,2026-01-21T16:47:26-05:00,2026-01-28 23:00 UTC,2026-01-28T18:00-05:00,Brasileirao,1.251815287,35068960,Corinthians v Bahia,DRAW,58805,SEL_58805,3.2,2.35,4.4,1.76,1.2000000000000002,49.089999999999996,23.8,2.0626050420168065,,30.42,108.3,82.6,False
2026-01-21T21:47:26Z,2026-01-21T16:47:26-05:00,2026-01-28 23:00 UTC,2026-01-28T18:00-05:00,Brasileirao,1.251815287,35068960,Corinthians v Bahia,AWAY,198139,SEL_198139,3.3,2.35,4.6,1.63,1.2999999999999998,19.490000000000002,23.67,0.8234051542036334,8.3,30.42,108.3,82.6,False
2026-01-21T21:52:54Z,2026-01-21T16:52:54-05:00,2026-01-28 22:00 UTC,2026-01-28T17:00-05:00,Brasileirao,1.251815071,35068990,Atletico MG v SE Palmeiras,DRAW,58805,SEL_58805,3.45,7.0,3.55,3.75,0.09999999999999964,24.23,26.63,0.909876079609463,4.0,10.84,102.0,97.9,False
2026-01-21T21:52:54Z,2026-01-21T16:52:54-05:00,2026-01-28 22:00 UTC,2026-01-28T17:00-05:00,Brasileirao,1.251815071,35068990,Atletico MG v SE Palmeiras,HOME,361329,SEL_361329,2.76,7.0,2.88,7.0,0.1200000000000001,29.35,30.310000000000002,0.9683272847245133,3.84,10.84,102.0,97.9,False
2026-01-21T21:52:54Z,2026-01-21T16:52:54-05:00,2026-01-28 22:00 UTC,2026-01-28T17:00-05:00,Brasileirao,1.251815071,35068990,Atletico MG v SE Palmeiras,AWAY,22498185,SEL_22498185,2.72,13.02,2.86,7.0,0.13999999999999968,23.57,20.95,1.1250596658711218,1.39,10.84,102.0,97.9,False
2026-01-21T21:52:54Z,2026-01-21T16:52:54-05:00,2026-01-28 22:00 UTC,2026-01-28T17:00-05:00,Brasileirao,1.251820266,35069721,Coritiba v Red Bull Bragantino,DRAW,58805,SEL_58805,3.2,2.35,3.55,23.37,0.34999999999999964,40.64,34.34,1.1834595224228304,,8.15,104.1,92.3,False
2026-01-21T21:52:54Z,2026-01-21T16:52:54-05:00,2026-01-28 22:00 UTC,2026-01-28T17:00-05:00,Brasileirao,1.251820266,35069721,Coritiba v Red Bull Bragantino,HOME,198141,SEL_198141,2.24,18.81,2.48,3.03,0.23999999999999977,62.849999999999994,16.07,3.9110143123833225,1.39,8.15,104.1,92.3,False
2026-01-21T21:52:54Z,2026-01-21T16:52:54-05:00,2026-01-28 22:00 UTC,2026-01-28T17:00-05:00,Brasileirao,1.251820266,35069721,Coritiba v Red Bull Bragantino,AWAY,71387076,SEL_71387076,3.55,9.15,4.2,1.79,0.6500000000000004,34.7,32.730000000000004,1.0601894286587228,5.55,8.15,104.1,92.3,False
2026-01-21T21:52:54Z,2026-01-21T16:52:54-05:00,2026-01-28 22:00 UTC,2026-01-28T17:00-05:00,Brasileirao,1.251814855,35069015,EC Vitoria Salvador v Remo,HOME,5336581,SEL_5336581,1.76,2.35,1.82,28.77,0.06000000000000005,18.810000000000002,55.73,0.337520186614032,61.51,74.28,102.5,96.5,False
2026-01-21T21:52:54Z,2026-01-21T16:52:54-05:00,2026-01-28 22:00 UTC,2026-01-28T17:00-05:00,Brasileirao,1.251814855,35069015,EC Vitoria Salvador v Remo,AWAY,376830,SEL_376830,5.7,4.96,6.4,16.02,0.7000000000000002,11.44,20.63,0.5545322346097916,1.74,74.28,102.5,96.5,False
2026-01-21T21:52:54Z,2026-01-21T16:52:54-05:00,2026-01-28 22:00 UTC,2026-01-28T17:00-05:00,Brasileirao,1.251814855,35069015,EC Vitoria Salvador v Remo,DRAW,58805,SEL_58805,3.55,17.08,3.85,5.58,0.30000000000000027,35.61,31.479999999999997,1.1311944091486659,,74.28,102.5,96.5,False
2026-01-21T21:52:54Z,2026-01-21T16:52:54-05:00,2026-01-28 22:00 UTC,2026-01-28T17:00-05:00,Brasileirao,1.251814747,35069022,Internacional v Athletico-PR,HOME,198137,SEL_198137,1.99,2.35,2.14,4.46,0.15000000000000013,25.75,54.82,0.4697190806275082,26.24,150.75,103.9,94.9,False
2026-01-21T21:52:54Z,2026-01-21T16:52:54-05:00,2026-01-28 22:00 UTC,2026-01-28T17:00-05:00,Brasileirao,1.251814747,35069022,Internacional v Athletico-PR,DRAW,58805,SEL_58805,3.3,7.93,3.6,15.46,0.30000000000000027,38.16,28.68,1.3305439330543931,16.6,150.75,103.9,94.9,False
2026-01-21T21:52:54Z,2026-01-21T16:52:54-05:00,2026-01-28 22:00 UTC,2026-01-28T17:00-05:00,Brasileirao,1.251814747,35069022,Internacional v Athletico-PR,AWAY,36860494,SEL_36860494,4.3,13.59,4.9,13.62,0.6000000000000005,28.01,23.07,1.2141309059384482,85.52,150.75,103.9,94.9,False
2026-01-21T21:52:54Z,2026-01-21T16:52:54-05:00,2026-01-28 22:30 UTC,2026-01-28T17:30-05:00,Brasileirao,1.251815395,35068958,Fluminense v Gremio,HOME,198133,SEL_198133,1.85,7.0,1.92,15.89,0.06999999999999984,46.97,52.84,0.8889099167297501,12.23,89.01,101.9,97.0,False
2026-01-21T21:52:54Z,2026-01-21T16:52:54-05:00,2026-01-28 22:30 UTC,2026-01-28T17:30-05:00,Brasileirao,1.251815395,35068958,Fluminense v Gremio,AWAY,198134,SEL_198134,5.1,5.57,5.7,4.56,0.6000000000000005,10.280000000000001,38.589999999999996,0.26639025654314596,62.27,89.01,101.9,97.0,False
2026-01-21T21:52:54Z,2026-01-21T16:52:54-05:00,2026-01-28 22:30 UTC,2026-01-28T17:30-05:00,Brasileirao,1.251815395,35068958,Fluminense v Gremio,DRAW,58805,SEL_58805,3.55,5.58,3.65,3.16,0.10000000000000009,14.870000000000001,38.94,0.3818695428864921,1.29,89.01,101.9,97.0,False
2026-01-21T21:52:54Z,2026-01-21T16:52:54-05:00,2026-01-28 23:00 UTC,2026-01-28T18:00-05:00,Brasileirao,1.251820158,35069722,Chapecoense v Santos,DRAW,58805,SEL_58805,3.15,5.58,3.35,5.58,0.20000000000000018,23.69,21.330000000000002,1.1106422878574778,1.16,16.97,103.6,96.4,False
2026-01-21T21:52:54Z,2026-01-21T16:52:54-05:00,2026-01-28 23:00 UTC,2026-01-28T18:00-05:00,Brasileirao,1.251820158,35069722,Chapecoense v Santos,HOME,2909511,SEL_2909511,3.35,5.58,3.65,17.21,0.2999999999999998,22.35,27.64,0.8086107091172214,1.07,16.97,103.6,96.4,False
2026-01-21T21:52:54Z,2026-01-21T16:52:54-05:00,2026-01-28 23:00 UTC,2026-01-28T18:00-05:00,Brasileirao,1.251820158,35069722,Chapecoense v Santos,AWAY,198127,SEL_198127,2.38,16.98,2.56,5.58,0.18000000000000016,46.230000000000004,25.5,1.8129411764705885,12.22,16.97,103.6,96.4,False
2026-01-21T21:52:54Z,2026-01-21T16:52:54-05:00,2026-01-28 23:00 UTC,2026-01-28T18:00-05:00,Brasileirao,1.251815287,35068960,Corinthians v Bahia,HOME,198136,SEL_198136,2.14,5.58,2.62,2.87,0.48,75.12,29.009999999999998,2.5894519131334026,17.59,30.41,108.3,82.6,False
2026-01-21T21:52:54Z,2026-01-21T16:52:54-05:00,2026-01-28 23:00 UTC,2026-01-28T18:00-05:00,Brasileirao,1.251815287,35068960,Corinthians v Bahia,DRAW,58805,SEL_58805,3.2,2.35,4.4,1.76,1.2000000000000002,49.07,23.79,2.062631357713325,,30.41,108.3,82.6,False
2026-01-21T21:52:54Z,2026-01-21T16:52:54-05:00,2026-01-28 23:00 UTC,2026-01-28T18:00-05:00,Brasileirao,1.251815287,35068960,Corinthians v Bahia,AWAY,198139,SEL_198139,3.3,2.35,4.6,1.63,1.2999999999999998,19.490000000000002,23.66,0.8237531699070162,8.3,30.41,108.3,82.6,False
2026-01-21T21:52:54Z,2026-01-21T16:52:54-05:00,2026-01-28 23:00 UTC,2026-01-28T18:00-05:00,Brasileirao,1.251814963,35069005,Mirassol v Vasco Da Gama,HOME,2760854,SEL_2760854,1.84,6.98,1.87,23.44,0.030000000000000027,30.27,51.72,0.5852668213457076,62.19,198.56,101.3,97.3,False
2026-01-21T21:52:54Z,2026-01-21T16:52:54-05:00,2026-01-28 23:00 UTC,2026-01-28T18:00-05:00,Brasileirao,1.251814963,35069005,Mirassol v Vasco Da Gama,DRAW,58805,SEL_58805,3.95,10.18,4.2,6.13,0.25,16.99,34.949999999999996,0.4861230329041488,25.05,198.56,101.3,97.3,False
2026-01-21T21:52:54Z,2026-01-21T16:52:54-05:00,2026-01-28 23:00 UTC,2026-01-28T18:00-05:00,Brasileirao,1.251814963,35069005,Mirassol v Vasco Da Gama,AWAY,198124,SEL_198124,4.6,14.26,5.0,15.15,0.40000000000000036,24.56,43.120000000000005,0.5695732838589981,81.82,198.56,101.3,97.3,False
2026-01-21T21:52:54Z,2026-01-21T16:52:54-05:00,2026-01-29 00:30 UTC,2026-01-28T19:30-05:00,Brasileirao,1.251815179,35068964,Sao Paulo v Flamengo,DRAW,58805,SEL_58805,3.6,17.95,3.8,35.74,0.19999999999999973,44.879999999999995,48.22,0.9307341352136043,2.86,83.8,103.4,97.7,False
2026-01-21T21:52:54Z,2026-01-21T16:52:54-05:00,2026-01-29 00:30 UTC,2026-01-28T19:30-05:00,Brasileirao,1.251815179,35068964,Sao Paulo v Flamengo,AWAY,198138,SEL_198138,2.0,83.99,2.1,3.29,0.10000000000000009,95.88,56.23,1.7051396051929575,53.4,83.8,103.4,97.7,False
2026-01-21T21:52:54Z,2026-01-21T16:52:54-05:00,2026-01-29 00:30 UTC,2026-01-28T19:30-05:00,Brasileirao,1.251815179,35068964,Sao Paulo v Flamengo,HOME,198126,SEL_198126,3.9,5.58,4.2,28.81,0.30000000000000027,22.48,41.23,0.5452340528741209,15.09,83.8,103.4,97.7,False
2026-01-21T21:52:54Z,2026-01-21T16:52:54-05:00,2026-01-30 00:30 UTC,2026-01-29T19:30-05:00,Brasileirao,1.251820375,35069717,Botafogo FR v Cruzeiro MG,DRAW,58805,SEL_58805,3.35,14.18,3.6,6.69,0.25,24.46,32.18,0.7600994406463643,33.05,75.29,103.2,95.9,False
2026-01-21T21:52:54Z,2026-01-21T16:52:54-05:00,2026-01-30 00:30 UTC,2026-01-29T19:30-05:00,Brasileirao,1.251820375,35069717,Botafogo FR v Cruzeiro MG,AWAY,10901767,SEL_10901767,2.98,5.58,3.25,31.11,0.27,21.04,40.6,0.5182266009852217,23.14,75.29,103.2,95.9,False
2026-01-21T21:52:54Z,2026-01-21T16:52:54-05:00,2026-01-30 00:30 UTC,2026-01-29T19:30-05:00,Brasileirao,1.251820375,35069717,Botafogo FR v Cruzeiro MG,HOME,11302836,SEL_11302836,2.52,5.58,2.68,35.94,0.16000000000000014,16.48,44.48,0.3705035971223022,7.92,75.29,103.2,95.9,False
2026-01-21T22:02:27Z,2026-01-21T17:02:27-05:00,2026-01-28 22:00 UTC,2026-01-28T17:00-05:00,Brasileirao,1.251814855,35069015,EC Vitoria Salvador v Remo,HOME,5336581,SEL_5336581,1.76,2.35,1.82,28.77,0.06000000000000005,18.78,55.73,0.3369818769065136,61.47,74.24,102.5,96.5,False
2026-01-21T22:02:27Z,2026-01-21T17:02:27-05:00,2026-01-28 22:00 UTC,2026-01-28T17:00-05:00,Brasileirao,1.251814855,35069015,EC Vitoria Salvador v Remo,AWAY,376830,SEL_376830,5.7,4.96,6.4,16.02,0.7000000000000002,17.39,20.63,0.8429471643238003,1.74,74.24,102.5,96.5,False
2026-01-21T22:02:27Z,2026-01-21T17:02:27-05:00,2026-01-28 22:00 UTC,2026-01-28T17:00-05:00,Brasileirao,1.251814855,35069015,EC Vitoria Salvador v Remo,DRAW,58805,SEL_58805,3.55,17.08,3.85,28.95,0.30000000000000027,35.61,38.83,0.9170744269894412,,74.24,102.5,96.5,False
2026-01-21T22:08:27Z,2026-01-21T17:08:27-05:00,2026-01-28 22:00 UTC,2026-01-28T17:00-05:00,Brasileirao,1.251814747,35069022,Internacional v Athletico-PR,HOME,198137,SEL_198137,1.99,2.35,2.14,4.46,0.15000000000000013,25.75,46.660000000000004,0.5518645520788684,26.24,150.72,103.9,94.9,False
2026-01-21T22:08:27Z,2026-01-21T17:08:27-05:00,2026-01-28 22:00 UTC,2026-01-28T17:00-05:00,Brasileirao,1.251814747,35069022,Internacional v Athletico-PR,DRAW,58805,SEL_58805,3.3,2.35,3.6,15.46,0.30000000000000027,32.58,28.68,1.1359832635983262,16.6,150.72,103.9,94.9,False
2026-01-21T22:08:27Z,2026-01-21T17:08:27-05:00,2026-01-28 22:00 UTC,2026-01-28T17:00-05:00,Brasileirao,1.251814747,35069022,Internacional v Athletico-PR,AWAY,36860494,SEL_36860494,4.3,13.59,4.9,13.62,0.6000000000000005,28.01,16.58,1.6893848009650183,85.49,150.72,103.9,94.9,False
2026-01-21T22:08:27Z,2026-01-21T17:08:27-05:00,2026-01-30 00:30 UTC,2026-01-29T19:30-05:00,Brasileirao,1.251820375,35069717,Botafogo FR v Cruzeiro MG,DRAW,58805,SEL_58805,3.35,14.18,3.6,6.69,0.25,24.46,32.18,0.7600994406463643,33.04,75.28,103.4,95.9,False
2026-01-21T22:08:27Z,2026-01-21T17:08:27-05:00,2026-01-30 00:30 UTC,2026-01-29T19:30-05:00,Brasileirao,1.251820375,35069717,Botafogo FR v Cruzeiro MG,AWAY,10901767,SEL_10901767,2.96,3.61,3.25,31.11,0.29000000000000004,22.48,40.6,0.5536945812807882,23.14,75.28,103.4,95.9,False
2026-01-21T22:08:27Z,2026-01-21T17:08:27-05:00,2026-01-30 00:30 UTC,2026-01-29T19:30-05:00,Brasileirao,1.251820375,35069717,Botafogo FR v Cruzeiro MG,HOME,11302836,SEL_11302836,2.52,5.58,2.68,35.94,0.16000000000000014,16.48,50.94,0.3235178641539066,7.92,75.28,103.4,95.9,False
2026-01-21T22:08:27Z,2026-01-21T17:08:27-05:00,2026-01-29 00:30 UTC,2026-01-28T19:30-05:00,Brasileirao,1.251815179,35068964,Sao Paulo v Flamengo,DRAW,58805,SEL_58805,3.6,17.95,3.8,35.74,0.19999999999999973,32.97,48.22,0.6837411862297802,2.86,83.77,103.4,97.7,False
2026-01-21T22:08:27Z,2026-01-21T17:08:27-05:00,2026-01-29 00:30 UTC,2026-01-28T19:30-05:00,Brasileirao,1.251815179,35068964,Sao Paulo v Flamengo,AWAY,198138,SEL_198138,2.0,83.99,2.1,3.29,0.10000000000000009,95.88,61.81,1.551205306584695,53.38,83.77,103.4,97.7,False
2026-01-21T22:08:27Z,2026-01-21T17:08:27-05:00,2026-01-29 00:30 UTC,2026-01-28T19:30-05:00,Brasileirao,1.251815179,35068964,Sao Paulo v Flamengo,HOME,198126,SEL_198126,3.9,5.58,4.2,28.81,0.30000000000000027,22.48,41.23,0.5452340528741209,15.09,83.77,103.4,97.7,False
2026-01-21T22:08:27Z,2026-01-21T17:08:27-05:00,2026-01-28 22:00 UTC,2026-01-28T17:00-05:00,Brasileirao,1.251814855,35069015,EC Vitoria Salvador v Remo,HOME,5336581,SEL_5336581,1.76,2.35,1.82,28.77,0.06000000000000005,18.78,55.73,0.3369818769065136,61.47,74.24,102.5,96.8,False
2026-01-21T22:08:27Z,2026-01-21T17:08:27-05:00,2026-01-28 22:00 UTC,2026-01-28T17:00-05:00,Brasileirao,1.251814855,35069015,EC Vitoria Salvador v Remo,AWAY,376830,SEL_376830,5.7,4.96,6.4,16.02,0.7000000000000002,11.31,20.63,0.5482307319437713,1.74,74.24,102.5,96.8,False
2026-01-21T22:08:27Z,2026-01-21T17:08:27-05:00,2026-01-28 22:00 UTC,2026-01-28T17:00-05:00,Brasileirao,1.251814855,35069015,EC Vitoria Salvador v Remo,DRAW,58805,SEL_58805,3.55,17.08,3.8,5.58,0.25,35.61,35.88,0.9924749163879598,,74.24,102.5,96.8,False
2026-01-21T22:11:27Z,2026-01-21T17:11:27-05:00,2026-01-28 22:00 UTC,2026-01-28T17:00-05:00,Brasileirao,1.251814747,35069022,Internacional v Athletico-PR,HOME,198137,SEL_198137,1.99,2.35,2.14,13.2,0.15000000000000013,25.75,54.92,0.4688638018936635,26.24,150.72,103.5,94.9,False
2026-01-21T22:11:27Z,2026-01-21T17:11:27-05:00,2026-01-28 22:00 UTC,2026-01-28T17:00-05:00,Brasileirao,1.251814747,35069022,Internacional v Athletico-PR,DRAW,58805,SEL_58805,3.35,5.58,3.6,15.46,0.25,18.09,28.68,0.6307531380753139,16.6,150.72,103.5,94.9,False
2026-01-21T22:11:27Z,2026-01-21T17:11:27-05:00,2026-01-28 22:00 UTC,2026-01-28T17:00-05:00,Brasileirao,1.251814747,35069022,Internacional v Athletico-PR,AWAY,36860494,SEL_36860494,4.3,13.59,4.9,13.62,0.6000000000000005,28.01,18.74,1.4946638207043759,85.49,150.72,103.5,94.9,False
2026-01-21T22:11:27Z,2026-01-21T17:11:27-05:00,2026-01-30 00:30 UTC,2026-01-29T19:30-05:00,Brasileirao,1.251820375,35069717,Botafogo FR v Cruzeiro MG,DRAW,58805,SEL_58805,3.35,14.18,3.65,8.98,0.2999999999999998,24.46,35.88,0.6817168338907469,33.04,75.28,103.4,95.5,False
2026-01-21T22:11:27Z,2026-01-21T17:11:27-05:00,2026-01-30 00:30 UTC,2026-01-29T19:30-05:00,Brasileirao,1.251820375,35069717,Botafogo FR v Cruzeiro MG,AWAY,10901767,SEL_10901767,2.96,9.18,3.25,31.11,0.29000000000000004,31.21,40.6,0.7687192118226601,23.14,75.28,103.4,95.5,False
2026-01-21T22:11:27Z,2026-01-21T17:11:27-05:00,2026-01-30 00:30 UTC,2026-01-29T19:30-05:00,Brasileirao,1.251820375,35069717,Botafogo FR v Cruzeiro MG,HOME,11302836,SEL_11302836,2.52,5.58,2.68,35.94,0.16000000000000014,16.48,53.089999999999996,0.31041627425127144,7.92,75.28,103.4,95.5,False
2026-01-21T22:38:28Z,2026-01-21T17:38:28-05:00,2026-01-30 00:30 UTC,2026-01-29T19:30-05:00,Brasileirao,1.251820375,35069717,Botafogo FR v Cruzeiro MG,DRAW,58805,SEL_58805,3.35,14.18,3.65,8.98,0.2999999999999998,24.46,35.910000000000004,0.6811473127262601,33.04,75.28,103.4,96.0,False
2026-01-21T22:38:28Z,2026-01-21T17:38:28-05:00,2026-01-30 00:30 UTC,2026-01-29T19:30-05:00,Brasileirao,1.251820375,35069717,Botafogo FR v Cruzeiro MG,AWAY,10901767,SEL_10901767,2.96,9.18,3.2,23.23,0.2400000000000002,31.64,35.37,0.8945433983601924,23.14,75.28,103.4,96.0,False
2026-01-21T22:38:28Z,2026-01-21T17:38:28-05:00,2026-01-30 00:30 UTC,2026-01-29T19:30-05:00,Brasileirao,1.251820375,35069717,Botafogo FR v Cruzeiro MG,HOME,11302836,SEL_11302836,2.52,5.58,2.68,35.94,0.16000000000000014,16.47,52.9,0.3113421550094518,7.92,75.28,103.4,96.0,False
2026-01-21T22:41:28Z,2026-01-21T17:41:28-05:00,2026-01-28 22:00 UTC,2026-01-28T17:00-05:00,Brasileirao,1.251814747,35069022,Internacional v Athletico-PR,HOME,198137,SEL_198137,1.99,2.35,2.14,4.46,0.15000000000000013,25.75,54.82,0.4697190806275082,26.24,150.72,103.9,94.9,False
2026-01-21T22:41:28Z,2026-01-21T17:41:28-05:00,2026-01-28 22:00 UTC,2026-01-28T17:00-05:00,Brasileirao,1.251814747,35069022,Internacional v Athletico-PR,DRAW,58805,SEL_58805,3.3,7.93,3.6,15.46,0.30000000000000027,38.16,28.68,1.3305439330543931,16.6,150.72,103.9,94.9,False
2026-01-21T22:41:28Z,2026-01-21T17:41:28-05:00,2026-01-28 22:00 UTC,2026-01-28T17:00-05:00,Brasileirao,1.251814747,35069022,Internacional v Athletico-PR,AWAY,36860494,SEL_36860494,4.3,13.59,4.9,13.62,0.6000000000000005,28.01,23.07,1.2141309059384482,85.49,150.72,103.9,94.9,False
2026-01-21T22:41:30Z,2026-01-21T17:41:30-05:00,2026-01-30 00:30 UTC,2026-01-29T19:30-05:00,Brasileirao,1.251820375,35069717,Botafogo FR v Cruzeiro MG,DRAW,58805,SEL_58805,3.35,14.18,3.6,6.69,0.25,24.46,35.96,0.6802002224694105,33.04,75.28,103.2,96.4,False
2026-01-21T22:41:30Z,2026-01-21T17:41:30-05:00,2026-01-30 00:30 UTC,2026-01-29T19:30-05:00,Brasileirao,1.251820375,35069717,Botafogo FR v Cruzeiro MG,AWAY,10901767,SEL_10901767,2.98,5.58,3.2,28.81,0.2200000000000002,21.47,35.37,0.6070115917444162,23.14,75.28,103.2,96.4,False
2026-01-21T22:41:30Z,2026-01-21T17:41:30-05:00,2026-01-30 00:30 UTC,2026-01-29T19:30-05:00,Brasileirao,1.251820375,35069717,Botafogo FR v Cruzeiro MG,HOME,11302836,SEL_11302836,2.52,5.58,2.68,30.36,0.16000000000000014,16.47,42.01,0.3920495120209474,7.92,75.28,103.2,96.4,False
2026-01-21T22:41:30Z,2026-01-21T17:41:30-05:00,2026-01-28 22:00 UTC,2026-01-28T17:00-05:00,Brasileirao,1.251814855,35069015,EC Vitoria Salvador v Remo,HOME,5336581,SEL_5336581,1.76,2.35,1.82,23.2,0.06000000000000005,18.78,44.05,0.42633371169126,61.47,74.24,102.5,96.8,False
2026-01-21T22:41:30Z,2026-01-21T17:41:30-05:00,2026-01-28 22:00 UTC,2026-01-28T17:00-05:00,Brasileirao,1.251814855,35069015,EC Vitoria Salvador v Remo,AWAY,376830,SEL_376830,5.7,4.96,6.4,10.44,0.7000000000000002,11.31,18.02,0.6276359600443951,1.74,74.24,102.5,96.8,False
2026-01-21T22:41:30Z,2026-01-21T17:41:30-05:00,2026-01-28 22:00 UTC,2026-01-28T17:00-05:00,Brasileirao,1.251814855,35069015,EC Vitoria Salvador v Remo,DRAW,58805,SEL_58805,3.55,11.5,3.8,5.58,0.25,32.72,35.88,0.9119286510590857,,74.24,102.5,96.8,False
2026-01-21T22:47:29Z,2026-01-21T17:47:29-05:00,2026-01-28 23:00 UTC,2026-01-28T18:00-05:00,Brasileirao,1.251815287,35068960,Corinthians v Bahia,HOME,198136,SEL_198136,2.14,5.58,2.62,2.87,0.48,22.88,9.28,2.4655172413793105,17.58,30.4,108.3,82.6,False
2026-01-21T22:47:29Z,2026-01-21T17:47:29-05:00,2026-01-28 23:00 UTC,2026-01-28T18:00-05:00,Brasileirao,1.251815287,35068960,Corinthians v Bahia,DRAW,58805,SEL_58805,3.2,2.35,4.4,1.76,1.2000000000000002,15.78,8.63,1.828505214368482,,30.4,108.3,82.6,False
2026-01-21T22:47:29Z,2026-01-21T17:47:29-05:00,2026-01-28 23:00 UTC,2026-01-28T18:00-05:00,Brasileirao,1.251815287,35068960,Corinthians v Bahia,AWAY,198139,SEL_198139,3.3,2.35,4.6,1.63,1.2999999999999998,15.42,8.58,1.797202797202797,8.3,30.4,108.3,82.6,False
2026-01-21T23:05:29Z,2026-01-21T18:05:29-05:00,2026-01-28 23:00 UTC,2026-01-28T18:00-05:00,Brasileirao,1.251820158,35069722,Chapecoense v Santos,DRAW,58805,SEL_58805,3.15,5.58,3.35,5.58,0.20000000000000018,39.97,21.330000000000002,1.8738865447726205,1.16,16.97,103.6,96.4,False
2026-01-21T23:05:29Z,2026-01-21T18:05:29-05:00,2026-01-28 23:00 UTC,2026-01-28T18:00-05:00,Brasileirao,1.251820158,35069722,Chapecoense v Santos,HOME,2909511,SEL_2909511,3.35,5.58,3.65,17.21,0.2999999999999998,23.73,27.64,0.8585383502170767,1.07,16.97,103.6,96.4,False
2026-01-21T23:05:29Z,2026-01-21T18:05:29-05:00,2026-01-28 23:00 UTC,2026-01-28T18:00-05:00,Brasileirao,1.251820158,35069722,Chapecoense v Santos,AWAY,198127,SEL_198127,2.38,16.98,2.56,25.74,0.18000000000000016,46.230000000000004,45.129999999999995,1.0243740305783295,12.22,16.97,103.6,96.4,False
2026-01-21T23:14:29Z,2026-01-21T18:14:29-05:00,2026-01-28 22:00 UTC,2026-01-28T17:00-05:00,Brasileirao,1.251814747,35069022,Internacional v Athletico-PR,HOME,198137,SEL_198137,1.99,2.35,2.14,13.2,0.15000000000000013,25.75,54.92,0.4688638018936635,26.24,150.71,103.5,94.9,False
2026-01-21T23:14:29Z,2026-01-21T18:14:29-05:00,2026-01-28 22:00 UTC,2026-01-28T17:00-05:00,Brasileirao,1.251814747,35069022,Internacional v Athletico-PR,DRAW,58805,SEL_58805,3.35,5.58,3.6,15.46,0.25,18.09,28.68,0.6307531380753139,16.6,150.71,103.5,94.9,False
2026-01-21T23:14:29Z,2026-01-21T18:14:29-05:00,2026-01-28 22:00 UTC,2026-01-28T17:00-05:00,Brasileirao,1.251814747,35069022,Internacional v Athletico-PR,AWAY,36860494,SEL_36860494,4.3,13.59,4.9,13.62,0.6000000000000005,28.01,18.74,1.4946638207043759,85.48,150.71,103.5,94.9,False
2026-01-21T23:14:31Z,2026-01-21T18:14:31-05:00,2026-01-28 23:00 UTC,2026-01-28T18:00-05:00,Brasileirao,1.251820158,35069722,Chapecoense v Santos,DRAW,58805,SEL_58805,3.15,5.58,3.35,5.58,0.20000000000000018,23.62,21.330000000000002,1.107360525082044,1.16,16.97,103.6,96.7,False
2026-01-21T23:14:31Z,2026-01-21T18:14:31-05:00,2026-01-28 23:00 UTC,2026-01-28T18:00-05:00,Brasileirao,1.251820158,35069722,Chapecoense v Santos,HOME,2909511,SEL_2909511,3.35,5.58,3.65,17.21,0.2999999999999998,23.73,27.64,0.8585383502170767,1.07,16.97,103.6,96.7,False
2026-01-21T23:14:31Z,2026-01-21T18:14:31-05:00,2026-01-28 23:00 UTC,2026-01-28T18:00-05:00,Brasileirao,1.251820158,35069722,Chapecoense v Santos,AWAY,198127,SEL_198127,2.38,16.98,2.54,5.58,0.16000000000000014,46.230000000000004,32.46,1.424214417744917,12.22,16.97,103.6,96.7,False
2026-01-21T23:14:31Z,2026-01-21T18:14:31-05:00,2026-01-28 23:00 UTC,2026-01-28T18:00-05:00,Brasileirao,1.251815287,35068960,Corinthians v Bahia,HOME,198136,SEL_198136,1.11,5.58,2.62,2.87,1.51,17.93,3.75,4.781333333333333,17.58,30.4,151.7,38.4,False
2026-01-21T23:14:31Z,2026-01-21T18:14:31-05:00,2026-01-28 23:00 UTC,2026-01-28T18:00-05:00,Brasileirao,1.251815287,35068960,Corinthians v Bahia,DRAW,58805,SEL_58805,3.2,2.35,950.0,3.61,946.8,8.25,4.09,2.017114914425428,,30.4,151.7,38.4,False
2026-01-21T23:14:31Z,2026-01-21T18:14:31-05:00,2026-01-28 23:00 UTC,2026-01-28T18:00-05:00,Brasileirao,1.251815287,35068960,Corinthians v Bahia,AWAY,198139,SEL_198139,3.3,2.35,980.0,1.4,976.7,8.25,1.46,5.6506849315068495,8.3,30.4,151.7,38.4,False
2026-01-21T23:14:31Z,2026-01-21T18:14:31-05:00,2026-01-28 23:00 UTC,2026-01-28T18:00-05:00,Brasileirao,1.251814963,35069005,Mirassol v Vasco Da Gama,HOME,2760854,SEL_2760854,1.78,6.81,1.84,17.69,0.06000000000000005,30.1,62.410000000000004,0.48229450408588365,74.02,212.48,103.2,98.1,False
2026-01-21T23:14:31Z,2026-01-21T18:14:31-05:00,2026-01-28 23:00 UTC,2026-01-28T18:00-05:00,Brasileirao,1.251814963,35069005,Mirassol v Vasco Da Gama,DRAW,58805,SEL_58805,3.95,10.18,4.2,3.08,0.25,25.45,31.9,0.7978056426332288,25.05,212.48,103.2,98.1,False
2026-01-21T23:14:31Z,2026-01-21T18:14:31-05:00,2026-01-28 23:00 UTC,2026-01-28T18:00-05:00,Brasileirao,1.251814963,35069005,Mirassol v Vasco Da Gama,AWAY,198124,SEL_198124,4.6,14.26,5.0,12.58,0.40000000000000036,21.6,38.02,0.5681220410310363,81.85,212.48,103.2,98.1,False
2026-01-21T23:14:31Z,2026-01-21T18:14:31-05:00,2026-01-30 00:30 UTC,2026-01-29T19:30-05:00,Brasileirao,1.251820375,35069717,Botafogo FR v Cruzeiro MG,DRAW,58805,SEL_58805,3.35,14.18,3.65,3.41,0.2999999999999998,24.46,32.22,0.7591558038485413,33.04,75.28,103.4,96.0,False
2026-01-21T23:14:31Z,2026-01-21T18:14:31-05:00,2026-01-30 00:30 UTC,2026-01-29T19:30-05:00,Brasileirao,1.251820375,35069717,Botafogo FR v Cruzeiro MG,AWAY,10901767,SEL_10901767,2.96,3.61,3.2,28.81,0.2400000000000002,21.47,35.37,0.6070115917444162,23.14,75.28,103.4,96.0,False
2026-01-21T23:14:31Z,2026-01-21T18:14:31-05:00,2026-01-30 00:30 UTC,2026-01-29T19:30-05:00,Brasileirao,1.251820375,35069717,Botafogo FR v Cruzeiro MG,HOME,11302836,SEL_11302836,2.52,5.58,2.68,30.36,0.16000000000000014,16.47,38.41,0.42879458474355636,7.92,75.28,103.4,96.0,False
2026-01-21T23:20:30Z,2026-01-21T18:20:30-05:00,2026-01-28 23:00 UTC,2026-01-28T18:00-05:00,Brasileirao,1.251814963,35069005,Mirassol v Vasco Da Gama,HOME,2760854,SEL_2760854,1.79,5.58,1.84,17.69,0.050000000000000044,19.7,45.59,0.4321123053301162,74.02,212.48,102.9,98.1,False
2026-01-21T23:20:30Z,2026-01-21T18:20:30-05:00,2026-01-28 23:00 UTC,2026-01-28T18:00-05:00,Brasileirao,1.251814963,35069005,Mirassol v Vasco Da Gama,DRAW,58805,SEL_58805,3.95,10.18,4.2,3.08,0.25,25.45,31.9,0.7978056426332288,25.05,212.48,102.9,98.1,False
2026-01-21T23:20:30Z,2026-01-21T18:20:30-05:00,2026-01-28 23:00 UTC,2026-01-28T18:00-05:00,Brasileirao,1.251814963,35069005,Mirassol v Vasco Da Gama,AWAY,198124,SEL_198124,4.6,14.26,5.0,12.58,0.40000000000000036,21.6,37.65,0.5737051792828686,81.85,212.48,102.9,98.1,False
2026-01-21T23:23:30Z,2026-01-21T18:23:30-05:00,2026-01-28 23:00 UTC,2026-01-28T18:00-05:00,Brasileirao,1.251814963,35069005,Mirassol v Vasco Da Gama,HOME,2760854,SEL_2760854,1.79,5.58,1.87,23.44,0.08000000000000007,19.7,49.18,0.4005693371289142,74.02,212.48,102.9,97.3,False
2026-01-21T23:23:30Z,2026-01-21T18:23:30-05:00,2026-01-28 23:00 UTC,2026-01-28T18:00-05:00,Brasileirao,1.251814963,35069005,Mirassol v Vasco Da Gama,DRAW,58805,SEL_58805,3.95,10.18,4.2,3.08,0.25,16.99,31.9,0.532601880877743,25.05,212.48,102.9,97.3,False
2026-01-21T23:23:30Z,2026-01-21T18:23:30-05:00,2026-01-28 23:00 UTC,2026-01-28T18:00-05:00,Brasileirao,1.251814963,35069005,Mirassol v Vasco Da Gama,AWAY,198124,SEL_198124,4.6,14.26,5.0,12.58,0.40000000000000036,24.56,37.65,0.652324037184595,81.85,212.48,102.9,97.3,False
2026-01-21T23:47:30Z,2026-01-21T18:47:30-05:00,2026-01-28 22:00 UTC,2026-01-28T17:00-05:00,Brasileirao,1.251814747,35069022,Internacional v Athletico-PR,HOME,198137,SEL_198137,1.99,2.35,2.14,4.46,0.15000000000000013,25.75,54.82,0.4697190806275082,26.24,150.71,103.9,94.9,False
2026-01-21T23:47:30Z,2026-01-21T18:47:30-05:00,2026-01-28 22:00 UTC,2026-01-28T17:00-05:00,Brasileirao,1.251814747,35069022,Internacional v Athletico-PR,DRAW,58805,SEL_58805,3.3,7.93,3.6,15.46,0.30000000000000027,38.16,28.68,1.3305439330543931,16.6,150.71,103.9,94.9,False
2026-01-21T23:47:30Z,2026-01-21T18:47:30-05:00,2026-01-28 22:00 UTC,2026-01-28T17:00-05:00,Brasileirao,1.251814747,35069022,Internacional v Athletico-PR,AWAY,36860494,SEL_36860494,4.3,13.59,4.9,13.62,0.6000000000000005,28.01,23.07,1.2141309059384482,85.48,150.71,103.9,94.9,False
2026-01-21T23:50:31Z,2026-01-21T18:50:31-05:00,2026-01-28 23:00 UTC,2026-01-28T18:00-05:00,Brasileirao,1.251820158,35069722,Chapecoense v Santos,DRAW,58805,SEL_58805,3.15,5.58,3.35,5.58,0.20000000000000018,12.65,12.61,1.0031720856463124,1.16,16.97,104.7,96.7,False
2026-01-21T23:50:31Z,2026-01-21T18:50:31-05:00,2026-01-28 23:00 UTC,2026-01-28T18:00-05:00,Brasileirao,1.251820158,35069722,Chapecoense v Santos,HOME,2909511,SEL_2909511,3.35,5.58,3.65,5.58,0.2999999999999998,15.46,10.07,1.535253227408143,1.07,16.97,104.7,96.7,False
2026-01-21T23:50:31Z,2026-01-21T18:50:31-05:00,2026-01-28 23:00 UTC,2026-01-28T18:00-05:00,Brasileirao,1.251820158,35069722,Chapecoense v Santos,AWAY,198127,SEL_198127,2.32,8.06,2.54,5.58,0.2200000000000002,14.83,14.94,0.9926372155287818,12.22,16.97,104.7,96.7,False
2026-01-21T23:53:31Z,2026-01-21T18:53:31-05:00,2026-01-28 23:00 UTC,2026-01-28T18:00-05:00,Brasileirao,1.251814963,35069005,Mirassol v Vasco Da Gama,HOME,2760854,SEL_2760854,1.79,5.58,1.87,16.58,0.08000000000000007,19.7,42.32,0.4655009451795841,85.7,226.2,102.9,97.3,False
2026-01-21T23:53:31Z,2026-01-21T18:53:31-05:00,2026-01-28 23:00 UTC,2026-01-28T18:00-05:00,Brasileirao,1.251814963,35069005,Mirassol v Vasco Da Gama,DRAW,58805,SEL_58805,3.95,10.18,4.2,3.08,0.25,16.99,31.9,0.532601880877743,25.05,226.2,102.9,97.3,False
2026-01-21T23:53:31Z,2026-01-21T18:53:31-05:00,2026-01-28 23:00 UTC,2026-01-28T18:00-05:00,Brasileirao,1.251814963,35069005,Mirassol v Vasco Da Gama,AWAY,198124,SEL_198124,4.6,14.26,5.0,12.58,0.40000000000000036,22.91,37.65,0.6084993359893759,81.85,226.2,102.9,97.3,False
2026-01-21T23:59:31Z,2026-01-21T18:59:31-05:00,2026-01-29 00:30 UTC,2026-01-28T19:30-05:00,Brasileirao,1.251815179,35068964,Sao Paulo v Flamengo,DRAW,58805,SEL_58805,3.6,17.95,3.8,12.52,0.19999999999999973,22.27,16.5,1.3496969696969696,2.86,83.77,103.4,97.7,False
2026-01-21T23:59:31Z,2026-01-21T18:59:31-05:00,2026-01-29 00:30 UTC,2026-01-28T19:30-05:00,Brasileirao,1.251815179,35068964,Sao Paulo v Flamengo,AWAY,198138,SEL_198138,2.0,11.72,2.1,3.29,0.10000000000000009,23.61,31.21,0.756488305030439,53.38,83.77,103.4,97.7,False
2026-01-21T23:59:31Z,2026-01-21T18:59:31-05:00,2026-01-29 00:30 UTC,2026-01-28T19:30-05:00,Brasileirao,1.251815179,35068964,Sao Paulo v Flamengo,HOME,198126,SEL_198126,3.9,5.58,4.2,5.58,0.30000000000000027,14.34,9.11,1.5740944017563119,15.09,83.77,103.4,97.7,False
2026-01-22T00:17:31Z,2026-01-21T19:17:31-05:00,2026-01-28 22:00 UTC,2026-01-28T17:00-05:00,Brasileirao,1.251814747,35069022,Internacional v Athletico-PR,HOME,198137,SEL_198137,1.99,2.35,2.14,13.2,0.15000000000000013,25.75,54.92,0.4688638018936635,26.24,150.78,103.5,94.9,False
2026-01-22T00:17:31Z,2026-01-21T19:17:31-05:00,2026-01-28 22:00 UTC,2026-01-28T17:00-05:00,Brasileirao,1.251814747,35069022,Internacional v Athletico-PR,DRAW,58805,SEL_58805,3.35,5.58,3.6,15.46,0.25,18.09,28.68,0.6307531380753139,16.6,150.78,103.5,94.9,False
2026-01-22T00:17:31Z,2026-01-21T19:17:31-05:00,2026-01-28 22:00 UTC,2026-01-28T17:00-05:00,Brasileirao,1.251814747,35069022,Internacional v Athletico-PR,AWAY,36860494,SEL_36860494,4.3,13.59,4.9,13.62,0.6000000000000005,28.01,18.74,1.4946638207043759,85.54,150.78,103.5,94.9,False
2026-01-22T00:17:33Z,2026-01-21T19:17:33-05:00,2026-01-28 23:00 UTC,2026-01-28T18:00-05:00,Brasileirao,1.251820158,35069722,Chapecoense v Santos,DRAW,58805,SEL_58805,3.1,2.35,950.0,3.61,946.9,53.629999999999995,4.09,13.11246943765281,1.16,16.97,155.3,36.4,False
2026-01-22T00:17:33Z,2026-01-21T19:17:33-05:00,2026-01-28 23:00 UTC,2026-01-28T18:00-05:00,Brasileirao,1.251820158,35069722,Chapecoense v Santos,HOME,2909511,SEL_2909511,3.2,2.35,980.0,1.37,976.8,12.06,1.5,8.040000000000001,1.07,16.97,155.3,36.4,False
2026-01-22T00:17:33Z,2026-01-21T19:17:33-05:00,2026-01-28 23:00 UTC,2026-01-28T18:00-05:00,Brasileirao,1.251820158,35069722,Chapecoense v Santos,AWAY,198127,SEL_198127,1.09,4.13,2.76,2.64,1.6699999999999997,261.32,4.140000000000001,63.120772946859894,12.22,16.97,155.3,36.4,False
2026-01-22T00:17:33Z,2026-01-21T19:17:33-05:00,2026-01-29 00:30 UTC,2026-01-28T19:30-05:00,Brasileirao,1.251815179,35068964,Sao Paulo v Flamengo,DRAW,58805,SEL_58805,3.65,5.58,3.8,5.58,0.1499999999999999,11.55,9.56,1.2081589958158996,2.86,83.8,107.9,91.4,False
2026-01-22T00:17:33Z,2026-01-21T19:17:33-05:00,2026-01-29 00:30 UTC,2026-01-28T19:30-05:00,Brasileirao,1.251815179,35068964,Sao Paulo v Flamengo,AWAY,198138,SEL_198138,1.82,6.31,2.1,3.29,0.28,63.730000000000004,13.83,4.608098336948663,53.4,83.8,107.9,91.4,False
2026-01-22T00:17:33Z,2026-01-21T19:17:33-05:00,2026-01-29 00:30 UTC,2026-01-28T19:30-05:00,Brasileirao,1.251815179,35068964,Sao Paulo v Flamengo,HOME,198126,SEL_198126,3.9,5.58,5.7,2.01,1.8000000000000003,17.98,4.859999999999999,3.6995884773662557,15.09,83.8,107.9,91.4,False
2026-01-22T00:23:32Z,2026-01-21T19:23:32-05:00,2026-01-28 22:30 UTC,2026-01-28T17:30-05:00,Brasileirao,1.251815395,35068958,Fluminense v Gremio,HOME,198133,SEL_198133,1.85,7.0,1.92,5.58,0.06999999999999984,11.64,14.879999999999999,0.7822580645161291,12.23,89.05,102.7,96.6,False
2026-01-22T00:23:32Z,2026-01-21T19:23:32-05:00,2026-01-28 22:30 UTC,2026-01-28T17:30-05:00,Brasileirao,1.251815395,35068958,Fluminense v Gremio,AWAY,198134,SEL_198134,4.9,2.3,5.7,4.56,0.7999999999999998,21.78,11.69,1.8631308810949532,62.3,89.05,102.7,96.6,False
2026-01-22T00:23:32Z,2026-01-21T19:23:32-05:00,2026-01-28 22:30 UTC,2026-01-28T17:30-05:00,Brasileirao,1.251815395,35068958,Fluminense v Gremio,DRAW,58805,SEL_58805,3.55,5.58,3.7,7.0,0.15000000000000036,14.870000000000001,15.43,0.9637070641607259,1.29,89.05,102.7,96.6,False
2026-01-22T00:50:33Z,2026-01-21T19:50:33-05:00,2026-01-28 22:00 UTC,2026-01-28T17:00-05:00,Brasileirao,1.251814747,35069022,Internacional v Athletico-PR,HOME,198137,SEL_198137,1.99,2.35,2.14,4.46,0.15000000000000013,25.75,54.82,0.4697190806275082,26.24,150.78,103.9,94.9,False
2026-01-22T00:50:33Z,2026-01-21T19:50:33-05:00,2026-01-28 22:00 UTC,2026-01-28T17:00-05:00,Brasileirao,1.251814747,35069022,Internacional v Athletico-PR,DRAW,58805,SEL_58805,3.3,7.93,3.6,15.46,0.30000000000000027,38.16,28.68,1.3305439330543931,16.6,150.78,103.9,94.9,False
2026-01-22T00:50:33Z,2026-01-21T19:50:33-05:00,2026-01-28 22:00 UTC,2026-01-28T17:00-05:00,Brasileirao,1.251814747,35069022,Internacional v Athletico-PR,AWAY,36860494,SEL_36860494,4.3,13.59,4.9,13.62,0.6000000000000005,28.01,23.07,1.2141309059384482,85.54,150.78,103.9,94.9,False
2026-01-22T00:50:33Z,2026-01-21T19:50:33-05:00,2026-01-28 23:00 UTC,2026-01-28T18:00-05:00,Brasileirao,1.251820158,35069722,Chapecoense v Santos,DRAW,58805,SEL_58805,3.1,2.35,950.0,3.61,946.9,53.629999999999995,4.09,13.11246943765281,1.16,16.97,155.3,36.4,False
2026-01-22T00:50:33Z,2026-01-21T19:50:33-05:00,2026-01-28 23:00 UTC,2026-01-28T18:00-05:00,Brasileirao,1.251820158,35069722,Chapecoense v Santos,HOME,2909511,SEL_2909511,3.2,2.35,980.0,1.37,976.8,12.06,1.5,8.040000000000001,1.07,16.97,155.3,36.4,False
2026-01-22T00:50:33Z,2026-01-21T19:50:33-05:00,2026-01-28 23:00 UTC,2026-01-28T18:00-05:00,Brasileirao,1.251820158,35069722,Chapecoense v Santos,AWAY,198127,SEL_198127,1.09,4.13,2.76,2.64,1.6699999999999997,460.23,4.140000000000001,111.16666666666666,12.22,16.97,155.3,36.4,False
2026-01-22T00:50:33Z,2026-01-21T19:50:33-05:00,2026-01-28 22:30 UTC,2026-01-28T17:30-05:00,Brasileirao,1.251815395,35068958,Fluminense v Gremio,HOME,198133,SEL_198133,1.85,7.0,1.92,5.58,0.06999999999999984,18.0,14.879999999999999,1.2096774193548387,12.23,89.05,102.7,97.0,False
2026-01-22T00:50:33Z,2026-01-21T19:50:33-05:00,2026-01-28 22:30 UTC,2026-01-28T17:30-05:00,Brasileirao,1.251815395,35068958,Fluminense v Gremio,AWAY,198134,SEL_198134,4.9,2.3,5.7,4.56,0.7999999999999998,7.41,7.2299999999999995,1.024896265560166,62.3,89.05,102.7,97.0,False
2026-01-22T00:50:33Z,2026-01-21T19:50:33-05:00,2026-01-28 22:30 UTC,2026-01-28T17:30-05:00,Brasileirao,1.251815395,35068958,Fluminense v Gremio,DRAW,58805,SEL_58805,3.55,5.58,3.65,3.16,0.10000000000000009,14.870000000000001,15.74,0.9447268106734436,1.29,89.05,102.7,97.0,False
2026-01-22T00:50:33Z,2026-01-21T19:50:33-05:00,2026-01-29 00:30 UTC,2026-01-28T19:30-05:00,Brasileirao,1.251815179,35068964,Sao Paulo v Flamengo,DRAW,58805,SEL_58805,3.4,2.35,950.0,3.61,946.6,10.1,4.09,2.469437652811736,2.86,83.8,133.3,63.3,False
2026-01-22T00:50:33Z,2026-01-21T19:50:33-05:00,2026-01-29 00:30 UTC,2026-01-28T19:30-05:00,Brasileirao,1.251815179,35068964,Sao Paulo v Flamengo,AWAY,198138,SEL_198138,1.82,6.31,2.1,3.29,0.28,63.730000000000004,3.7,17.224324324324325,53.4,83.8,133.3,63.3,False
2026-01-22T00:50:33Z,2026-01-21T19:50:33-05:00,2026-01-29 00:30 UTC,2026-01-28T19:30-05:00,Brasileirao,1.251815179,35068964,Sao Paulo v Flamengo,HOME,198126,SEL_198126,2.04,3.38,6.4,1.24,4.36,13.09,1.65,7.933333333333334,15.09,83.8,133.3,63.3,False
2026-01-22T01:01:48Z,2026-01-21T20:01:48-05:00,2026-01-28 22:00 UTC,2026-01-28T17:00-05:00,Brasileirao,1.251815071,35068990,Atletico MG v SE Palmeiras,DRAW,58805,SEL_58805,3.45,7.0,3.55,3.74,0.09999999999999964,24.22,26.61,0.910184141300263,4.0,10.83,102.0,97.9,False
2026-01-22T01:01:48Z,2026-01-21T20:01:48-05:00,2026-01-28 22:00 UTC,2026-01-28T17:00-05:00,Brasileirao,1.251815071,35068990,Atletico MG v SE Palmeiras,HOME,361329,SEL_361329,2.76,7.0,2.88,7.0,0.1200000000000001,29.33,30.310000000000002,0.9676674364896073,3.84,10.83,102.0,97.9,False
2026-01-22T01:01:48Z,2026-01-21T20:01:48-05:00,2026-01-28 22:00 UTC,2026-01-28T17:00-05:00,Brasileirao,1.251815071,35068990,Atletico MG v SE Palmeiras,AWAY,22498185,SEL_22498185,2.72,13.02,2.86,7.0,0.13999999999999968,23.57,20.95,1.1250596658711218,1.39,10.83,102.0,97.9,False
2026-01-22T01:01:48Z,2026-01-21T20:01:48-05:00,2026-01-28 22:00 UTC,2026-01-28T17:00-05:00,Brasileirao,1.251820266,35069721,Coritiba v Red Bull Bragantino,DRAW,58805,SEL_58805,3.2,2.35,3.55,23.36,0.34999999999999964,40.61,34.33,1.1829303815904457,,8.15,104.1,92.3,False
2026-01-22T01:01:48Z,2026-01-21T20:01:48-05:00,2026-01-28 22:00 UTC,2026-01-28T17:00-05:00,Brasileirao,1.251820266,35069721,Coritiba v Red Bull Bragantino,HOME,198141,SEL_198141,2.24,18.81,2.48,3.03,0.23999999999999977,62.83,16.06,3.9122042341220427,1.39,8.15,104.1,92.3,False
2026-01-22T01:01:48Z,2026-01-21T20:01:48-05:00,2026-01-28 22:00 UTC,2026-01-28T17:00-05:00,Brasileirao,1.251820266,35069721,Coritiba v Red Bull Bragantino,AWAY,71387076,SEL_71387076,3.55,9.14,4.2,1.78,0.6500000000000004,34.67,32.699999999999996,1.060244648318043,5.55,8.15,104.1,92.3,False
2026-01-22T01:01:48Z,2026-01-21T20:01:48-05:00,2026-01-28 22:00 UTC,2026-01-28T17:00-05:00,Brasileirao,1.251814855,35069015,EC Vitoria Salvador v Remo,HOME,5336581,SEL_5336581,1.76,2.35,1.82,23.18,0.06000000000000005,18.78,44.019999999999996,0.4266242616992277,61.47,74.2,102.5,96.8,False
2026-01-22T01:01:48Z,2026-01-21T20:01:48-05:00,2026-01-28 22:00 UTC,2026-01-28T17:00-05:00,Brasileirao,1.251814855,35069015,EC Vitoria Salvador v Remo,AWAY,376830,SEL_376830,5.7,4.95,6.4,10.44,0.7000000000000002,11.3,18.02,0.6270810210876804,1.74,74.2,102.5,96.8,False
2026-01-22T01:01:48Z,2026-01-21T20:01:48-05:00,2026-01-28 22:00 UTC,2026-01-28T17:00-05:00,Brasileirao,1.251814855,35069015,EC Vitoria Salvador v Remo,DRAW,58805,SEL_58805,3.55,11.49,3.8,5.58,0.25,32.71,35.87,0.9119040981321439,,74.2,102.5,96.8,False
2026-01-22T01:01:48Z,2026-01-21T20:01:48-05:00,2026-01-28 22:00 UTC,2026-01-28T17:00-05:00,Brasileirao,1.251814747,35069022,Internacional v Athletico-PR,HOME,198137,SEL_198137,1.99,2.35,2.14,4.46,0.15000000000000013,25.74,54.8,0.46970802919708027,26.24,150.7,103.9,94.9,False
2026-01-22T01:01:48Z,2026-01-21T20:01:48-05:00,2026-01-28 22:00 UTC,2026-01-28T17:00-05:00,Brasileirao,1.251814747,35069022,Internacional v Athletico-PR,DRAW,58805,SEL_58805,3.3,7.92,3.6,15.45,0.30000000000000027,38.129999999999995,28.669999999999998,1.3299616323683292,16.6,150.7,103.9,94.9,False
2026-01-22T01:01:48Z,2026-01-21T20:01:48-05:00,2026-01-28 22:00 UTC,2026-01-28T17:00-05:00,Brasileirao,1.251814747,35069022,Internacional v Athletico-PR,AWAY,36860494,SEL_36860494,4.3,13.58,4.9,13.62,0.6000000000000005,27.990000000000002,23.05,1.2143167028199566,85.54,150.7,103.9,94.9,False
2026-01-22T01:01:48Z,2026-01-21T20:01:48-05:00,2026-01-28 22:30 UTC,2026-01-28T17:30-05:00,Brasileirao,1.251815395,35068958,Fluminense v Gremio,HOME,198133,SEL_198133,1.85,7.0,1.92,5.58,0.06999999999999984,18.0,14.879999999999999,1.2096774193548387,12.23,89.0,102.7,97.0,False
2026-01-22T01:01:48Z,2026-01-21T20:01:48-05:00,2026-01-28 22:30 UTC,2026-01-28T17:30-05:00,Brasileirao,1.251815395,35068958,Fluminense v Gremio,AWAY,198134,SEL_198134,4.9,2.3,5.7,4.55,0.7999999999999998,7.41,7.22,1.0263157894736843,62.3,89.0,102.7,97.0,False
2026-01-22T01:01:48Z,2026-01-21T20:01:48-05:00,2026-01-28 22:30 UTC,2026-01-28T17:30-05:00,Brasileirao,1.251815395,35068958,Fluminense v Gremio,DRAW,58805,SEL_58805,3.55,5.58,3.65,3.16,0.10000000000000009,14.870000000000001,15.74,0.9447268106734436,1.29,89.0,102.7,97.0,False
2026-01-22T01:01:48Z,2026-01-21T20:01:48-05:00,2026-01-28 23:00 UTC,2026-01-28T18:00-05:00,Brasileirao,1.251820158,35069722,Chapecoense v Santos,DRAW,58805,SEL_58805,3.1,2.35,950.0,3.6,946.9,53.61,4.08,13.13970588235294,1.16,16.96,155.3,36.4,False
2026-01-22T01:01:48Z,2026-01-21T20:01:48-05:00,2026-01-28 23:00 UTC,2026-01-28T18:00-05:00,Brasileirao,1.251820158,35069722,Chapecoense v Santos,HOME,2909511,SEL_2909511,3.2,2.35,980.0,1.37,976.8,12.06,1.5,8.040000000000001,1.07,16.96,155.3,36.4,False
2026-01-22T01:01:48Z,2026-01-21T20:01:48-05:00,2026-01-28 23:00 UTC,2026-01-28T18:00-05:00,Brasileirao,1.251820158,35069722,Chapecoense v Santos,AWAY,198127,SEL_198127,1.09,4.13,2.76,2.64,1.6699999999999997,459.99,4.140000000000001,111.1086956521739,12.22,16.96,155.3,36.4,False
2026-01-22T01:01:48Z,2026-01-21T20:01:48-05:00,2026-01-28 23:00 UTC,2026-01-28T18:00-05:00,Brasileirao,1.251815287,35068960,Corinthians v Bahia,HOME,198136,SEL_198136,1.11,5.58,2.62,2.86,1.51,17.93,3.7399999999999998,4.794117647058823,17.58,30.38,151.7,38.4,False
2026-01-22T01:01:48Z,2026-01-21T20:01:48-05:00,2026-01-28 23:00 UTC,2026-01-28T18:00-05:00,Brasileirao,1.251815287,35068960,Corinthians v Bahia,DRAW,58805,SEL_58805,3.2,2.35,950.0,3.6,946.8,8.25,4.08,2.0220588235294117,,30.38,151.7,38.4,False
2026-01-22T01:01:48Z,2026-01-21T20:01:48-05:00,2026-01-28 23:00 UTC,2026-01-28T18:00-05:00,Brasileirao,1.251815287,35068960,Corinthians v Bahia,AWAY,198139,SEL_198139,3.3,2.35,980.0,1.4,976.7,8.25,1.46,5.6506849315068495,8.3,30.38,151.7,38.4,False
2026-01-22T01:01:48Z,2026-01-21T20:01:48-05:00,2026-01-28 23:00 UTC,2026-01-28T18:00-05:00,Brasileirao,1.251814963,35069005,Mirassol v Vasco Da Gama,HOME,2760854,SEL_2760854,1.79,5.58,1.87,16.58,0.08000000000000007,19.689999999999998,42.309999999999995,0.4653746159300402,85.7,226.09,102.9,97.3,False
2026-01-22T01:01:48Z,2026-01-21T20:01:48-05:00,2026-01-28 23:00 UTC,2026-01-28T18:00-05:00,Brasileirao,1.251814963,35069005,Mirassol v Vasco Da Gama,DRAW,58805,SEL_58805,3.95,10.18,4.2,3.08,0.25,16.99,31.89,0.5327688930699278,25.05,226.09,102.9,97.3,False
2026-01-22T01:01:48Z,2026-01-21T20:01:48-05:00,2026-01-28 23:00 UTC,2026-01-28T18:00-05:00,Brasileirao,1.251814963,35069005,Mirassol v Vasco Da Gama,AWAY,198124,SEL_198124,4.6,14.25,5.0,12.57,0.40000000000000036,22.89,37.63,0.6082912569758171,81.85,226.09,102.9,97.3,False
2026-01-22T01:01:48Z,2026-01-21T20:01:48-05:00,2026-01-29 00:30 UTC,2026-01-28T19:30-05:00,Brasileirao,1.251815179,35068964,Sao Paulo v Flamengo,DRAW,58805,SEL_58805,3.4,2.35,950.0,3.6,946.6,10.1,4.08,2.4754901960784315,2.86,83.76,133.3,63.3,False
2026-01-22T01:01:48Z,2026-01-21T20:01:48-05:00,2026-01-29 00:30 UTC,2026-01-28T19:30-05:00,Brasileirao,1.251815179,35068964,Sao Paulo v Flamengo,AWAY,198138,SEL_198138,1.82,6.3,2.1,3.29,0.28,63.7,3.7,17.216216216216218,53.4,83.76,133.3,63.3,False
2026-01-22T01:01:48Z,2026-01-21T20:01:48-05:00,2026-01-29 00:30 UTC,2026-01-28T19:30-05:00,Brasileirao,1.251815179,35068964,Sao Paulo v Flamengo,HOME,198126,SEL_198126,2.04,3.38,6.4,1.24,4.36,13.09,1.65,7.933333333333334,15.09,83.76,133.3,63.3,False
2026-01-22T01:01:48Z,2026-01-21T20:01:48-05:00,2026-01-30 00:30 UTC,2026-01-29T19:30-05:00,Brasileirao,1.251820375,35069717,Botafogo FR v Cruzeiro MG,DRAW,58805,SEL_58805,3.35,14.17,3.65,3.4,0.2999999999999998,24.44,32.199999999999996,0.7590062111801243,33.04,75.25,103.4,96.0,False
2026-01-22T01:01:48Z,2026-01-21T20:01:48-05:00,2026-01-30 00:30 UTC,2026-01-29T19:30-05:00,Brasileirao,1.251820375,35069717,Botafogo FR v Cruzeiro MG,AWAY,10901767,SEL_10901767,2.96,3.6,3.2,28.8,0.2400000000000002,21.46,35.36,0.6069004524886878,23.14,75.25,103.4,96.0,False
2026-01-22T01:01:48Z,2026-01-21T20:01:48-05:00,2026-01-30 00:30 UTC,2026-01-29T19:30-05:00,Brasileirao,1.251820375,35069717,Botafogo FR v Cruzeiro MG,HOME,11302836,SEL_11302836,2.52,5.58,2.68,30.34,0.16000000000000014,16.46,38.39,0.42875748892940874,7.92,75.25,103.4,96.0,False
2026-01-22T01:11:34Z,2026-01-21T20:11:34-05:00,2026-01-29 00:30 UTC,2026-01-28T19:30-05:00,Brasileirao,1.251815179,35068964,Sao Paulo v Flamengo,DRAW,58805,SEL_58805,3.4,2.35,4.9,49.27,1.5000000000000004,184.29999999999998,53.35,3.454545454545454,2.86,83.73,116.6,83.6,False
2026-01-22T01:11:34Z,2026-01-21T20:11:34-05:00,2026-01-29 00:30 UTC,2026-01-28T19:30-05:00,Brasileirao,1.251815179,35068964,Sao Paulo v Flamengo,AWAY,198138,SEL_198138,1.82,6.3,2.1,3.29,0.28,63.660000000000004,3.7,17.205405405405404,53.39,83.73,116.6,83.6,False
2026-01-22T01:11:34Z,2026-01-21T20:11:34-05:00,2026-01-29 00:30 UTC,2026-01-28T19:30-05:00,Brasileirao,1.251815179,35068964,Sao Paulo v Flamengo,HOME,198126,SEL_198126,3.1,2.23,6.4,1.24,3.3000000000000003,194.0,34.5,5.6231884057971016,15.08,83.73,116.6,83.6,False
2026-01-22T01:23:34Z,2026-01-21T20:23:34-05:00,2026-01-28 22:00 UTC,2026-01-28T17:00-05:00,Brasileirao,1.251814747,35069022,Internacional v Athletico-PR,HOME,198137,SEL_198137,1.99,2.35,2.14,13.19,0.15000000000000013,25.74,54.88,0.4690233236151603,26.24,150.64,103.5,94.9,False
2026-01-22T01:23:34Z,2026-01-21T20:23:34-05:00,2026-01-28 22:00 UTC,2026-01-28T17:00-05:00,Brasileirao,1.251814747,35069022,Internacional v Athletico-PR,DRAW,58805,SEL_58805,3.35,5.58,3.6,15.45,0.25,18.080000000000002,28.669999999999998,0.6306243460062785,16.6,150.64,103.5,94.9,False
2026-01-22T01:23:34Z,2026-01-21T20:23:34-05:00,2026-01-28 22:00 UTC,2026-01-28T17:00-05:00,Brasileirao,1.251814747,35069022,Internacional v Athletico-PR,AWAY,36860494,SEL_36860494,4.3,13.58,4.9,13.62,0.6000000000000005,27.990000000000002,18.74,1.493596584845251,85.49,150.64,103.5,94.9,False
2026-01-22T01:23:34Z,2026-01-21T20:23:34-05:00,2026-01-28 22:30 UTC,2026-01-28T17:30-05:00,Brasileirao,1.251815395,35068958,Fluminense v Gremio,HOME,198133,SEL_198133,1.85,7.0,1.92,5.58,0.06999999999999984,18.0,14.879999999999999,1.2096774193548387,12.23,88.98,102.7,97.0,False
2026-01-22T01:23:34Z,2026-01-21T20:23:34-05:00,2026-01-28 22:30 UTC,2026-01-28T17:30-05:00,Brasileirao,1.251815395,35068958,Fluminense v Gremio,AWAY,198134,SEL_198134,4.9,2.3,5.7,4.55,0.7999999999999998,7.41,7.17,1.0334728033472804,62.28,88.98,102.7,97.0,False
2026-01-22T01:23:34Z,2026-01-21T20:23:34-05:00,2026-01-28 22:30 UTC,2026-01-28T17:30-05:00,Brasileirao,1.251815395,35068958,Fluminense v Gremio,DRAW,58805,SEL_58805,3.55,5.58,3.65,3.16,0.10000000000000009,14.870000000000001,15.74,0.9447268106734436,1.29,88.98,102.7,97.0,False
2026-01-22T01:23:34Z,2026-01-21T20:23:34-05:00,2026-01-29 00:30 UTC,2026-01-28T19:30-05:00,Brasileirao,1.251815179,35068964,Sao Paulo v Flamengo,DRAW,58805,SEL_58805,3.4,2.35,4.9,49.27,1.5000000000000004,29.28,53.35,0.5488284910965323,2.86,83.73,116.6,83.6,False
2026-01-22T01:23:34Z,2026-01-21T20:23:34-05:00,2026-01-29 00:30 UTC,2026-01-28T19:30-05:00,Brasileirao,1.251815179,35068964,Sao Paulo v Flamengo,AWAY,198138,SEL_198138,1.82,6.3,2.1,3.29,0.28,63.660000000000004,3.7,17.205405405405404,53.39,83.73,116.6,83.6,False
2026-01-22T01:23:34Z,2026-01-21T20:23:34-05:00,2026-01-29 00:30 UTC,2026-01-28T19:30-05:00,Brasileirao,1.251815179,35068964,Sao Paulo v Flamengo,HOME,198126,SEL_198126,3.1,2.23,6.4,6.82,3.3000000000000003,194.0,40.08,4.840319361277445,15.08,83.73,116.6,83.6,False
2026-01-22T01:29:34Z,2026-01-21T20:29:34-05:00,2026-01-28 22:00 UTC,2026-01-28T17:00-05:00,Brasileirao,1.251814747,35069022,Internacional v Athletico-PR,HOME,198137,SEL_198137,1.99,2.35,2.14,13.19,0.15000000000000013,16.3,18.52,0.8801295896328294,26.24,150.64,103.5,94.9,False
2026-01-22T01:29:34Z,2026-01-21T20:29:34-05:00,2026-01-28 22:00 UTC,2026-01-28T17:00-05:00,Brasileirao,1.251814747,35069022,Internacional v Athletico-PR,DRAW,58805,SEL_58805,3.35,5.58,3.6,4.46,0.25,11.11,8.55,1.2994152046783625,16.6,150.64,103.5,94.9,False
2026-01-22T01:29:34Z,2026-01-21T20:29:34-05:00,2026-01-28 22:00 UTC,2026-01-28T17:00-05:00,Brasileirao,1.251814747,35069022,Internacional v Athletico-PR,AWAY,36860494,SEL_36860494,4.3,6.68,4.9,5.58,0.6000000000000005,13.530000000000001,10.14,1.334319526627219,85.49,150.64,103.5,94.9,False
2026-01-22T01:53:35Z,2026-01-21T20:53:35-05:00,2026-01-28 22:00 UTC,2026-01-28T17:00-05:00,Brasileirao,1.251814747,35069022,Internacional v Athletico-PR,HOME,198137,SEL_198137,1.99,2.35,2.14,8.73,0.15000000000000013,16.3,14.06,1.159317211948791,26.24,150.64,103.5,94.9,False
2026-01-22T01:53:35Z,2026-01-21T20:53:35-05:00,2026-01-28 22:00 UTC,2026-01-28T17:00-05:00,Brasileirao,1.251814747,35069022,Internacional v Athletico-PR,DRAW,58805,SEL_58805,3.35,5.58,3.6,4.46,0.25,19.21,8.55,2.246783625730994,16.6,150.64,103.5,94.9,False
2026-01-22T01:53:35Z,2026-01-21T20:53:35-05:00,2026-01-28 22:00 UTC,2026-01-28T17:00-05:00,Brasileirao,1.251814747,35069022,Internacional v Athletico-PR,AWAY,36860494,SEL_36860494,4.3,6.68,4.9,5.58,0.6000000000000005,21.72,10.14,2.1420118343195265,85.49,150.64,103.5,94.9,False
2026-01-22T01:56:35Z,2026-01-21T20:56:35-05:00,2026-01-28 22:00 UTC,2026-01-28T17:00-05:00,Brasileirao,1.251814747,35069022,Internacional v Athletico-PR,HOME,198137,SEL_198137,1.99,2.35,2.16,3.59,0.17000000000000015,12.09,7.279999999999999,1.6607142857142858,26.24,150.64,103.9,74.7,False
2026-01-22T01:56:35Z,2026-01-21T20:56:35-05:00,2026-01-28 22:00 UTC,2026-01-28T17:00-05:00,Brasileirao,1.251814747,35069022,Internacional v Athletico-PR,DRAW,58805,SEL_58805,3.3,2.35,3.8,1.23,0.5,21.71,6.27,3.462519936204147,16.6,150.64,103.9,74.7,False
2026-01-22T01:56:35Z,2026-01-21T20:56:35-05:00,2026-01-28 22:00 UTC,2026-01-28T17:00-05:00,Brasileirao,1.251814747,35069022,Internacional v Athletico-PR,AWAY,36860494,SEL_36860494,4.3,8.11,48.0,1.93,43.7,26.29,3.82,6.882198952879581,85.49,150.64,103.9,74.7,False
2026-01-22T02:14:36Z,2026-01-21T21:14:36-05:00,2026-01-28 22:00 UTC,2026-01-28T17:00-05:00,Brasileirao,1.251814747,35069022,Internacional v Athletico-PR,HOME,198137,SEL_198137,1.99,2.35,2.16,3.59,0.17000000000000015,28.81,42.0,0.6859523809523809,26.24,150.64,103.9,91.2,False
2026-01-22T02:14:36Z,2026-01-21T21:14:36-05:00,2026-01-28 22:00 UTC,2026-01-28T17:00-05:00,Brasileirao,1.251814747,35069022,Internacional v Athletico-PR,DRAW,58805,SEL_58805,3.3,2.35,3.7,23.18,0.40000000000000036,34.64,36.88,0.9392624728850325,16.6,150.64,103.9,91.2,False
2026-01-22T02:14:36Z,2026-01-21T21:14:36-05:00,2026-01-28 22:00 UTC,2026-01-28T17:00-05:00,Brasileirao,1.251814747,35069022,Internacional v Athletico-PR,AWAY,36860494,SEL_36860494,4.3,15.01,5.6,1.91,1.2999999999999998,42.17,31.810000000000002,1.3256837472492926,85.49,150.64,103.9,91.2,False
2026-01-22T02:14:36Z,2026-01-21T21:14:36-05:00,2026-01-28 22:30 UTC,2026-01-28T17:30-05:00,Brasileirao,1.251815395,35068958,Fluminense v Gremio,HOME,198133,SEL_198133,1.85,6.75,1.92,5.58,0.06999999999999984,11.39,14.879999999999999,0.7654569892473119,13.63,90.62,102.7,96.6,False
2026-01-22T02:14:36Z,2026-01-21T21:14:36-05:00,2026-01-28 22:30 UTC,2026-01-28T17:30-05:00,Brasileirao,1.251815395,35068958,Fluminense v Gremio,AWAY,198134,SEL_198134,4.9,2.3,5.7,4.48,0.7999999999999998,21.76,7.1000000000000005,3.064788732394366,62.28,90.62,102.7,96.6,False
2026-01-22T02:14:36Z,2026-01-21T21:14:36-05:00,2026-01-28 22:30 UTC,2026-01-28T17:30-05:00,Brasileirao,1.251815395,35068958,Fluminense v Gremio,DRAW,58805,SEL_58805,3.55,5.58,3.7,7.0,0.15000000000000036,14.870000000000001,15.43,0.9637070641607259,1.29,90.62,102.7,96.6,False
2026-01-22T02:17:36Z,2026-01-21T21:17:36-05:00,2026-01-28 22:00 UTC,2026-01-28T17:00-05:00,Brasileirao,1.251814747,35069022,Internacional v Athletico-PR,HOME,198137,SEL_198137,1.99,2.35,2.16,3.59,0.17000000000000015,28.81,42.0,0.6859523809523809,26.24,150.64,103.9,91.2,False
2026-01-22T02:17:36Z,2026-01-21T21:17:36-05:00,2026-01-28 22:00 UTC,2026-01-28T17:00-05:00,Brasileirao,1.251814747,35069022,Internacional v Athletico-PR,DRAW,58805,SEL_58805,3.3,2.35,3.7,23.18,0.40000000000000036,34.64,36.88,0.9392624728850325,16.6,150.64,103.9,91.2,False
2026-01-22T02:17:36Z,2026-01-21T21:17:36-05:00,2026-01-28 22:00 UTC,2026-01-28T17:00-05:00,Brasileirao,1.251814747,35069022,Internacional v Athletico-PR,AWAY,36860494,SEL_36860494,4.3,13.58,5.6,1.91,1.2999999999999998,40.74,31.810000000000002,1.2807293303992455,85.49,150.64,103.9,91.2,False
2026-01-22T02:20:36Z,2026-01-21T21:20:36-05:00,2026-01-28 22:00 UTC,2026-01-28T17:00-05:00,Brasileirao,1.251815071,35068990,Atletico MG v SE Palmeiras,DRAW,58805,SEL_58805,3.45,7.0,3.55,3.74,0.09999999999999964,17.2,14.47,1.1886662059433308,4.0,10.85,102.0,97.9,False
2026-01-22T02:20:36Z,2026-01-21T21:20:36-05:00,2026-01-28 22:00 UTC,2026-01-28T17:00-05:00,Brasileirao,1.251815071,35068990,Atletico MG v SE Palmeiras,HOME,361329,SEL_361329,2.76,7.0,2.88,7.0,0.1200000000000001,18.66,14.76,1.2642276422764227,3.85,10.85,102.0,97.9,False
2026-01-22T02:20:36Z,2026-01-21T21:20:36-05:00,2026-01-28 22:00 UTC,2026-01-28T17:00-05:00,Brasileirao,1.251815071,35068990,Atletico MG v SE Palmeiras,AWAY,22498185,SEL_22498185,2.72,2.35,2.86,7.0,0.13999999999999968,12.9,20.95,0.6157517899761337,1.39,10.85,102.0,97.9,False
2026-01-22T02:26:36Z,2026-01-21T21:26:36-05:00,2026-01-28 22:00 UTC,2026-01-28T17:00-05:00,Brasileirao,1.251814747,35069022,Internacional v Athletico-PR,HOME,198137,SEL_198137,1.99,2.35,2.16,12.1,0.17000000000000015,28.29,31.349999999999998,0.9023923444976076,26.24,150.64,103.9,94.1,False
2026-01-22T02:26:36Z,2026-01-21T21:26:36-05:00,2026-01-28 22:00 UTC,2026-01-28T17:00-05:00,Brasileirao,1.251814747,35069022,Internacional v Athletico-PR,DRAW,58805,SEL_58805,3.3,7.92,3.6,21.38,0.30000000000000027,21.97,27.07,0.8115995567048393,16.6,150.64,103.9,94.1,False
2026-01-22T02:26:36Z,2026-01-21T21:26:36-05:00,2026-01-28 22:00 UTC,2026-01-28T17:00-05:00,Brasileirao,1.251814747,35069022,Internacional v Athletico-PR,AWAY,36860494,SEL_36860494,4.3,13.58,5.0,23.48,0.7000000000000002,37.25,28.31,1.3157894736842106,85.49,150.64,103.9,94.1,False
2026-01-22T02:26:36Z,2026-01-21T21:26:36-05:00,2026-01-28 22:00 UTC,2026-01-28T17:00-05:00,Brasileirao,1.251820266,35069721,Coritiba v Red Bull Bragantino,DRAW,58805,SEL_58805,3.2,2.35,3.5,23.18,0.2999999999999998,38.28,27.42,1.3960612691466083,3.36,54.42,104.5,93.9,False
2026-01-22T02:26:36Z,2026-01-21T21:26:36-05:00,2026-01-28 22:00 UTC,2026-01-28T17:00-05:00,Brasileirao,1.251820266,35069721,Coritiba v Red Bull Bragantino,HOME,198141,SEL_198141,2.24,19.13,2.5,3.01,0.2599999999999998,58.69,27.83,2.108875314408911,1.39,54.42,104.5,93.9,False
2026-01-22T02:26:36Z,2026-01-21T21:26:36-05:00,2026-01-28 22:00 UTC,2026-01-28T17:00-05:00,Brasileirao,1.251820266,35069721,Coritiba v Red Bull Bragantino,AWAY,71387076,SEL_71387076,3.5,2.35,3.95,23.57,0.4500000000000002,36.81,33.07,1.1130934381614757,41.61,54.42,104.5,93.9,False
2026-01-22T02:26:36Z,2026-01-21T21:26:36-05:00,2026-01-28 22:00 UTC,2026-01-28T17:00-05:00,Brasileirao,1.251815071,35068990,Atletico MG v SE Palmeiras,DRAW,58805,SEL_58805,3.45,7.0,3.55,3.74,0.09999999999999964,17.2,9.040000000000001,1.9026548672566368,4.0,10.85,102.0,97.9,False
2026-01-22T02:26:36Z,2026-01-21T21:26:36-05:00,2026-01-28 22:00 UTC,2026-01-28T17:00-05:00,Brasileirao,1.251815071,35068990,Atletico MG v SE Palmeiras,HOME,361329,SEL_361329,2.76,7.0,2.88,7.0,0.1200000000000001,18.66,14.76,1.2642276422764227,3.85,10.85,102.0,97.9,False
2026-01-22T02:26:36Z,2026-01-21T21:26:36-05:00,2026-01-28 22:00 UTC,2026-01-28T17:00-05:00,Brasileirao,1.251815071,35068990,Atletico MG v SE Palmeiras,AWAY,22498185,SEL_22498185,2.72,2.35,2.86,7.0,0.13999999999999968,11.709999999999999,20.95,0.5589498806682577,1.39,10.85,102.0,97.9,False
2026-01-22T02:26:36Z,2026-01-21T21:26:36-05:00,2026-01-28 22:30 UTC,2026-01-28T17:30-05:00,Brasileirao,1.251815395,35068958,Fluminense v Gremio,HOME,198133,SEL_198133,1.85,6.75,1.92,5.58,0.06999999999999984,11.39,14.879999999999999,0.7654569892473119,13.63,90.62,102.7,96.6,False
2026-01-22T02:26:36Z,2026-01-21T21:26:36-05:00,2026-01-28 22:30 UTC,2026-01-28T17:30-05:00,Brasileirao,1.251815395,35068958,Fluminense v Gremio,AWAY,198134,SEL_198134,4.9,2.3,5.7,4.48,0.7999999999999998,21.76,7.15,3.0433566433566432,62.28,90.62,102.7,96.6,False
2026-01-22T02:26:36Z,2026-01-21T21:26:36-05:00,2026-01-28 22:30 UTC,2026-01-28T17:30-05:00,Brasileirao,1.251815395,35068958,Fluminense v Gremio,DRAW,58805,SEL_58805,3.55,5.58,3.7,7.0,0.15000000000000036,14.870000000000001,15.43,0.9637070641607259,1.29,90.62,102.7,96.6,False
2026-01-22T02:26:36Z,2026-01-21T21:26:36-05:00,2026-01-29 00:30 UTC,2026-01-28T19:30-05:00,Brasileirao,1.251815179,35068964,Sao Paulo v Flamengo,DRAW,58805,SEL_58805,3.4,2.35,4.8,5.58,1.4,29.28,58.48,0.5006839945280438,2.86,83.74,116.0,84.0,False
2026-01-22T02:26:36Z,2026-01-21T21:26:36-05:00,2026-01-29 00:30 UTC,2026-01-28T19:30-05:00,Brasileirao,1.251815179,35068964,Sao Paulo v Flamengo,AWAY,198138,SEL_198138,1.82,6.3,2.1,3.29,0.28,63.64,3.7,17.2,53.39,83.74,116.0,84.0,False
2026-01-22T02:26:36Z,2026-01-21T21:26:36-05:00,2026-01-29 00:30 UTC,2026-01-28T19:30-05:00,Brasileirao,1.251815179,35068964,Sao Paulo v Flamengo,HOME,198126,SEL_198126,3.15,2.2,6.4,6.82,3.2500000000000004,22.13,40.099999999999994,0.5518703241895262,15.09,83.74,116.0,84.0,False
2026-01-22T02:29:36Z,2026-01-21T21:29:36-05:00,2026-01-28 22:00 UTC,2026-01-28T17:00-05:00,Brasileirao,1.251820266,35069721,Coritiba v Red Bull Bragantino,DRAW,58805,SEL_58805,3.2,2.35,3.5,23.18,0.2999999999999998,38.7,33.91,1.1412562665880273,3.36,54.42,104.5,93.9,False
2026-01-22T02:29:36Z,2026-01-21T21:29:36-05:00,2026-01-28 22:00 UTC,2026-01-28T17:00-05:00,Brasileirao,1.251820266,35069721,Coritiba v Red Bull Bragantino,HOME,198141,SEL_198141,2.24,18.81,2.5,3.01,0.2599999999999998,58.72,38.84,1.5118434603501543,1.39,54.42,104.5,93.9,False
2026-01-22T02:29:36Z,2026-01-21T21:29:36-05:00,2026-01-28 22:00 UTC,2026-01-28T17:00-05:00,Brasileirao,1.251820266,35069721,Coritiba v Red Bull Bragantino,AWAY,71387076,SEL_71387076,3.5,2.35,3.95,23.36,0.4500000000000002,34.61,32.83,1.0542187024063356,41.61,54.42,104.5,93.9,False
2026-01-22T02:44:36Z,2026-01-21T21:44:36-05:00,2026-01-28 22:00 UTC,2026-01-28T17:00-05:00,Brasileirao,1.251814747,35069022,Internacional v Athletico-PR,HOME,198137,SEL_198137,1.99,2.35,2.16,12.1,0.17000000000000015,16.87,18.3,0.9218579234972678,26.24,150.64,103.9,91.6,False
2026-01-22T02:44:36Z,2026-01-21T21:44:36-05:00,2026-01-28 22:00 UTC,2026-01-28T17:00-05:00,Brasileirao,1.251814747,35069022,Internacional v Athletico-PR,DRAW,58805,SEL_58805,3.3,7.92,3.65,4.46,0.3500000000000001,23.68,8.39,2.8224076281287243,16.6,150.64,103.9,91.6,False
2026-01-22T02:44:36Z,2026-01-21T21:44:36-05:00,2026-01-28 22:00 UTC,2026-01-28T17:00-05:00,Brasileirao,1.251814747,35069022,Internacional v Athletico-PR,AWAY,36860494,SEL_36860494,4.3,6.68,5.6,8.87,1.2999999999999998,13.82,10.299999999999999,1.3417475728155341,85.49,150.64,103.9,91.6,False
2026-01-22T02:50:37Z,2026-01-21T21:50:37-05:00,2026-01-28 22:00 UTC,2026-01-28T17:00-05:00,Brasileirao,1.251814747,35069022,Internacional v Athletico-PR,HOME,198137,SEL_198137,1.99,2.35,2.16,12.1,0.17000000000000015,16.87,18.3,0.9218579234972678,26.24,150.64,103.9,91.6,False
2026-01-22T02:50:37Z,2026-01-21T21:50:37-05:00,2026-01-28 22:00 UTC,2026-01-28T17:00-05:00,Brasileirao,1.251814747,35069022,Internacional v Athletico-PR,DRAW,58805,SEL_58805,3.3,7.92,3.65,4.46,0.3500000000000001,23.68,8.39,2.8224076281287243,16.6,150.64,103.9,91.6,False
2026-01-22T02:50:37Z,2026-01-21T21:50:37-05:00,2026-01-28 22:00 UTC,2026-01-28T17:00-05:00,Brasileirao,1.251814747,35069022,Internacional v Athletico-PR,AWAY,36860494,SEL_36860494,4.3,6.68,5.6,8.42,1.2999999999999998,13.82,10.31,1.3404461687681861,85.49,150.64,103.9,91.6,False
2026-01-22T02:58:01Z,2026-01-21T21:58:01-05:00,2026-01-28 22:00 UTC,2026-01-28T17:00-05:00,Brasileirao,1.251815071,35068990,Atletico MG v SE Palmeiras,DRAW,58805,SEL_58805,3.45,7.0,3.55,3.75,0.09999999999999964,17.21,9.06,1.8995584988962473,4.0,10.86,102.0,97.9,False
2026-01-22T02:58:01Z,2026-01-21T21:58:01-05:00,2026-01-28 22:00 UTC,2026-01-28T17:00-05:00,Brasileirao,1.251815071,35068990,Atletico MG v SE Palmeiras,HOME,361329,SEL_361329,2.76,7.0,2.88,7.0,0.1200000000000001,18.68,14.77,1.2647257955314828,3.85,10.86,102.0,97.9,False
2026-01-22T02:58:01Z,2026-01-21T21:58:01-05:00,2026-01-28 22:00 UTC,2026-01-28T17:00-05:00,Brasileirao,1.251815071,35068990,Atletico MG v SE Palmeiras,AWAY,22498185,SEL_22498185,2.72,2.35,2.86,7.0,0.13999999999999968,11.709999999999999,20.96,0.5586832061068702,1.39,10.86,102.0,97.9,False
2026-01-22T02:58:01Z,2026-01-21T21:58:01-05:00,2026-01-28 22:00 UTC,2026-01-28T17:00-05:00,Brasileirao,1.251820266,35069721,Coritiba v Red Bull Bragantino,DRAW,58805,SEL_58805,3.2,2.35,3.5,23.21,0.2999999999999998,38.74,33.95,1.1410898379970544,3.36,54.47,104.5,93.9,False
2026-01-22T02:58:01Z,2026-01-21T21:58:01-05:00,2026-01-28 22:00 UTC,2026-01-28T17:00-05:00,Brasileirao,1.251820266,35069721,Coritiba v Red Bull Bragantino,HOME,198141,SEL_198141,2.24,18.82,2.5,3.01,0.2599999999999998,58.77,38.89,1.5111853947030085,1.39,54.47,104.5,93.9,False
2026-01-22T02:58:01Z,2026-01-21T21:58:01-05:00,2026-01-28 22:00 UTC,2026-01-28T17:00-05:00,Brasileirao,1.251820266,35069721,Coritiba v Red Bull Bragantino,AWAY,71387076,SEL_71387076,3.5,2.35,3.95,23.38,0.4500000000000002,34.64,32.87,1.053848494067539,41.61,54.47,104.5,93.9,False
2026-01-22T02:58:01Z,2026-01-21T21:58:01-05:00,2026-01-28 22:00 UTC,2026-01-28T17:00-05:00,Brasileirao,1.251814855,35069015,EC Vitoria Salvador v Remo,HOME,5336581,SEL_5336581,1.76,2.35,1.82,23.21,0.06000000000000005,18.79,44.07,0.4263671431813025,61.47,74.27,102.5,96.8,False
2026-01-22T02:58:01Z,2026-01-21T21:58:01-05:00,2026-01-28 22:00 UTC,2026-01-28T17:00-05:00,Brasileirao,1.251814855,35069015,EC Vitoria Salvador v Remo,AWAY,376830,SEL_376830,5.7,4.96,6.4,10.45,0.7000000000000002,11.32,18.03,0.6278424847476428,1.74,74.27,102.5,96.8,False
2026-01-22T02:58:01Z,2026-01-21T21:58:01-05:00,2026-01-28 22:00 UTC,2026-01-28T17:00-05:00,Brasileirao,1.251814855,35069015,EC Vitoria Salvador v Remo,DRAW,58805,SEL_58805,3.55,11.5,3.8,5.58,0.25,32.730000000000004,35.89,0.9119531903037059,,74.27,102.5,96.8,False
2026-01-22T02:58:01Z,2026-01-21T21:58:01-05:00,2026-01-28 22:00 UTC,2026-01-28T17:00-05:00,Brasileirao,1.251814747,35069022,Internacional v Athletico-PR,HOME,198137,SEL_198137,1.99,2.35,2.16,12.11,0.17000000000000015,16.88,18.32,0.9213973799126637,26.24,150.79,103.9,91.6,False
2026-01-22T02:58:01Z,2026-01-21T21:58:01-05:00,2026-01-28 22:00 UTC,2026-01-28T17:00-05:00,Brasileirao,1.251814747,35069022,Internacional v Athletico-PR,DRAW,58805,SEL_58805,3.3,7.93,3.65,4.47,0.3500000000000001,23.71,8.4,2.822619047619048,16.6,150.79,103.9,91.6,False
2026-01-22T02:58:01Z,2026-01-21T21:58:01-05:00,2026-01-28 22:00 UTC,2026-01-28T17:00-05:00,Brasileirao,1.251814747,35069022,Internacional v Athletico-PR,AWAY,36860494,SEL_36860494,4.3,6.69,5.6,8.42,1.2999999999999998,13.83,10.31,1.3414161008729388,85.49,150.79,103.9,91.6,False
2026-01-22T02:58:01Z,2026-01-21T21:58:01-05:00,2026-01-28 22:30 UTC,2026-01-28T17:30-05:00,Brasileirao,1.251815395,35068958,Fluminense v Gremio,HOME,198133,SEL_198133,1.85,6.76,1.92,5.58,0.06999999999999984,11.4,14.879999999999999,0.7661290322580646,13.63,90.71,102.7,96.6,False
2026-01-22T02:58:01Z,2026-01-21T21:58:01-05:00,2026-01-28 22:30 UTC,2026-01-28T17:30-05:00,Brasileirao,1.251815395,35068958,Fluminense v Gremio,AWAY,198134,SEL_198134,4.9,2.3,5.7,4.49,0.7999999999999998,21.78,7.16,3.041899441340782,62.28,90.71,102.7,96.6,False
2026-01-22T02:58:01Z,2026-01-21T21:58:01-05:00,2026-01-28 22:30 UTC,2026-01-28T17:30-05:00,Brasileirao,1.251815395,35068958,Fluminense v Gremio,DRAW,58805,SEL_58805,3.55,5.58,3.7,7.0,0.15000000000000036,14.870000000000001,15.44,0.9630829015544042,1.29,90.71,102.7,96.6,False
2026-01-22T02:58:01Z,2026-01-21T21:58:01-05:00,2026-01-28 23:00 UTC,2026-01-28T18:00-05:00,Brasileirao,1.251820158,35069722,Chapecoense v Santos,DRAW,58805,SEL_58805,3.1,2.35,950.0,3.61,946.9,53.67,4.09,13.122249388753056,1.16,16.98,155.3,36.4,False
2026-01-22T02:58:01Z,2026-01-21T21:58:01-05:00,2026-01-28 23:00 UTC,2026-01-28T18:00-05:00,Brasileirao,1.251820158,35069722,Chapecoense v Santos,HOME,2909511,SEL_2909511,3.2,2.35,980.0,1.37,976.8,12.07,1.5,8.046666666666667,1.07,16.98,155.3,36.4,False
2026-01-22T02:58:01Z,2026-01-21T21:58:01-05:00,2026-01-28 23:00 UTC,2026-01-28T18:00-05:00,Brasileirao,1.251820158,35069722,Chapecoense v Santos,AWAY,198127,SEL_198127,1.09,4.14,2.76,2.64,1.6699999999999997,460.44,4.140000000000001,111.21739130434781,12.22,16.98,155.3,36.4,False
2026-01-22T02:58:01Z,2026-01-21T21:58:01-05:00,2026-01-28 23:00 UTC,2026-01-28T18:00-05:00,Brasileirao,1.251815287,35068960,Corinthians v Bahia,HOME,198136,SEL_198136,1.11,5.58,2.62,2.87,1.51,17.95,3.75,4.786666666666666,17.58,30.41,151.7,38.4,False
2026-01-22T02:58:01Z,2026-01-21T21:58:01-05:00,2026-01-28 23:00 UTC,2026-01-28T18:00-05:00,Brasileirao,1.251815287,35068960,Corinthians v Bahia,DRAW,58805,SEL_58805,3.2,2.35,950.0,3.61,946.8,8.26,4.09,2.019559902200489,,30.41,151.7,38.4,False
2026-01-22T02:58:01Z,2026-01-21T21:58:01-05:00,2026-01-28 23:00 UTC,2026-01-28T18:00-05:00,Brasileirao,1.251815287,35068960,Corinthians v Bahia,AWAY,198139,SEL_198139,3.3,2.35,980.0,1.4,976.7,8.26,1.46,5.657534246575342,8.3,30.41,151.7,38.4,False
2026-01-22T02:58:01Z,2026-01-21T21:58:01-05:00,2026-01-28 23:00 UTC,2026-01-28T18:00-05:00,Brasileirao,1.251814963,35069005,Mirassol v Vasco Da Gama,HOME,2760854,SEL_2760854,1.79,5.58,1.87,16.59,0.08000000000000007,19.71,42.35,0.4654073199527745,85.7,226.31,102.9,97.3,False
2026-01-22T02:58:01Z,2026-01-21T21:58:01-05:00,2026-01-28 23:00 UTC,2026-01-28T18:00-05:00,Brasileirao,1.251814963,35069005,Mirassol v Vasco Da Gama,DRAW,58805,SEL_58805,3.95,10.19,4.2,3.08,0.25,17.009999999999998,31.91,0.5330617361328737,25.05,226.31,102.9,97.3,False
2026-01-22T02:58:01Z,2026-01-21T21:58:01-05:00,2026-01-28 23:00 UTC,2026-01-28T18:00-05:00,Brasileirao,1.251814963,35069005,Mirassol v Vasco Da Gama,AWAY,198124,SEL_198124,4.6,14.26,5.0,12.58,0.40000000000000036,22.91,37.66,0.6083377588953798,81.85,226.31,102.9,97.3,False
2026-01-22T02:58:01Z,2026-01-21T21:58:01-05:00,2026-01-29 00:30 UTC,2026-01-28T19:30-05:00,Brasileirao,1.251815179,35068964,Sao Paulo v Flamengo,DRAW,58805,SEL_58805,3.4,2.35,4.8,5.58,1.4,29.310000000000002,58.54,0.5006832934745473,2.86,83.83,116.0,84.0,False
2026-01-22T02:58:01Z,2026-01-21T21:58:01-05:00,2026-01-29 00:30 UTC,2026-01-28T19:30-05:00,Brasileirao,1.251815179,35068964,Sao Paulo v Flamengo,AWAY,198138,SEL_198138,1.82,6.31,2.1,3.29,0.28,63.7,3.7,17.216216216216218,53.39,83.83,116.0,84.0,False
2026-01-22T02:58:01Z,2026-01-21T21:58:01-05:00,2026-01-29 00:30 UTC,2026-01-28T19:30-05:00,Brasileirao,1.251815179,35068964,Sao Paulo v Flamengo,HOME,198126,SEL_198126,3.15,2.2,6.4,6.83,3.2500000000000004,22.14,40.14,0.5515695067264574,15.09,83.83,116.0,84.0,False
2026-01-22T02:58:01Z,2026-01-21T21:58:01-05:00,2026-01-30 00:30 UTC,2026-01-29T19:30-05:00,Brasileirao,1.251820375,35069717,Botafogo FR v Cruzeiro MG,DRAW,58805,SEL_58805,3.35,14.18,3.65,3.41,0.2999999999999998,24.46,32.23,0.7589202606267453,33.04,75.32,103.4,96.0,False
2026-01-22T02:58:01Z,2026-01-21T21:58:01-05:00,2026-01-30 00:30 UTC,2026-01-29T19:30-05:00,Brasileirao,1.251820375,35069717,Botafogo FR v Cruzeiro MG,AWAY,10901767,SEL_10901767,2.96,3.61,3.2,28.82,0.2400000000000002,21.48,35.39,0.6069511161345013,23.14,75.32,103.4,96.0,False
2026-01-22T02:58:01Z,2026-01-21T21:58:01-05:00,2026-01-30 00:30 UTC,2026-01-29T19:30-05:00,Brasileirao,1.251820375,35069717,Botafogo FR v Cruzeiro MG,HOME,11302836,SEL_11302836,2.52,5.58,2.68,30.37,0.16000000000000014,16.47,38.42,0.428682977615825,7.92,75.32,103.4,96.0,False
2026-01-22T02:58:23Z,2026-01-21T21:58:23-05:00,2026-01-29 00:30 UTC,2026-01-28T19:30-05:00,Brasileirao,1.251815179,35068964,Sao Paulo v Flamengo,DRAW,58805,SEL_58805,3.4,2.35,4.8,5.58,1.4,29.310000000000002,58.54,0.5006832934745473,2.86,83.83,116.0,84.0,False
2026-01-22T02:58:23Z,2026-01-21T21:58:23-05:00,2026-01-29 00:30 UTC,2026-01-28T19:30-05:00,Brasileirao,1.251815179,35068964,Sao Paulo v Flamengo,AWAY,198138,SEL_198138,1.82,6.31,2.1,3.29,0.28,63.7,3.7,17.216216216216218,53.39,83.83,116.0,84.0,False
2026-01-22T02:58:23Z,2026-01-21T21:58:23-05:00,2026-01-29 00:30 UTC,2026-01-28T19:30-05:00,Brasileirao,1.251815179,35068964,Sao Paulo v Flamengo,HOME,198126,SEL_198126,3.15,2.2,6.4,6.83,3.2500000000000004,22.14,40.14,0.5515695067264574,15.09,83.83,116.0,84.0,False
2026-01-22T03:01:23Z,2026-01-21T22:01:23-05:00,2026-01-28 22:00 UTC,2026-01-28T17:00-05:00,Brasileirao,1.251814747,35069022,Internacional v Athletico-PR,HOME,198137,SEL_198137,1.99,2.35,2.14,12.67,0.15000000000000013,12.09,17.82,0.6784511784511784,26.24,150.79,103.5,75.1,False
2026-01-22T03:01:23Z,2026-01-21T22:01:23-05:00,2026-01-28 22:00 UTC,2026-01-28T17:00-05:00,Brasileirao,1.251814747,35069022,Internacional v Athletico-PR,DRAW,58805,SEL_58805,3.35,8.08,3.8,1.23,0.44999999999999973,14.59,6.29,2.3195548489666136,16.6,150.79,103.5,75.1,False
2026-01-22T03:01:23Z,2026-01-21T22:01:23-05:00,2026-01-28 22:00 UTC,2026-01-28T17:00-05:00,Brasileirao,1.251814747,35069022,Internacional v Athletico-PR,AWAY,36860494,SEL_36860494,4.3,8.01,48.0,1.94,43.7,26.2,3.83,6.8407310704960835,85.49,150.79,103.5,75.1,False
2026-01-22T03:31:23Z,2026-01-21T22:31:23-05:00,2026-01-28 22:00 UTC,2026-01-28T17:00-05:00,Brasileirao,1.251814747,35069022,Internacional v Athletico-PR,HOME,198137,SEL_198137,1.99,2.35,48.0,1.74,46.01,12.09,3.69,3.2764227642276422,26.24,150.82,171.9,4.3,False
2026-01-22T03:31:23Z,2026-01-21T22:31:23-05:00,2026-01-28 22:00 UTC,2026-01-28T17:00-05:00,Brasileirao,1.251814747,35069022,Internacional v Athletico-PR,DRAW,58805,SEL_58805,3.35,8.08,950.0,3.61,946.65,14.59,5.06,2.883399209486166,16.6,150.82,171.9,4.3,False
2026-01-22T03:31:23Z,2026-01-21T22:31:23-05:00,2026-01-28 22:00 UTC,2026-01-28T17:00-05:00,Brasileirao,1.251814747,35069022,Internacional v Athletico-PR,AWAY,36860494,SEL_36860494,1.09,5.26,48.0,1.94,46.91,256.71,3.83,67.0261096605744,85.52,150.82,171.9,4.3,False
2026-01-22T03:34:24Z,2026-01-21T22:34:24-05:00,2026-01-28 22:00 UTC,2026-01-28T17:00-05:00,Brasileirao,1.251814747,35069022,Internacional v Athletico-PR,HOME,198137,SEL_198137,1.99,2.35,2.22,2.44,0.2300000000000002,12.09,15.66,0.7720306513409961,26.24,150.82,105.0,72.4,False
2026-01-22T03:34:24Z,2026-01-21T22:34:24-05:00,2026-01-28 22:00 UTC,2026-01-28T17:00-05:00,Brasileirao,1.251814747,35069022,Internacional v Athletico-PR,DRAW,58805,SEL_58805,3.3,2.35,3.95,1.19,0.6500000000000004,14.52,6.25,2.3232,16.6,150.82,105.0,72.4,False
2026-01-22T03:34:24Z,2026-01-21T22:34:24-05:00,2026-01-28 22:00 UTC,2026-01-28T17:00-05:00,Brasileirao,1.251814747,35069022,Internacional v Athletico-PR,AWAY,36860494,SEL_36860494,4.1,1.32,48.0,1.93,43.9,12.17,3.82,3.18586387434555,85.52,150.82,105.0,72.4,False
2026-01-23T15:34:50Z,2026-01-23T10:34:50-05:00,2026-01-28 22:00 UTC,2026-01-28T17:00-05:00,Brasileirao,1.251815071,35068990,Atletico MG v SE Palmeiras,DRAW,58805,SEL_58805,3.45,5.62,3.55,6.57,0.09999999999999964,17.7,29.57,0.5985796415285762,8.94,54.88,102.1,98.4,False
2026-01-23T15:34:50Z,2026-01-23T10:34:50-05:00,2026-01-28 22:00 UTC,2026-01-28T17:00-05:00,Brasileirao,1.251815071,35068990,Atletico MG v SE Palmeiras,HOME,361329,SEL_361329,2.94,7.93,3.1,5.62,0.16000000000000014,46.25,36.68,1.2609051254089423,9.79,54.88,102.1,98.4,False
2026-01-23T15:34:50Z,2026-01-23T10:34:50-05:00,2026-01-28 22:00 UTC,2026-01-28T17:00-05:00,Brasileirao,1.251815071,35068990,Atletico MG v SE Palmeiras,AWAY,22498185,SEL_22498185,2.56,4.49,2.64,12.35,0.08000000000000007,39.31,40.54,0.9696595954612729,27.69,54.88,102.1,98.4,False
2026-01-23T15:34:50Z,2026-01-23T10:34:50-05:00,2026-01-28 22:00 UTC,2026-01-28T17:00-05:00,Brasileirao,1.251820266,35069721,Coritiba v Red Bull Bragantino,DRAW,58805,SEL_58805,3.2,2.36,3.4,89.71,0.19999999999999973,123.38,176.10999999999999,0.7005848617341435,3.36,54.73,103.0,95.0,False
2026-01-23T15:34:50Z,2026-01-23T10:34:50-05:00,2026-01-28 22:00 UTC,2026-01-28T17:00-05:00,Brasileirao,1.251820266,35069721,Coritiba v Red Bull Bragantino,HOME,198141,SEL_198141,2.32,156.79,2.5,3.03,0.18000000000000016,325.48,214.70000000000002,1.5159757801583604,1.39,54.73,103.0,95.0,False
2026-01-23T15:34:50Z,2026-01-23T10:34:50-05:00,2026-01-28 22:00 UTC,2026-01-28T17:00-05:00,Brasileirao,1.251820266,35069721,Coritiba v Red Bull Bragantino,AWAY,71387076,SEL_71387076,3.5,2.36,3.9,1.94,0.3999999999999999,185.41,86.85,2.1348301669545195,41.55,54.73,103.0,95.0,False
2026-01-23T15:34:50Z,2026-01-23T10:34:50-05:00,2026-01-28 22:00 UTC,2026-01-28T17:00-05:00,Brasileirao,1.251814855,35069015,EC Vitoria Salvador v Remo,HOME,5336581,SEL_5336581,1.76,2.36,1.81,68.67,0.050000000000000044,18.88,137.38,0.1374290289707381,61.21,74.42,102.2,96.8,False
2026-01-23T15:34:50Z,2026-01-23T10:34:50-05:00,2026-01-28 22:00 UTC,2026-01-28T17:00-05:00,Brasileirao,1.251814855,35069015,EC Vitoria Salvador v Remo,AWAY,376830,SEL_376830,5.8,20.01,6.4,20.56,0.6000000000000005,29.71,28.189999999999998,1.0539198297268537,1.74,74.42,102.2,96.8,False
2026-01-23T15:34:50Z,2026-01-23T10:34:50-05:00,2026-01-28 22:00 UTC,2026-01-28T17:00-05:00,Brasileirao,1.251814855,35069015,EC Vitoria Salvador v Remo,DRAW,58805,SEL_58805,3.55,42.25,3.85,5.62,0.30000000000000027,80.99000000000001,47.26,1.7137113838341094,,74.42,102.2,96.8,False
2026-01-23T15:34:50Z,2026-01-23T10:34:50-05:00,2026-01-28 22:00 UTC,2026-01-28T17:00-05:00,Brasileirao,1.251814747,35069022,Internacional v Athletico-PR,HOME,198137,SEL_198137,1.99,2.36,2.16,12.19,0.17000000000000015,45.1,31.58,1.4281190626979101,26.23,151.26,103.9,94.5,False
2026-01-23T15:34:50Z,2026-01-23T10:34:50-05:00,2026-01-28 22:00 UTC,2026-01-28T17:00-05:00,Brasileirao,1.251814747,35069022,Internacional v Athletico-PR,DRAW,58805,SEL_58805,3.3,7.98,3.6,26.02,0.30000000000000027,22.1,41.32,0.5348499515972894,16.6,151.26,103.9,94.5,False
2026-01-23T15:34:50Z,2026-01-23T10:34:50-05:00,2026-01-28 22:00 UTC,2026-01-28T17:00-05:00,Brasileirao,1.251814747,35069022,Internacional v Athletico-PR,AWAY,36860494,SEL_36860494,4.3,13.68,4.9,22.7,0.6000000000000005,37.53,33.73,1.1126593536910763,85.12,151.26,103.9,94.5,False
2026-01-23T15:34:50Z,2026-01-23T10:34:50-05:00,2026-01-28 22:30 UTC,2026-01-28T17:30-05:00,Brasileirao,1.251815395,35068958,Fluminense v Gremio,HOME,198133,SEL_198133,1.85,4.49,1.89,9.88,0.039999999999999813,116.83,99.22999999999999,1.1773657160133026,14.97,154.46,101.2,97.8,False
2026-01-23T15:34:50Z,2026-01-23T10:34:50-05:00,2026-01-28 22:30 UTC,2026-01-28T17:30-05:00,Brasileirao,1.251815395,35068958,Fluminense v Gremio,AWAY,198134,SEL_198134,5.3,3.52,5.7,3.85,0.40000000000000036,40.71,9.6,4.2406250000000005,114.4,154.46,101.2,97.8,False
2026-01-23T15:34:50Z,2026-01-23T10:34:50-05:00,2026-01-28 22:30 UTC,2026-01-28T17:30-05:00,Brasileirao,1.251815395,35068958,Fluminense v Gremio,DRAW,58805,SEL_58805,3.55,5.62,3.65,44.57,0.10000000000000009,14.62,55.2,0.2648550724637681,1.29,154.46,101.2,97.8,False
2026-01-23T15:34:50Z,2026-01-23T10:34:50-05:00,2026-01-28 23:00 UTC,2026-01-28T18:00-05:00,Brasileirao,1.251820158,35069722,Chapecoense v Santos,DRAW,58805,SEL_58805,3.2,5.62,3.5,3.79,0.2999999999999998,25.98,7.9,3.2886075949367086,1.16,61.94,102.5,95.8,False
2026-01-23T15:34:50Z,2026-01-23T10:34:50-05:00,2026-01-28 23:00 UTC,2026-01-28T18:00-05:00,Brasileirao,1.251820158,35069722,Chapecoense v Santos,HOME,2909511,SEL_2909511,3.35,5.62,3.6,21.35,0.25,25.1,30.610000000000003,0.8199934661875203,1.07,61.94,102.5,95.8,False
2026-01-23T15:34:50Z,2026-01-23T10:34:50-05:00,2026-01-28 23:00 UTC,2026-01-28T18:00-05:00,Brasileirao,1.251820158,35069722,Chapecoense v Santos,AWAY,198127,SEL_198127,2.42,5.49,2.54,5.62,0.1200000000000001,60.18,32.88,1.8302919708029195,50.17,61.94,102.5,95.8,False
2026-01-23T15:34:50Z,2026-01-23T10:34:50-05:00,2026-01-28 23:00 UTC,2026-01-28T18:00-05:00,Brasileirao,1.251815287,35068960,Corinthians v Bahia,HOME,198136,SEL_198136,1.11,5.62,2.62,2.88,1.51,18.11,3.86,4.691709844559585,17.6,30.62,151.7,38.4,False
2026-01-23T15:34:50Z,2026-01-23T10:34:50-05:00,2026-01-28 23:00 UTC,2026-01-28T18:00-05:00,Brasileirao,1.251815287,35068960,Corinthians v Bahia,DRAW,58805,SEL_58805,3.2,2.36,950.0,3.63,946.8,9.18,4.109999999999999,2.2335766423357666,,30.62,151.7,38.4,False
2026-01-23T15:34:50Z,2026-01-23T10:34:50-05:00,2026-01-28 23:00 UTC,2026-01-28T18:00-05:00,Brasileirao,1.251815287,35068960,Corinthians v Bahia,AWAY,198139,SEL_198139,3.3,2.36,980.0,1.41,976.7,8.6,1.47,5.850340136054422,8.3,30.62,151.7,38.4,False
2026-01-23T15:34:50Z,2026-01-23T10:34:50-05:00,2026-01-28 23:00 UTC,2026-01-28T18:00-05:00,Brasileirao,1.251814963,35069005,Mirassol v Vasco Da Gama,HOME,2760854,SEL_2760854,1.86,2.36,1.88,12.18,0.019999999999999796,202.94,25.98,7.81139337952271,85.58,248.87,101.1,98.0,False
2026-01-23T15:34:50Z,2026-01-23T10:34:50-05:00,2026-01-28 23:00 UTC,2026-01-28T18:00-05:00,Brasileirao,1.251814963,35069005,Mirassol v Vasco Da Gama,DRAW,58805,SEL_58805,3.85,4.49,4.1,30.04,0.24999999999999956,54.6,66.95,0.8155339805825242,25.04,248.87,101.1,98.0,False
2026-01-23T15:34:50Z,2026-01-23T10:34:50-05:00,2026-01-28 23:00 UTC,2026-01-28T18:00-05:00,Brasileirao,1.251814963,35069005,Mirassol v Vasco Da Gama,AWAY,198124,SEL_198124,4.7,5.62,4.9,23.35,0.20000000000000018,17.42,31.110000000000003,0.5599485695917711,99.9,248.87,101.1,98.0,False
2026-01-23T15:34:50Z,2026-01-23T10:34:50-05:00,2026-01-29 00:30 UTC,2026-01-28T19:30-05:00,Brasileirao,1.251815179,35068964,Sao Paulo v Flamengo,DRAW,58805,SEL_58805,3.65,6.57,3.75,6.6,0.10000000000000009,80.46,113.01,0.7119723918237323,2.86,166.92,102.4,98.1,False
2026-01-23T15:34:50Z,2026-01-23T10:34:50-05:00,2026-01-29 00:30 UTC,2026-01-28T19:30-05:00,Brasileirao,1.251815179,35068964,Sao Paulo v Flamengo,AWAY,198138,SEL_198138,2.0,53.49,2.08,5.62,0.08000000000000007,198.73,185.17,1.0732300048603987,53.33,166.92,102.4,98.1,False
2026-01-23T15:34:50Z,2026-01-23T10:34:50-05:00,2026-01-29 00:30 UTC,2026-01-28T19:30-05:00,Brasileirao,1.251815179,35068964,Sao Paulo v Flamengo,HOME,198126,SEL_198126,4.0,78.81,4.3,7.27,0.2999999999999998,87.39,77.9,1.1218228498074454,85.01,166.92,102.4,98.1,False
2026-01-23T15:34:50Z,2026-01-23T10:34:50-05:00,2026-01-30 00:30 UTC,2026-01-29T19:30-05:00,Brasileirao,1.251820375,35069717,Botafogo FR v Cruzeiro MG,DRAW,58805,SEL_58805,3.35,14.27,3.65,9.86,0.2999999999999998,24.55,39.81,0.6166792263250439,34.02,147.82,102.9,96.6,False
2026-01-23T15:34:50Z,2026-01-23T10:34:50-05:00,2026-01-30 00:30 UTC,2026-01-29T19:30-05:00,Brasileirao,1.251820375,35069717,Botafogo FR v Cruzeiro MG,AWAY,10901767,SEL_10901767,3.0,1.29,3.2,23.38,0.20000000000000018,19.16,32.16,0.595771144278607,83.1,147.82,102.9,96.6,False
2026-01-23T15:34:50Z,2026-01-23T10:34:50-05:00,2026-01-30 00:30 UTC,2026-01-29T19:30-05:00,Brasileirao,1.251820375,35069717,Botafogo FR v Cruzeiro MG,HOME,11302836,SEL_11302836,2.52,5.62,2.64,6.57,0.1200000000000001,16.099999999999998,41.38,0.38907684871918796,7.92,147.82,102.9,96.6,False
2026-01-23T15:47:44Z,2026-01-23T10:47:44-05:00,2026-01-30 00:30 UTC,2026-01-29T19:30-05:00,Brasileirao,1.251820375,35069717,Botafogo FR v Cruzeiro MG,DRAW,58805,SEL_58805,3.35,14.27,3.6,6.74,0.25,24.55,16.43,1.4942178940961657,34.02,147.82,102.9,97.0,False
2026-01-23T15:47:44Z,2026-01-23T10:47:44-05:00,2026-01-30 00:30 UTC,2026-01-29T19:30-05:00,Brasileirao,1.251820375,35069717,Botafogo FR v Cruzeiro MG,AWAY,10901767,SEL_10901767,3.0,1.29,3.2,23.38,0.20000000000000018,23.81,32.16,0.740360696517413,83.1,147.82,102.9,97.0,False
2026-01-23T15:47:44Z,2026-01-23T10:47:44-05:00,2026-01-30 00:30 UTC,2026-01-29T19:30-05:00,Brasileirao,1.251820375,35069717,Botafogo FR v Cruzeiro MG,HOME,11302836,SEL_11302836,2.52,5.62,2.64,6.57,0.1200000000000001,16.099999999999998,41.38,0.38907684871918796,7.92,147.82,102.9,97.0,False
2026-01-23T15:50:43Z,2026-01-23T10:50:43-05:00,2026-01-28 23:00 UTC,2026-01-28T18:00-05:00,Brasileirao,1.251814963,35069005,Mirassol v Vasco Da Gama,HOME,2760854,SEL_2760854,1.86,2.36,1.88,5.62,0.019999999999999796,202.94,19.42,10.45005149330587,85.58,248.87,101.1,98.0,False
2026-01-23T15:50:43Z,2026-01-23T10:50:43-05:00,2026-01-28 23:00 UTC,2026-01-28T18:00-05:00,Brasileirao,1.251814963,35069005,Mirassol v Vasco Da Gama,DRAW,58805,SEL_58805,3.85,4.49,4.1,30.04,0.24999999999999956,51.31,60.04,0.8545969353764158,25.04,248.87,101.1,98.0,False
2026-01-23T15:50:43Z,2026-01-23T10:50:43-05:00,2026-01-28 23:00 UTC,2026-01-28T18:00-05:00,Brasileirao,1.251814963,35069005,Mirassol v Vasco Da Gama,AWAY,198124,SEL_198124,4.7,5.62,4.9,23.35,0.20000000000000018,44.290000000000006,31.110000000000003,1.4236579877852782,99.9,248.87,101.1,98.0,False
2026-01-23T15:50:44Z,2026-01-23T10:50:44-05:00,2026-01-28 22:00 UTC,2026-01-28T17:00-05:00,Brasileirao,1.251815071,35068990,Atletico MG v SE Palmeiras,DRAW,58805,SEL_58805,3.45,5.62,3.6,18.51,0.1499999999999999,34.98,25.990000000000002,1.3459022701038859,8.94,54.89,102.6,98.0,False
2026-01-23T15:50:44Z,2026-01-23T10:50:44-05:00,2026-01-28 22:00 UTC,2026-01-28T17:00-05:00,Brasileirao,1.251815071,35068990,Atletico MG v SE Palmeiras,HOME,361329,SEL_361329,2.9,11.24,3.1,5.62,0.20000000000000018,51.98,36.68,1.4171210468920392,9.79,54.89,102.6,98.0,False
2026-01-23T15:50:44Z,2026-01-23T10:50:44-05:00,2026-01-28 22:00 UTC,2026-01-28T17:00-05:00,Brasileirao,1.251815071,35068990,Atletico MG v SE Palmeiras,AWAY,22498185,SEL_22498185,2.56,4.49,2.64,12.35,0.08000000000000007,39.370000000000005,40.54,0.9711396151948694,27.7,54.89,102.6,98.0,False
2026-01-23T15:50:44Z,2026-01-23T10:50:44-05:00,2026-01-30 00:30 UTC,2026-01-29T19:30-05:00,Brasileirao,1.251820375,35069717,Botafogo FR v Cruzeiro MG,DRAW,58805,SEL_58805,3.35,14.27,3.6,6.74,0.25,24.55,33.8,0.7263313609467457,34.02,147.82,103.6,96.1,False
2026-01-23T15:50:44Z,2026-01-23T10:50:44-05:00,2026-01-30 00:30 UTC,2026-01-29T19:30-05:00,Brasileirao,1.251820375,35069717,Botafogo FR v Cruzeiro MG,AWAY,10901767,SEL_10901767,2.94,1.31,3.2,23.38,0.26000000000000023,19.18,32.16,0.5963930348258707,83.1,147.82,103.6,96.1,False
2026-01-23T15:50:44Z,2026-01-23T10:50:44-05:00,2026-01-30 00:30 UTC,2026-01-29T19:30-05:00,Brasileirao,1.251820375,35069717,Botafogo FR v Cruzeiro MG,HOME,11302836,SEL_11302836,2.52,5.62,2.7,28.96,0.18000000000000016,9.53,45.95,0.20739934711643088,7.92,147.82,103.6,96.1,False
2026-01-23T15:50:44Z,2026-01-23T10:50:44-05:00,2026-01-28 22:30 UTC,2026-01-28T17:30-05:00,Brasileirao,1.251815395,35068958,Fluminense v Gremio,HOME,198133,SEL_198133,1.85,4.49,1.89,9.88,0.039999999999999813,127.28999999999999,104.81,1.2144833508253028,14.97,154.4,101.2,97.8,False
2026-01-23T15:50:44Z,2026-01-23T10:50:44-05:00,2026-01-28 22:30 UTC,2026-01-28T17:30-05:00,Brasileirao,1.251815395,35068958,Fluminense v Gremio,AWAY,198134,SEL_198134,5.3,3.52,5.7,3.85,0.40000000000000036,40.7,7.02,5.797720797720799,114.35,154.4,101.2,97.8,False
2026-01-23T15:50:44Z,2026-01-23T10:50:44-05:00,2026-01-28 22:30 UTC,2026-01-28T17:30-05:00,Brasileirao,1.251815395,35068958,Fluminense v Gremio,DRAW,58805,SEL_58805,3.55,5.62,3.65,44.57,0.10000000000000009,10.379999999999999,52.44,0.19794050343249428,1.29,154.4,101.2,97.8,False
2026-01-23T15:50:44Z,2026-01-23T10:50:44-05:00,2026-01-29 00:30 UTC,2026-01-28T19:30-05:00,Brasileirao,1.251815179,35068964,Sao Paulo v Flamengo,DRAW,58805,SEL_58805,3.6,5.62,3.8,80.53,0.19999999999999973,76.27000000000001,158.06,0.48253827660382137,2.86,166.81,102.8,97.7,False
2026-01-23T15:50:44Z,2026-01-23T10:50:44-05:00,2026-01-29 00:30 UTC,2026-01-28T19:30-05:00,Brasileirao,1.251815179,35068964,Sao Paulo v Flamengo,AWAY,198138,SEL_198138,2.0,53.44,2.08,5.62,0.08000000000000007,198.73,173.85999999999999,1.143046129069366,53.3,166.81,102.8,97.7,False
2026-01-23T15:50:44Z,2026-01-23T10:50:44-05:00,2026-01-29 00:30 UTC,2026-01-28T19:30-05:00,Brasileirao,1.251815179,35068964,Sao Paulo v Flamengo,HOME,198126,SEL_198126,4.0,78.81,4.3,7.27,0.2999999999999998,92.17,72.57000000000001,1.270084056772771,84.95,166.81,102.8,97.7,False
2026-01-23T15:53:44Z,2026-01-23T10:53:44-05:00,2026-01-28 22:30 UTC,2026-01-28T17:30-05:00,Brasileirao,1.251815395,35068958,Fluminense v Gremio,HOME,198133,SEL_198133,1.85,4.49,1.89,9.88,0.039999999999999813,119.72999999999999,104.75999999999999,1.142898052691867,14.97,154.4,101.2,97.8,False
2026-01-23T15:53:44Z,2026-01-23T10:53:44-05:00,2026-01-28 22:30 UTC,2026-01-28T17:30-05:00,Brasileirao,1.251815395,35068958,Fluminense v Gremio,AWAY,198134,SEL_198134,5.3,3.52,5.7,1.45,0.40000000000000036,40.7,9.04,4.5022123893805315,114.35,154.4,101.2,97.8,False
2026-01-23T15:53:44Z,2026-01-23T10:53:44-05:00,2026-01-28 22:30 UTC,2026-01-28T17:30-05:00,Brasileirao,1.251815395,35068958,Fluminense v Gremio,DRAW,58805,SEL_58805,3.55,5.62,3.65,44.57,0.10000000000000009,61.269999999999996,52.44,1.1683829138062547,1.29,154.4,101.2,97.8,False
2026-01-23T15:56:44Z,2026-01-23T10:56:44-05:00,2026-01-28 23:00 UTC,2026-01-28T18:00-05:00,Brasileirao,1.251814963,35069005,Mirassol v Vasco Da Gama,HOME,2760854,SEL_2760854,1.86,2.36,1.89,6.28,0.029999999999999805,202.94,21.17,9.586206896551722,85.58,248.87,101.8,97.7,False
2026-01-23T15:56:44Z,2026-01-23T10:56:44-05:00,2026-01-28 23:00 UTC,2026-01-28T18:00-05:00,Brasileirao,1.251814963,35069005,Mirassol v Vasco Da Gama,DRAW,58805,SEL_58805,3.8,6.86,4.1,30.04,0.2999999999999998,51.71,65.84,0.7853888213851762,25.04,248.87,101.8,97.7,False
2026-01-23T15:56:44Z,2026-01-23T10:56:44-05:00,2026-01-28 23:00 UTC,2026-01-28T18:00-05:00,Brasileirao,1.251814963,35069005,Mirassol v Vasco Da Gama,AWAY,198124,SEL_198124,4.6,6.25,4.9,23.35,0.3000000000000007,50.830000000000005,32.65,1.5568147013782545,99.9,248.87,101.8,97.7,False
2026-01-23T15:56:44Z,2026-01-23T10:56:44-05:00,2026-01-28 22:30 UTC,2026-01-28T17:30-05:00,Brasileirao,1.251815395,35068958,Fluminense v Gremio,HOME,198133,SEL_198133,1.85,4.49,1.89,9.88,0.039999999999999813,194.6,104.75999999999999,1.8575792287132495,14.97,154.4,101.2,97.8,False
2026-01-23T15:56:44Z,2026-01-23T10:56:44-05:00,2026-01-28 22:30 UTC,2026-01-28T17:30-05:00,Brasileirao,1.251815395,35068958,Fluminense v Gremio,AWAY,198134,SEL_198134,5.3,3.52,5.7,1.45,0.40000000000000036,40.7,68.89,0.5907969226302802,114.35,154.4,101.2,97.8,False
2026-01-23T15:56:44Z,2026-01-23T10:56:44-05:00,2026-01-28 22:30 UTC,2026-01-28T17:30-05:00,Brasileirao,1.251815395,35068958,Fluminense v Gremio,DRAW,58805,SEL_58805,3.55,5.62,3.65,44.57,0.10000000000000009,61.269999999999996,52.44,1.1683829138062547,1.29,154.4,101.2,97.8,False
2026-01-23T15:56:44Z,2026-01-23T10:56:44-05:00,2026-01-29 00:30 UTC,2026-01-28T19:30-05:00,Brasileirao,1.251815179,35068964,Sao Paulo v Flamengo,DRAW,58805,SEL_58805,3.6,9.4,3.75,10.21,0.1499999999999999,83.27000000000001,116.61,0.7140897007117744,2.86,166.81,102.8,98.1,False
2026-01-23T15:56:44Z,2026-01-23T10:56:44-05:00,2026-01-29 00:30 UTC,2026-01-28T19:30-05:00,Brasileirao,1.251815179,35068964,Sao Paulo v Flamengo,AWAY,198138,SEL_198138,2.0,53.44,2.08,5.62,0.08000000000000007,202.29999999999998,180.26999999999998,1.1222055805181117,53.3,166.81,102.8,98.1,False
2026-01-23T15:56:44Z,2026-01-23T10:56:44-05:00,2026-01-29 00:30 UTC,2026-01-28T19:30-05:00,Brasileirao,1.251815179,35068964,Sao Paulo v Flamengo,HOME,198126,SEL_198126,4.0,78.81,4.3,7.27,0.2999999999999998,87.39,75.6,1.155952380952381,84.95,166.81,102.8,98.1,False
2026-01-23T15:59:44Z,2026-01-23T10:59:44-05:00,2026-01-28 22:00 UTC,2026-01-28T17:00-05:00,Brasileirao,1.251814747,35069022,Internacional v Athletico-PR,HOME,198137,SEL_198137,1.99,7.98,2.14,8.8,0.15000000000000013,92.44,27.19,3.399779330636263,26.23,151.26,103.5,94.9,False
2026-01-23T15:59:44Z,2026-01-23T10:59:44-05:00,2026-01-28 22:00 UTC,2026-01-28T17:00-05:00,Brasileirao,1.251814747,35069022,Internacional v Athletico-PR,DRAW,58805,SEL_58805,3.35,5.62,3.6,26.02,0.25,18.21,41.34,0.44049346879535556,16.6,151.26,103.5,94.9,False
2026-01-23T15:59:44Z,2026-01-23T10:59:44-05:00,2026-01-28 22:00 UTC,2026-01-28T17:00-05:00,Brasileirao,1.251814747,35069022,Internacional v Athletico-PR,AWAY,36860494,SEL_36860494,4.3,13.68,4.9,22.7,0.6000000000000005,37.53,27.86,1.3470926058865758,85.12,151.26,103.5,94.9,False
2026-01-23T16:01:06Z,2026-01-23T11:01:06-05:00,2026-01-28 22:00 UTC,2026-01-28T17:00-05:00,Brasileirao,1.251815071,35068990,Atletico MG v SE Palmeiras,DRAW,58805,SEL_58805,3.45,5.62,3.6,18.51,0.1499999999999999,34.98,25.990000000000002,1.3459022701038859,8.94,54.89,102.6,98.0,False
2026-01-23T16:01:06Z,2026-01-23T11:01:06-05:00,2026-01-28 22:00 UTC,2026-01-28T17:00-05:00,Brasileirao,1.251815071,35068990,Atletico MG v SE Palmeiras,HOME,361329,SEL_361329,2.9,11.24,3.1,5.62,0.20000000000000018,51.98,36.68,1.4171210468920392,9.79,54.89,102.6,98.0,False
2026-01-23T16:01:06Z,2026-01-23T11:01:06-05:00,2026-01-28 22:00 UTC,2026-01-28T17:00-05:00,Brasileirao,1.251815071,35068990,Atletico MG v SE Palmeiras,AWAY,22498185,SEL_22498185,2.56,4.49,2.64,12.35,0.08000000000000007,39.370000000000005,40.54,0.9711396151948694,27.7,54.89,102.6,98.0,False
2026-01-23T16:01:06Z,2026-01-23T11:01:06-05:00,2026-01-28 22:00 UTC,2026-01-28T17:00-05:00,Brasileirao,1.251820266,35069721,Coritiba v Red Bull Bragantino,DRAW,58805,SEL_58805,3.2,2.36,3.4,89.71,0.19999999999999973,123.38,176.10999999999999,0.7005848617341435,3.36,54.73,103.0,95.0,False
2026-01-23T16:01:06Z,2026-01-23T11:01:06-05:00,2026-01-28 22:00 UTC,2026-01-28T17:00-05:00,Brasileirao,1.251820266,35069721,Coritiba v Red Bull Bragantino,HOME,198141,SEL_198141,2.32,156.79,2.5,3.03,0.18000000000000016,325.48,214.70000000000002,1.5159757801583604,1.39,54.73,103.0,95.0,False
2026-01-23T16:01:06Z,2026-01-23T11:01:06-05:00,2026-01-28 22:00 UTC,2026-01-28T17:00-05:00,Brasileirao,1.251820266,35069721,Coritiba v Red Bull Bragantino,AWAY,71387076,SEL_71387076,3.5,2.36,3.9,1.94,0.3999999999999999,185.41,86.85,2.1348301669545195,41.55,54.73,103.0,95.0,False
2026-01-23T16:01:06Z,2026-01-23T11:01:06-05:00,2026-01-28 22:00 UTC,2026-01-28T17:00-05:00,Brasileirao,1.251814855,35069015,EC Vitoria Salvador v Remo,HOME,5336581,SEL_5336581,1.76,2.36,1.81,68.67,0.050000000000000044,18.88,137.38,0.1374290289707381,61.21,74.42,102.2,96.8,False
2026-01-23T16:01:06Z,2026-01-23T11:01:06-05:00,2026-01-28 22:00 UTC,2026-01-28T17:00-05:00,Brasileirao,1.251814855,35069015,EC Vitoria Salvador v Remo,AWAY,376830,SEL_376830,5.8,20.01,6.4,20.56,0.6000000000000005,29.71,28.189999999999998,1.0539198297268537,1.74,74.42,102.2,96.8,False
2026-01-23T16:01:06Z,2026-01-23T11:01:06-05:00,2026-01-28 22:00 UTC,2026-01-28T17:00-05:00,Brasileirao,1.251814855,35069015,EC Vitoria Salvador v Remo,DRAW,58805,SEL_58805,3.55,42.25,3.85,5.62,0.30000000000000027,80.99000000000001,47.26,1.7137113838341094,,74.42,102.2,96.8,False
2026-01-23T16:01:06Z,2026-01-23T11:01:06-05:00,2026-01-28 22:00 UTC,2026-01-28T17:00-05:00,Brasileirao,1.251814747,35069022,Internacional v Athletico-PR,HOME,198137,SEL_198137,1.99,2.36,2.16,12.19,0.17000000000000015,45.1,31.58,1.4281190626979101,26.23,151.26,103.9,94.5,False
2026-01-23T16:01:06Z,2026-01-23T11:01:06-05:00,2026-01-28 22:00 UTC,2026-01-28T17:00-05:00,Brasileirao,1.251814747,35069022,Internacional v Athletico-PR,DRAW,58805,SEL_58805,3.3,7.98,3.6,26.02,0.30000000000000027,22.1,41.32,0.5348499515972894,16.6,151.26,103.9,94.5,False
2026-01-23T16:01:06Z,2026-01-23T11:01:06-05:00,2026-01-28 22:00 UTC,2026-01-28T17:00-05:00,Brasileirao,1.251814747,35069022,Internacional v Athletico-PR,AWAY,36860494,SEL_36860494,4.3,13.68,4.9,22.7,0.6000000000000005,37.53,33.73,1.1126593536910763,85.12,151.26,103.9,94.5,False
2026-01-23T16:01:06Z,2026-01-23T11:01:06-05:00,2026-01-28 22:30 UTC,2026-01-28T17:30-05:00,Brasileirao,1.251815395,35068958,Fluminense v Gremio,HOME,198133,SEL_198133,1.85,4.49,1.89,9.88,0.039999999999999813,194.6,104.75999999999999,1.8575792287132495,14.97,154.4,101.2,97.8,False
2026-01-23T16:01:06Z,2026-01-23T11:01:06-05:00,2026-01-28 22:30 UTC,2026-01-28T17:30-05:00,Brasileirao,1.251815395,35068958,Fluminense v Gremio,AWAY,198134,SEL_198134,5.3,3.52,5.7,1.45,0.40000000000000036,40.7,68.89,0.5907969226302802,114.35,154.4,101.2,97.8,False
2026-01-23T16:01:06Z,2026-01-23T11:01:06-05:00,2026-01-28 22:30 UTC,2026-01-28T17:30-05:00,Brasileirao,1.251815395,35068958,Fluminense v Gremio,DRAW,58805,SEL_58805,3.55,5.62,3.65,44.57,0.10000000000000009,61.269999999999996,52.44,1.1683829138062547,1.29,154.4,101.2,97.8,False
2026-01-23T16:01:06Z,2026-01-23T11:01:06-05:00,2026-01-28 23:00 UTC,2026-01-28T18:00-05:00,Brasileirao,1.251820158,35069722,Chapecoense v Santos,DRAW,58805,SEL_58805,3.2,5.62,3.5,3.79,0.2999999999999998,25.98,7.9,3.2886075949367086,1.16,61.94,102.5,95.8,False
2026-01-23T16:01:06Z,2026-01-23T11:01:06-05:00,2026-01-28 23:00 UTC,2026-01-28T18:00-05:00,Brasileirao,1.251820158,35069722,Chapecoense v Santos,HOME,2909511,SEL_2909511,3.35,5.62,3.6,21.35,0.25,25.1,30.610000000000003,0.8199934661875203,1.07,61.94,102.5,95.8,False
2026-01-23T16:01:06Z,2026-01-23T11:01:06-05:00,2026-01-28 23:00 UTC,2026-01-28T18:00-05:00,Brasileirao,1.251820158,35069722,Chapecoense v Santos,AWAY,198127,SEL_198127,2.42,5.49,2.54,5.62,0.1200000000000001,60.18,32.88,1.8302919708029195,50.17,61.94,102.5,95.8,False
2026-01-23T16:01:06Z,2026-01-23T11:01:06-05:00,2026-01-28 23:00 UTC,2026-01-28T18:00-05:00,Brasileirao,1.251815287,35068960,Corinthians v Bahia,HOME,198136,SEL_198136,1.11,5.62,2.62,2.88,1.51,18.11,3.86,4.691709844559585,17.6,30.62,151.7,38.4,False
2026-01-23T16:01:06Z,2026-01-23T11:01:06-05:00,2026-01-28 23:00 UTC,2026-01-28T18:00-05:00,Brasileirao,1.251815287,35068960,Corinthians v Bahia,DRAW,58805,SEL_58805,3.2,2.36,950.0,3.63,946.8,9.18,4.109999999999999,2.2335766423357666,,30.62,151.7,38.4,False
2026-01-23T16:01:06Z,2026-01-23T11:01:06-05:00,2026-01-28 23:00 UTC,2026-01-28T18:00-05:00,Brasileirao,1.251815287,35068960,Corinthians v Bahia,AWAY,198139,SEL_198139,3.3,2.36,980.0,1.41,976.7,8.6,1.47,5.850340136054422,8.3,30.62,151.7,38.4,False
2026-01-23T16:01:06Z,2026-01-23T11:01:06-05:00,2026-01-28 23:00 UTC,2026-01-28T18:00-05:00,Brasileirao,1.251814963,35069005,Mirassol v Vasco Da Gama,HOME,2760854,SEL_2760854,1.86,2.36,1.89,6.28,0.029999999999999805,202.94,21.17,9.586206896551722,85.58,248.87,101.8,97.7,False
2026-01-23T16:01:06Z,2026-01-23T11:01:06-05:00,2026-01-28 23:00 UTC,2026-01-28T18:00-05:00,Brasileirao,1.251814963,35069005,Mirassol v Vasco Da Gama,DRAW,58805,SEL_58805,3.8,6.86,4.1,30.04,0.2999999999999998,51.71,65.84,0.7853888213851762,25.04,248.87,101.8,97.7,False
2026-01-23T16:01:06Z,2026-01-23T11:01:06-05:00,2026-01-28 23:00 UTC,2026-01-28T18:00-05:00,Brasileirao,1.251814963,35069005,Mirassol v Vasco Da Gama,AWAY,198124,SEL_198124,4.6,6.25,4.9,23.35,0.3000000000000007,50.830000000000005,32.65,1.5568147013782545,99.9,248.87,101.8,97.7,False
2026-01-23T16:01:06Z,2026-01-23T11:01:06-05:00,2026-01-29 00:30 UTC,2026-01-28T19:30-05:00,Brasileirao,1.251815179,35068964,Sao Paulo v Flamengo,DRAW,58805,SEL_58805,3.6,9.4,3.75,10.21,0.1499999999999999,83.27000000000001,116.61,0.7140897007117744,2.86,166.81,102.8,98.1,False
2026-01-23T16:01:06Z,2026-01-23T11:01:06-05:00,2026-01-29 00:30 UTC,2026-01-28T19:30-05:00,Brasileirao,1.251815179,35068964,Sao Paulo v Flamengo,AWAY,198138,SEL_198138,2.0,53.44,2.08,5.62,0.08000000000000007,202.29999999999998,180.26999999999998,1.1222055805181117,53.3,166.81,102.8,98.1,False
2026-01-23T16:01:06Z,2026-01-23T11:01:06-05:00,2026-01-29 00:30 UTC,2026-01-28T19:30-05:00,Brasileirao,1.251815179,35068964,Sao Paulo v Flamengo,HOME,198126,SEL_198126,4.0,78.81,4.3,7.27,0.2999999999999998,87.39,75.6,1.155952380952381,84.95,166.81,102.8,98.1,False
2026-01-23T16:01:06Z,2026-01-23T11:01:06-05:00,2026-01-30 00:30 UTC,2026-01-29T19:30-05:00,Brasileirao,1.251820375,35069717,Botafogo FR v Cruzeiro MG,DRAW,58805,SEL_58805,3.35,14.27,3.6,6.74,0.25,24.55,33.8,0.7263313609467457,34.02,147.82,103.6,96.1,False
2026-01-23T16:01:06Z,2026-01-23T11:01:06-05:00,2026-01-30 00:30 UTC,2026-01-29T19:30-05:00,Brasileirao,1.251820375,35069717,Botafogo FR v Cruzeiro MG,AWAY,10901767,SEL_10901767,2.94,1.31,3.2,23.38,0.26000000000000023,19.18,32.16,0.5963930348258707,83.1,147.82,103.6,96.1,False
2026-01-23T16:01:06Z,2026-01-23T11:01:06-05:00,2026-01-30 00:30 UTC,2026-01-29T19:30-05:00,Brasileirao,1.251820375,35069717,Botafogo FR v Cruzeiro MG,HOME,11302836,SEL_11302836,2.52,5.62,2.7,28.96,0.18000000000000016,9.53,45.95,0.20739934711643088,7.92,147.82,103.6,96.1,False
2026-01-23T16:01:17Z,2026-01-23T11:01:17-05:00,2026-01-28 22:00 UTC,2026-01-28T17:00-05:00,Brasileirao,1.251814747,35069022,Internacional v Athletico-PR,HOME,198137,SEL_198137,1.99,7.98,2.14,8.8,0.15000000000000013,92.44,27.19,3.399779330636263,26.23,151.26,103.5,94.9,False
2026-01-23T16:01:17Z,2026-01-23T11:01:17-05:00,2026-01-28 22:00 UTC,2026-01-28T17:00-05:00,Brasileirao,1.251814747,35069022,Internacional v Athletico-PR,DRAW,58805,SEL_58805,3.35,5.62,3.6,26.02,0.25,18.21,41.34,0.44049346879535556,16.6,151.26,103.5,94.9,False
2026-01-23T16:01:17Z,2026-01-23T11:01:17-05:00,2026-01-28 22:00 UTC,2026-01-28T17:00-05:00,Brasileirao,1.251814747,35069022,Internacional v Athletico-PR,AWAY,36860494,SEL_36860494,4.3,13.68,4.9,22.7,0.6000000000000005,37.53,27.86,1.3470926058865758,85.12,151.26,103.5,94.9,False
2026-01-23T16:07:18Z,2026-01-23T11:07:18-05:00,2026-01-28 22:00 UTC,2026-01-28T17:00-05:00,Brasileirao,1.251815071,35068990,Atletico MG v SE Palmeiras,DRAW,58805,SEL_58805,3.4,9.37,3.6,18.51,0.20000000000000018,44.35,26.060000000000002,1.7018419033000767,8.94,54.88,102.7,98.0,False
2026-01-23T16:07:18Z,2026-01-23T11:07:18-05:00,2026-01-28 22:00 UTC,2026-01-28T17:00-05:00,Brasileirao,1.251815071,35068990,Atletico MG v SE Palmeiras,HOME,361329,SEL_361329,2.92,6.24,3.1,5.62,0.18000000000000016,52.599999999999994,34.15,1.5402635431918008,9.79,54.88,102.7,98.0,False
2026-01-23T16:07:18Z,2026-01-23T11:07:18-05:00,2026-01-28 22:00 UTC,2026-01-28T17:00-05:00,Brasileirao,1.251815071,35068990,Atletico MG v SE Palmeiras,AWAY,22498185,SEL_22498185,2.56,4.49,2.64,12.35,0.08000000000000007,39.370000000000005,40.13,0.9810615499626215,27.69,54.88,102.7,98.0,False
2026-01-23T16:10:18Z,2026-01-23T11:10:18-05:00,2026-01-28 22:00 UTC,2026-01-28T17:00-05:00,Brasileirao,1.251815071,35068990,Atletico MG v SE Palmeiras,DRAW,58805,SEL_58805,3.4,9.37,3.6,18.51,0.20000000000000018,44.35,26.060000000000002,1.7018419033000767,8.94,54.88,102.7,98.0,False
2026-01-23T16:10:18Z,2026-01-23T11:10:18-05:00,2026-01-28 22:00 UTC,2026-01-28T17:00-05:00,Brasileirao,1.251815071,35068990,Atletico MG v SE Palmeiras,HOME,361329,SEL_361329,2.92,26.86,3.1,5.62,0.18000000000000016,43.72,34.15,1.2802342606149342,9.79,54.88,102.7,98.0,False
2026-01-23T16:10:18Z,2026-01-23T11:10:18-05:00,2026-01-28 22:00 UTC,2026-01-28T17:00-05:00,Brasileirao,1.251815071,35068990,Atletico MG v SE Palmeiras,AWAY,22498185,SEL_22498185,2.56,4.49,2.64,12.35,0.08000000000000007,39.370000000000005,45.07,0.8735300643443533,27.69,54.88,102.7,98.0,False
2026-01-23T16:13:01Z,2026-01-23T11:13:01-05:00,2026-01-28 22:00 UTC,2026-01-28T17:00-05:00,Brasileirao,1.251815071,35068990,Atletico MG v SE Palmeiras,DRAW,58805,SEL_58805,3.4,9.37,3.6,18.51,0.20000000000000018,44.35,26.060000000000002,1.7018419033000767,8.94,54.88,102.7,98.0,False
2026-01-23T16:13:01Z,2026-01-23T11:13:01-05:00,2026-01-28 22:00 UTC,2026-01-28T17:00-05:00,Brasileirao,1.251815071,35068990,Atletico MG v SE Palmeiras,HOME,361329,SEL_361329,2.92,26.86,3.1,5.62,0.18000000000000016,43.72,34.15,1.2802342606149342,9.79,54.88,102.7,98.0,False
2026-01-23T16:13:01Z,2026-01-23T11:13:01-05:00,2026-01-28 22:00 UTC,2026-01-28T17:00-05:00,Brasileirao,1.251815071,35068990,Atletico MG v SE Palmeiras,AWAY,22498185,SEL_22498185,2.56,4.49,2.64,12.35,0.08000000000000007,39.370000000000005,45.07,0.8735300643443533,27.69,54.88,102.7,98.0,False
2026-01-23T16:13:01Z,2026-01-23T11:13:01-05:00,2026-01-28 22:00 UTC,2026-01-28T17:00-05:00,Brasileirao,1.251820266,35069721,Coritiba v Red Bull Bragantino,DRAW,58805,SEL_58805,3.2,2.36,3.4,89.71,0.19999999999999973,123.38,176.10999999999999,0.7005848617341435,3.36,54.73,103.0,95.0,False
2026-01-23T16:13:01Z,2026-01-23T11:13:01-05:00,2026-01-28 22:00 UTC,2026-01-28T17:00-05:00,Brasileirao,1.251820266,35069721,Coritiba v Red Bull Bragantino,HOME,198141,SEL_198141,2.32,156.79,2.5,3.03,0.18000000000000016,325.48,214.70000000000002,1.5159757801583604,1.39,54.73,103.0,95.0,False
2026-01-23T16:13:01Z,2026-01-23T11:13:01-05:00,2026-01-28 22:00 UTC,2026-01-28T17:00-05:00,Brasileirao,1.251820266,35069721,Coritiba v Red Bull Bragantino,AWAY,71387076,SEL_71387076,3.5,2.36,3.9,1.94,0.3999999999999999,185.41,86.85,2.1348301669545195,41.55,54.73,103.0,95.0,False
2026-01-23T16:13:01Z,2026-01-23T11:13:01-05:00,2026-01-28 22:00 UTC,2026-01-28T17:00-05:00,Brasileirao,1.251814855,35069015,EC Vitoria Salvador v Remo,HOME,5336581,SEL_5336581,1.76,2.36,1.81,68.67,0.050000000000000044,18.88,137.38,0.1374290289707381,61.21,74.42,102.2,96.8,False
2026-01-23T16:13:01Z,2026-01-23T11:13:01-05:00,2026-01-28 22:00 UTC,2026-01-28T17:00-05:00,Brasileirao,1.251814855,35069015,EC Vitoria Salvador v Remo,AWAY,376830,SEL_376830,5.8,20.01,6.4,20.56,0.6000000000000005,29.71,28.189999999999998,1.0539198297268537,1.74,74.42,102.2,96.8,False
2026-01-23T16:13:01Z,2026-01-23T11:13:01-05:00,2026-01-28 22:00 UTC,2026-01-28T17:00-05:00,Brasileirao,1.251814855,35069015,EC Vitoria Salvador v Remo,DRAW,58805,SEL_58805,3.55,42.25,3.85,5.62,0.30000000000000027,80.99000000000001,47.26,1.7137113838341094,,74.42,102.2,96.8,False
2026-01-23T16:13:01Z,2026-01-23T11:13:01-05:00,2026-01-28 22:00 UTC,2026-01-28T17:00-05:00,Brasileirao,1.251814747,35069022,Internacional v Athletico-PR,HOME,198137,SEL_198137,1.99,7.98,2.14,8.8,0.15000000000000013,92.44,27.19,3.399779330636263,26.23,151.26,103.5,94.9,False
2026-01-23T16:13:01Z,2026-01-23T11:13:01-05:00,2026-01-28 22:00 UTC,2026-01-28T17:00-05:00,Brasileirao,1.251814747,35069022,Internacional v Athletico-PR,DRAW,58805,SEL_58805,3.35,5.62,3.6,26.02,0.25,18.21,41.34,0.44049346879535556,16.6,151.26,103.5,94.9,False
2026-01-23T16:13:01Z,2026-01-23T11:13:01-05:00,2026-01-28 22:00 UTC,2026-01-28T17:00-05:00,Brasileirao,1.251814747,35069022,Internacional v Athletico-PR,AWAY,36860494,SEL_36860494,4.3,13.68,4.9,22.7,0.6000000000000005,37.53,27.86,1.3470926058865758,85.12,151.26,103.5,94.9,False
2026-01-23T16:13:01Z,2026-01-23T11:13:01-05:00,2026-01-28 22:30 UTC,2026-01-28T17:30-05:00,Brasileirao,1.251815395,35068958,Fluminense v Gremio,HOME,198133,SEL_198133,1.85,4.49,1.89,9.88,0.039999999999999813,194.6,104.75999999999999,1.8575792287132495,14.97,154.4,101.2,97.8,False
2026-01-23T16:13:01Z,2026-01-23T11:13:01-05:00,2026-01-28 22:30 UTC,2026-01-28T17:30-05:00,Brasileirao,1.251815395,35068958,Fluminense v Gremio,AWAY,198134,SEL_198134,5.3,3.52,5.7,1.45,0.40000000000000036,40.7,68.89,0.5907969226302802,114.35,154.4,101.2,97.8,False
2026-01-23T16:13:01Z,2026-01-23T11:13:01-05:00,2026-01-28 22:30 UTC,2026-01-28T17:30-05:00,Brasileirao,1.251815395,35068958,Fluminense v Gremio,DRAW,58805,SEL_58805,3.55,5.62,3.65,44.57,0.10000000000000009,61.269999999999996,52.44,1.1683829138062547,1.29,154.4,101.2,97.8,False
2026-01-23T16:13:01Z,2026-01-23T11:13:01-05:00,2026-01-28 23:00 UTC,2026-01-28T18:00-05:00,Brasileirao,1.251820158,35069722,Chapecoense v Santos,DRAW,58805,SEL_58805,3.2,5.62,3.5,3.79,0.2999999999999998,25.98,7.9,3.2886075949367086,1.16,61.94,102.5,95.8,False
2026-01-23T16:13:01Z,2026-01-23T11:13:01-05:00,2026-01-28 23:00 UTC,2026-01-28T18:00-05:00,Brasileirao,1.251820158,35069722,Chapecoense v Santos,HOME,2909511,SEL_2909511,3.35,5.62,3.6,21.35,0.25,25.1,30.610000000000003,0.8199934661875203,1.07,61.94,102.5,95.8,False
2026-01-23T16:13:01Z,2026-01-23T11:13:01-05:00,2026-01-28 23:00 UTC,2026-01-28T18:00-05:00,Brasileirao,1.251820158,35069722,Chapecoense v Santos,AWAY,198127,SEL_198127,2.42,5.49,2.54,5.62,0.1200000000000001,60.18,32.88,1.8302919708029195,50.17,61.94,102.5,95.8,False
2026-01-23T16:13:01Z,2026-01-23T11:13:01-05:00,2026-01-28 23:00 UTC,2026-01-28T18:00-05:00,Brasileirao,1.251815287,35068960,Corinthians v Bahia,HOME,198136,SEL_198136,1.11,5.62,2.62,2.88,1.51,18.11,3.86,4.691709844559585,17.6,30.62,151.7,38.4,False
2026-01-23T16:13:01Z,2026-01-23T11:13:01-05:00,2026-01-28 23:00 UTC,2026-01-28T18:00-05:00,Brasileirao,1.251815287,35068960,Corinthians v Bahia,DRAW,58805,SEL_58805,3.2,2.36,950.0,3.63,946.8,9.18,4.109999999999999,2.2335766423357666,,30.62,151.7,38.4,False
2026-01-23T16:13:01Z,2026-01-23T11:13:01-05:00,2026-01-28 23:00 UTC,2026-01-28T18:00-05:00,Brasileirao,1.251815287,35068960,Corinthians v Bahia,AWAY,198139,SEL_198139,3.3,2.36,980.0,1.41,976.7,8.6,1.47,5.850340136054422,8.3,30.62,151.7,38.4,False
2026-01-23T16:13:01Z,2026-01-23T11:13:01-05:00,2026-01-28 23:00 UTC,2026-01-28T18:00-05:00,Brasileirao,1.251814963,35069005,Mirassol v Vasco Da Gama,HOME,2760854,SEL_2760854,1.86,2.36,1.89,6.28,0.029999999999999805,202.94,21.17,9.586206896551722,85.58,248.87,101.8,97.7,False
2026-01-23T16:13:01Z,2026-01-23T11:13:01-05:00,2026-01-28 23:00 UTC,2026-01-28T18:00-05:00,Brasileirao,1.251814963,35069005,Mirassol v Vasco Da Gama,DRAW,58805,SEL_58805,3.8,6.86,4.1,30.04,0.2999999999999998,51.71,65.84,0.7853888213851762,25.04,248.87,101.8,97.7,False
2026-01-23T16:13:01Z,2026-01-23T11:13:01-05:00,2026-01-28 23:00 UTC,2026-01-28T18:00-05:00,Brasileirao,1.251814963,35069005,Mirassol v Vasco Da Gama,AWAY,198124,SEL_198124,4.6,6.25,4.9,23.35,0.3000000000000007,50.830000000000005,32.65,1.5568147013782545,99.9,248.87,101.8,97.7,False
2026-01-23T16:13:01Z,2026-01-23T11:13:01-05:00,2026-01-29 00:30 UTC,2026-01-28T19:30-05:00,Brasileirao,1.251815179,35068964,Sao Paulo v Flamengo,DRAW,58805,SEL_58805,3.6,9.4,3.75,10.21,0.1499999999999999,83.27000000000001,116.61,0.7140897007117744,2.86,166.81,102.8,98.1,False
2026-01-23T16:13:01Z,2026-01-23T11:13:01-05:00,2026-01-29 00:30 UTC,2026-01-28T19:30-05:00,Brasileirao,1.251815179,35068964,Sao Paulo v Flamengo,AWAY,198138,SEL_198138,2.0,53.44,2.08,5.62,0.08000000000000007,202.29999999999998,180.26999999999998,1.1222055805181117,53.3,166.81,102.8,98.1,False
2026-01-23T16:13:01Z,2026-01-23T11:13:01-05:00,2026-01-29 00:30 UTC,2026-01-28T19:30-05:00,Brasileirao,1.251815179,35068964,Sao Paulo v Flamengo,HOME,198126,SEL_198126,4.0,78.81,4.3,7.27,0.2999999999999998,87.39,75.6,1.155952380952381,84.95,166.81,102.8,98.1,False
2026-01-23T16:13:01Z,2026-01-23T11:13:01-05:00,2026-01-30 00:30 UTC,2026-01-29T19:30-05:00,Brasileirao,1.251820375,35069717,Botafogo FR v Cruzeiro MG,DRAW,58805,SEL_58805,3.35,14.27,3.6,6.74,0.25,24.55,33.8,0.7263313609467457,34.02,147.82,103.6,96.1,False
2026-01-23T16:13:01Z,2026-01-23T11:13:01-05:00,2026-01-30 00:30 UTC,2026-01-29T19:30-05:00,Brasileirao,1.251820375,35069717,Botafogo FR v Cruzeiro MG,AWAY,10901767,SEL_10901767,2.94,1.31,3.2,23.38,0.26000000000000023,19.18,32.16,0.5963930348258707,83.1,147.82,103.6,96.1,False
2026-01-23T16:13:01Z,2026-01-23T11:13:01-05:00,2026-01-30 00:30 UTC,2026-01-29T19:30-05:00,Brasileirao,1.251820375,35069717,Botafogo FR v Cruzeiro MG,HOME,11302836,SEL_11302836,2.52,5.62,2.7,28.96,0.18000000000000016,9.53,45.95,0.20739934711643088,7.92,147.82,103.6,96.1,False
2026-01-23T16:17:45Z,2026-01-23T11:17:45-05:00,2026-01-28 22:00 UTC,2026-01-28T17:00-05:00,Brasileirao,1.251814747,35069022,Internacional v Athletico-PR,HOME,198137,SEL_198137,1.99,7.98,2.14,8.8,0.15000000000000013,25.21,16.91,1.4908338261383798,26.23,151.13,103.5,94.9,False
2026-01-23T16:17:45Z,2026-01-23T11:17:45-05:00,2026-01-28 22:00 UTC,2026-01-28T17:00-05:00,Brasileirao,1.251814747,35069022,Internacional v Athletico-PR,DRAW,58805,SEL_58805,3.35,5.62,3.6,4.49,0.25,11.870000000000001,12.29,0.965825874694874,16.6,151.13,103.5,94.9,False
2026-01-23T16:17:45Z,2026-01-23T11:17:45-05:00,2026-01-28 22:00 UTC,2026-01-28T17:00-05:00,Brasileirao,1.251814747,35069022,Internacional v Athletico-PR,AWAY,36860494,SEL_36860494,4.3,6.73,4.9,5.62,0.6000000000000005,13.690000000000001,10.22,1.3395303326810177,85.01,151.13,103.5,94.9,False
2026-01-23T16:17:45Z,2026-01-23T11:17:45-05:00,2026-01-28 23:00 UTC,2026-01-28T18:00-05:00,Brasileirao,1.251820158,35069722,Chapecoense v Santos,DRAW,58805,SEL_58805,3.2,5.62,950.0,3.63,946.8,15.21,4.109999999999999,3.7007299270073,1.16,61.92,149.7,49.5,False
2026-01-23T16:17:45Z,2026-01-23T11:17:45-05:00,2026-01-28 23:00 UTC,2026-01-28T18:00-05:00,Brasileirao,1.251820158,35069722,Chapecoense v Santos,HOME,2909511,SEL_2909511,3.35,5.62,10.0,5.62,6.65,16.37,7.13,2.2959326788218797,1.07,61.92,149.7,49.5,False
2026-01-23T16:17:45Z,2026-01-23T11:17:45-05:00,2026-01-28 23:00 UTC,2026-01-28T18:00-05:00,Brasileirao,1.251820158,35069722,Chapecoense v Santos,AWAY,198127,SEL_198127,1.13,43.53,2.54,5.62,1.4100000000000001,54.010000000000005,15.25,3.5416393442622955,50.15,61.92,149.7,49.5,False
2026-01-23T16:17:45Z,2026-01-23T11:17:45-05:00,2026-01-30 00:30 UTC,2026-01-29T19:30-05:00,Brasileirao,1.251820375,35069717,Botafogo FR v Cruzeiro MG,DRAW,58805,SEL_58805,3.35,16.09,3.7,16.09,0.3500000000000001,26.35,43.55,0.6050516647531574,34.0,147.79,103.4,95.6,False
2026-01-23T16:17:45Z,2026-01-23T11:17:45-05:00,2026-01-30 00:30 UTC,2026-01-29T19:30-05:00,Brasileirao,1.251820375,35069717,Botafogo FR v Cruzeiro MG,AWAY,10901767,SEL_10901767,2.96,1.3,3.2,23.38,0.2400000000000002,19.17,32.62,0.5876762722256286,83.1,147.79,103.4,95.6,False
2026-01-23T16:17:45Z,2026-01-23T11:17:45-05:00,2026-01-30 00:30 UTC,2026-01-29T19:30-05:00,Brasileirao,1.251820375,35069717,Botafogo FR v Cruzeiro MG,HOME,11302836,SEL_11302836,2.52,6.23,2.68,6.23,0.16000000000000014,15.75,35.2,0.44744318181818177,7.92,147.79,103.4,95.6,False
2026-01-23T16:17:45Z,2026-01-23T11:17:45-05:00,2026-01-28 22:30 UTC,2026-01-28T17:30-05:00,Brasileirao,1.251815395,35068958,Fluminense v Gremio,HOME,198133,SEL_198133,1.87,5.62,1.96,8.63,0.08999999999999986,21.64,20.18,1.072348860257681,14.97,154.27,102.9,95.9,False
2026-01-23T16:17:45Z,2026-01-23T11:17:45-05:00,2026-01-28 22:30 UTC,2026-01-28T17:30-05:00,Brasileirao,1.251815395,35068958,Fluminense v Gremio,AWAY,198134,SEL_198134,4.9,2.4,5.6,2.4,0.6999999999999993,20.5,8.17,2.5091799265605874,114.24,154.27,102.9,95.9,False
2026-01-23T16:17:45Z,2026-01-23T11:17:45-05:00,2026-01-28 22:30 UTC,2026-01-28T17:30-05:00,Brasileirao,1.251815395,35068958,Fluminense v Gremio,DRAW,58805,SEL_58805,3.45,8.63,3.7,6.23,0.25,15.190000000000001,14.58,1.041838134430727,1.29,154.27,102.9,95.9,False
2026-01-23T16:17:45Z,2026-01-23T11:17:45-05:00,2026-01-29 00:30 UTC,2026-01-28T19:30-05:00,Brasileirao,1.251815179,35068964,Sao Paulo v Flamengo,DRAW,58805,SEL_58805,3.6,9.4,3.75,10.21,0.1499999999999999,18.38,22.060000000000002,0.8331822302810515,2.86,166.84,102.8,98.1,False
2026-01-23T16:17:45Z,2026-01-23T11:17:45-05:00,2026-01-29 00:30 UTC,2026-01-28T19:30-05:00,Brasileirao,1.251815179,35068964,Sao Paulo v Flamengo,AWAY,198138,SEL_198138,2.0,53.34,2.08,5.62,0.08000000000000007,68.46000000000001,70.97,0.9646329434972525,53.3,166.84,102.8,98.1,False
2026-01-23T16:17:45Z,2026-01-23T11:17:45-05:00,2026-01-29 00:30 UTC,2026-01-28T19:30-05:00,Brasileirao,1.251815179,35068964,Sao Paulo v Flamengo,HOME,198126,SEL_198126,4.0,6.23,4.3,7.27,0.2999999999999998,14.81,19.13,0.774176685833769,84.97,166.84,102.8,98.1,False
2026-01-23T16:20:45Z,2026-01-23T11:20:45-05:00,2026-01-28 22:00 UTC,2026-01-28T17:00-05:00,Brasileirao,1.251814747,35069022,Internacional v Athletico-PR,HOME,198137,SEL_198137,1.99,7.98,2.14,8.8,0.15000000000000013,91.66,107.3,0.8542404473438956,26.23,151.13,103.5,94.9,False
2026-01-23T16:20:45Z,2026-01-23T11:20:45-05:00,2026-01-28 22:00 UTC,2026-01-28T17:00-05:00,Brasileirao,1.251814747,35069022,Internacional v Athletico-PR,DRAW,58805,SEL_58805,3.35,5.62,3.6,25.61,0.25,31.21,48.03,0.649802206953987,16.6,151.13,103.5,94.9,False
2026-01-23T16:20:45Z,2026-01-23T11:20:45-05:00,2026-01-28 22:00 UTC,2026-01-28T17:00-05:00,Brasileirao,1.251814747,35069022,Internacional v Athletico-PR,AWAY,36860494,SEL_36860494,4.3,29.52,4.9,22.7,0.6000000000000005,73.13,27.86,2.6249102656137833,85.01,151.13,103.5,94.9,False
2026-01-23T16:20:45Z,2026-01-23T11:20:45-05:00,2026-01-28 22:30 UTC,2026-01-28T17:30-05:00,Brasileirao,1.251815395,35068958,Fluminense v Gremio,HOME,198133,SEL_198133,1.87,5.62,1.95,98.71,0.07999999999999985,19.240000000000002,128.06,0.1502420740277995,14.97,154.27,102.5,96.6,False
2026-01-23T16:20:45Z,2026-01-23T11:20:45-05:00,2026-01-28 22:30 UTC,2026-01-28T17:30-05:00,Brasileirao,1.251815395,35068958,Fluminense v Gremio,AWAY,198134,SEL_198134,5.0,59.11,5.6,2.4,0.5999999999999996,103.36,39.2,2.6367346938775507,114.24,154.27,102.5,96.6,False
2026-01-23T16:20:45Z,2026-01-23T11:20:45-05:00,2026-01-28 22:30 UTC,2026-01-28T17:30-05:00,Brasileirao,1.251815395,35068958,Fluminense v Gremio,DRAW,58805,SEL_58805,3.45,8.63,3.65,7.06,0.19999999999999973,70.66,66.14,1.0683398850922285,1.29,154.27,102.5,96.6,False
2026-01-23T16:20:45Z,2026-01-23T11:20:45-05:00,2026-01-29 00:30 UTC,2026-01-28T19:30-05:00,Brasileirao,1.251815179,35068964,Sao Paulo v Flamengo,DRAW,58805,SEL_58805,3.6,9.4,3.75,10.21,0.1499999999999999,88.7,111.46,0.7958011842813566,2.86,166.84,102.8,98.1,False
2026-01-23T16:20:45Z,2026-01-23T11:20:45-05:00,2026-01-29 00:30 UTC,2026-01-28T19:30-05:00,Brasileirao,1.251815179,35068964,Sao Paulo v Flamengo,AWAY,198138,SEL_198138,2.0,53.34,2.08,5.62,0.08000000000000007,202.23,180.09,1.1229385307346327,53.3,166.84,102.8,98.1,False
2026-01-23T16:20:45Z,2026-01-23T11:20:45-05:00,2026-01-29 00:30 UTC,2026-01-28T19:30-05:00,Brasileirao,1.251815179,35068964,Sao Paulo v Flamengo,HOME,198126,SEL_198126,4.0,85.04,4.3,7.27,0.2999999999999998,93.62,74.3,1.2600269179004038,84.97,166.84,102.8,98.1,False
2026-01-23T16:29:46Z,2026-01-23T11:29:46-05:00,2026-01-28 23:00 UTC,2026-01-28T18:00-05:00,Brasileirao,1.251814963,35069005,Mirassol v Vasco Da Gama,HOME,2760854,SEL_2760854,1.86,2.36,1.88,5.62,0.019999999999999796,202.94,21.0,9.663809523809524,85.56,248.87,101.1,98.0,False
2026-01-23T16:29:46Z,2026-01-23T11:29:46-05:00,2026-01-28 23:00 UTC,2026-01-28T18:00-05:00,Brasileirao,1.251814963,35069005,Mirassol v Vasco Da Gama,DRAW,58805,SEL_58805,3.85,4.49,4.1,30.04,0.24999999999999956,51.31,66.53,0.7712310235983767,25.04,248.87,101.1,98.0,False
2026-01-23T16:29:46Z,2026-01-23T11:29:46-05:00,2026-01-28 23:00 UTC,2026-01-28T18:00-05:00,Brasileirao,1.251814963,35069005,Mirassol v Vasco Da Gama,AWAY,198124,SEL_198124,4.7,5.62,4.9,23.35,0.20000000000000018,16.97,31.110000000000003,0.5454837672774027,99.92,248.87,101.1,98.0,False
2026-01-23T16:29:46Z,2026-01-23T11:29:46-05:00,2026-01-29 00:30 UTC,2026-01-28T19:30-05:00,Brasileirao,1.251815179,35068964,Sao Paulo v Flamengo,DRAW,58805,SEL_58805,3.6,15.01,3.75,15.83,0.1499999999999999,91.07000000000001,111.47,0.8169911186866422,2.86,166.84,102.8,98.1,False
2026-01-23T16:29:46Z,2026-01-23T11:29:46-05:00,2026-01-29 00:30 UTC,2026-01-28T19:30-05:00,Brasileirao,1.251815179,35068964,Sao Paulo v Flamengo,AWAY,198138,SEL_198138,2.0,53.34,2.08,5.62,0.08000000000000007,212.92,189.63000000000002,1.1228181194958602,53.3,166.84,102.8,98.1,False
2026-01-23T16:29:46Z,2026-01-23T11:29:46-05:00,2026-01-29 00:30 UTC,2026-01-28T19:30-05:00,Brasileirao,1.251815179,35068964,Sao Paulo v Flamengo,HOME,198126,SEL_198126,4.0,85.04,4.3,7.27,0.2999999999999998,93.62,78.78999999999999,1.1882218555654274,84.97,166.84,102.8,98.1,False
2026-01-23T16:32:45Z,2026-01-23T11:32:45-05:00,2026-01-28 22:00 UTC,2026-01-28T17:00-05:00,Brasileirao,1.251814747,35069022,Internacional v Athletico-PR,HOME,198137,SEL_198137,2.0,5.62,2.14,4.49,0.14000000000000012,9.42,51.31,0.18358994348080296,26.23,151.13,103.6,94.9,False
2026-01-23T16:32:45Z,2026-01-23T11:32:45-05:00,2026-01-28 22:00 UTC,2026-01-28T17:00-05:00,Brasileirao,1.251814747,35069022,Internacional v Athletico-PR,DRAW,58805,SEL_58805,3.3,7.98,3.6,25.61,0.30000000000000027,34.410000000000004,29.84,1.1531501340482575,16.6,151.13,103.6,94.9,False
2026-01-23T16:32:45Z,2026-01-23T11:32:45-05:00,2026-01-28 22:00 UTC,2026-01-28T17:00-05:00,Brasileirao,1.251814747,35069022,Internacional v Athletico-PR,AWAY,36860494,SEL_36860494,4.3,29.52,4.9,22.7,0.6000000000000005,56.64,28.13,2.0135087095627444,85.01,151.13,103.6,94.9,False
2026-01-23T16:32:46Z,2026-01-23T11:32:46-05:00,2026-01-28 23:00 UTC,2026-01-28T18:00-05:00,Brasileirao,1.251814963,35069005,Mirassol v Vasco Da Gama,HOME,2760854,SEL_2760854,1.86,2.36,1.88,5.62,0.019999999999999796,207.0,21.0,9.857142857142858,85.56,248.87,101.1,98.0,False
2026-01-23T16:32:46Z,2026-01-23T11:32:46-05:00,2026-01-28 23:00 UTC,2026-01-28T18:00-05:00,Brasileirao,1.251814963,35069005,Mirassol v Vasco Da Gama,DRAW,58805,SEL_58805,3.85,4.49,4.1,30.04,0.24999999999999956,51.31,66.53,0.7712310235983767,25.04,248.87,101.1,98.0,False
2026-01-23T16:32:46Z,2026-01-23T11:32:46-05:00,2026-01-28 23:00 UTC,2026-01-28T18:00-05:00,Brasileirao,1.251814963,35069005,Mirassol v Vasco Da Gama,AWAY,198124,SEL_198124,4.7,5.62,4.9,23.35,0.20000000000000018,16.97,31.16,0.5446084724005135,99.92,248.87,101.1,98.0,False
2026-01-23T16:35:46Z,2026-01-23T11:35:46-05:00,2026-01-28 22:00 UTC,2026-01-28T17:00-05:00,Brasileirao,1.251814747,35069022,Internacional v Athletico-PR,HOME,198137,SEL_198137,2.0,5.62,2.14,4.49,0.14000000000000012,43.65,51.31,0.8507113623075423,26.23,151.13,103.6,94.9,False
2026-01-23T16:35:46Z,2026-01-23T11:35:46-05:00,2026-01-28 22:00 UTC,2026-01-28T17:00-05:00,Brasileirao,1.251814747,35069022,Internacional v Athletico-PR,DRAW,58805,SEL_58805,3.3,7.98,3.6,25.61,0.30000000000000027,34.410000000000004,29.84,1.1531501340482575,16.6,151.13,103.6,94.9,False
2026-01-23T16:35:46Z,2026-01-23T11:35:46-05:00,2026-01-28 22:00 UTC,2026-01-28T17:00-05:00,Brasileirao,1.251814747,35069022,Internacional v Athletico-PR,AWAY,36860494,SEL_36860494,4.3,29.52,4.9,22.7,0.6000000000000005,56.64,27.77,2.0396110911055096,85.01,151.13,103.6,94.9,False
2026-01-23T16:35:46Z,2026-01-23T11:35:46-05:00,2026-01-28 23:00 UTC,2026-01-28T18:00-05:00,Brasileirao,1.251820158,35069722,Chapecoense v Santos,DRAW,58805,SEL_58805,3.1,2.36,950.0,3.63,946.9,53.86,4.109999999999999,13.10462287104623,1.16,61.92,155.3,36.4,False
2026-01-23T16:35:46Z,2026-01-23T11:35:46-05:00,2026-01-28 23:00 UTC,2026-01-28T18:00-05:00,Brasileirao,1.251820158,35069722,Chapecoense v Santos,HOME,2909511,SEL_2909511,3.2,2.36,980.0,1.38,976.8,12.18,1.5099999999999998,8.066225165562916,1.07,61.92,155.3,36.4,False
2026-01-23T16:35:46Z,2026-01-23T11:35:46-05:00,2026-01-28 23:00 UTC,2026-01-28T18:00-05:00,Brasileirao,1.251820158,35069722,Chapecoense v Santos,AWAY,198127,SEL_198127,1.09,4.2,2.76,2.66,1.6699999999999997,262.19,4.17,62.875299760191844,50.15,61.92,155.3,36.4,False
2026-01-23T16:35:46Z,2026-01-23T11:35:46-05:00,2026-01-28 23:00 UTC,2026-01-28T18:00-05:00,Brasileirao,1.251814963,35069005,Mirassol v Vasco Da Gama,HOME,2760854,SEL_2760854,1.86,2.36,1.88,5.62,0.019999999999999796,156.7,21.0,7.461904761904761,85.56,248.87,101.1,98.0,False
2026-01-23T16:35:46Z,2026-01-23T11:35:46-05:00,2026-01-28 23:00 UTC,2026-01-28T18:00-05:00,Brasileirao,1.251814963,35069005,Mirassol v Vasco Da Gama,DRAW,58805,SEL_58805,3.85,4.49,4.1,30.04,0.24999999999999956,51.31,41.97,1.2225399094591376,25.04,248.87,101.1,98.0,False
2026-01-23T16:35:46Z,2026-01-23T11:35:46-05:00,2026-01-28 23:00 UTC,2026-01-28T18:00-05:00,Brasileirao,1.251814963,35069005,Mirassol v Vasco Da Gama,AWAY,198124,SEL_198124,4.7,5.62,4.9,23.35,0.20000000000000018,16.97,32.89,0.5159622985709942,99.92,248.87,101.1,98.0,False
